-- MySQL dump 10.13  Distrib 5.5.43, for debian-linux-gnu (x86_64)
--
-- Host: localhost    Database: djangodb
-- ------------------------------------------------------
-- Server version	5.5.43-0ubuntu0.12.04.1

/*!40101 SET @OLD_CHARACTER_SET_CLIENT=@@CHARACTER_SET_CLIENT */;
/*!40101 SET @OLD_CHARACTER_SET_RESULTS=@@CHARACTER_SET_RESULTS */;
/*!40101 SET @OLD_COLLATION_CONNECTION=@@COLLATION_CONNECTION */;
/*!40101 SET NAMES utf8 */;
/*!40103 SET @OLD_TIME_ZONE=@@TIME_ZONE */;
/*!40103 SET TIME_ZONE='+00:00' */;
/*!40014 SET @OLD_UNIQUE_CHECKS=@@UNIQUE_CHECKS, UNIQUE_CHECKS=0 */;
/*!40014 SET @OLD_FOREIGN_KEY_CHECKS=@@FOREIGN_KEY_CHECKS, FOREIGN_KEY_CHECKS=0 */;
/*!40101 SET @OLD_SQL_MODE=@@SQL_MODE, SQL_MODE='NO_AUTO_VALUE_ON_ZERO' */;
/*!40111 SET @OLD_SQL_NOTES=@@SQL_NOTES, SQL_NOTES=0 */;

--
-- Table structure for table `alert_alert`
--

DROP TABLE IF EXISTS `alert_alert`;
/*!40101 SET @saved_cs_client     = @@character_set_client */;
/*!40101 SET character_set_client = utf8 */;
CREATE TABLE `alert_alert` (
  `id` int(11) NOT NULL AUTO_INCREMENT,
  `name` varchar(40) NOT NULL,
  `customer_id` int(11) NOT NULL,
  `owner_id` int(11) NOT NULL,
  `description` varchar(1000) NOT NULL,
  `interval` int(10) unsigned NOT NULL,
  `interval_scale` varchar(40) NOT NULL,
  `enable_alert` tinyint(1) NOT NULL,
  `enable_email` tinyint(1) NOT NULL,
  `enable_endpoint` tinyint(1) NOT NULL,
  `savedsearch_id` int(11),
  `last_triggered` datetime,
  `event_display` int(10) unsigned NOT NULL,
  PRIMARY KEY (`id`),
  UNIQUE KEY `alert_alert_customer_id_239d93895701ba2_uniq` (`customer_id`,`name`),
  KEY `alert_alert_edc991fc` (`customer_id`),
  KEY `alert_alert_5d52dd10` (`owner_id`),
  KEY `alert_alert_273ca50a` (`savedsearch_id`),
  CONSTRAINT `customer_id_refs_id_4f1dbb0964dd3653` FOREIGN KEY (`customer_id`) REFERENCES `customer_customer` (`id`),
  CONSTRAINT `owner_id_refs_id_1daf6313d7eec1a1` FOREIGN KEY (`owner_id`) REFERENCES `profile_profile` (`id`),
  CONSTRAINT `savedsearch_id_refs_id_74c70ba35e03153d` FOREIGN KEY (`savedsearch_id`) REFERENCES `savedsearch_savedsearch` (`id`)
) ENGINE=InnoDB AUTO_INCREMENT=7 DEFAULT CHARSET=latin1;
/*!40101 SET character_set_client = @saved_cs_client */;

--
-- Dumping data for table `alert_alert`
--

LOCK TABLES `alert_alert` WRITE;
/*!40000 ALTER TABLE `alert_alert` DISABLE KEYS */;
INSERT INTO `alert_alert` VALUES (1,'slackAlert',101,7,'slackAlert',5,'minutes',1,1,1,1,NULL,10),(2,'slackAlertNew',101,7,'slackAlertNew',5,'minutes',1,1,1,4,NULL,10),(3,'TestAlert',101,7,'test',5,'minutes',1,1,0,4,'0000-00-00 00:00:00',10),(6,'testaug',101,7,'',1,'minutes',1,1,0,4,'2015-08-06 15:23:01',10);
/*!40000 ALTER TABLE `alert_alert` ENABLE KEYS */;
UNLOCK TABLES;

--
-- Table structure for table `alert_alert_alert_endpoints`
--

DROP TABLE IF EXISTS `alert_alert_alert_endpoints`;
/*!40101 SET @saved_cs_client     = @@character_set_client */;
/*!40101 SET character_set_client = utf8 */;
CREATE TABLE `alert_alert_alert_endpoints` (
  `id` int(11) NOT NULL AUTO_INCREMENT,
  `alert_id` int(11) NOT NULL,
  `alertendpoint_id` int(11) NOT NULL,
  PRIMARY KEY (`id`),
  UNIQUE KEY `alert_alert_alert_endpoints_alert_id_76763dfc7a7e676b_uniq` (`alert_id`,`alertendpoint_id`),
  KEY `alert_alert_alert_endpoints_296fd947` (`alert_id`),
  KEY `alert_alert_alert_endpoints_856f70c4` (`alertendpoint_id`),
  CONSTRAINT `alertendpoint_id_refs_id_4650c335d9ccda1a` FOREIGN KEY (`alertendpoint_id`) REFERENCES `alert_alertendpoint` (`id`),
  CONSTRAINT `alert_id_refs_id_4e7637f03aa7397` FOREIGN KEY (`alert_id`) REFERENCES `alert_alert` (`id`)
) ENGINE=InnoDB AUTO_INCREMENT=4 DEFAULT CHARSET=latin1;
/*!40101 SET character_set_client = @saved_cs_client */;

--
-- Dumping data for table `alert_alert_alert_endpoints`
--

LOCK TABLES `alert_alert_alert_endpoints` WRITE;
/*!40000 ALTER TABLE `alert_alert_alert_endpoints` DISABLE KEYS */;
INSERT INTO `alert_alert_alert_endpoints` VALUES (3,2,91);
/*!40000 ALTER TABLE `alert_alert_alert_endpoints` ENABLE KEYS */;
UNLOCK TABLES;

--
-- Table structure for table `alert_alertemailprofile`
--

DROP TABLE IF EXISTS `alert_alertemailprofile`;
/*!40101 SET @saved_cs_client     = @@character_set_client */;
/*!40101 SET character_set_client = utf8 */;
CREATE TABLE `alert_alertemailprofile` (
  `id` int(11) NOT NULL AUTO_INCREMENT,
  `alert_id` int(11) NOT NULL,
  `profile_id` int(11) NOT NULL,
  PRIMARY KEY (`id`),
  KEY `alert_alertemailprofile_296fd947` (`alert_id`),
  KEY `alert_alertemailprofile_141c6eec` (`profile_id`),
  CONSTRAINT `alert_id_refs_id_6894360519819290` FOREIGN KEY (`alert_id`) REFERENCES `alert_alert` (`id`),
  CONSTRAINT `profile_id_refs_id_1c5877f81a22a3f8` FOREIGN KEY (`profile_id`) REFERENCES `profile_profile` (`id`)
) ENGINE=InnoDB AUTO_INCREMENT=9 DEFAULT CHARSET=latin1;
/*!40101 SET character_set_client = @saved_cs_client */;

--
-- Dumping data for table `alert_alertemailprofile`
--

LOCK TABLES `alert_alertemailprofile` WRITE;
/*!40000 ALTER TABLE `alert_alertemailprofile` DISABLE KEYS */;
INSERT INTO `alert_alertemailprofile` VALUES (1,1,7),(3,3,7),(5,6,7),(8,2,7);
/*!40000 ALTER TABLE `alert_alertemailprofile` ENABLE KEYS */;
UNLOCK TABLES;

--
-- Table structure for table `alert_alertendpoint`
--

DROP TABLE IF EXISTS `alert_alertendpoint`;
/*!40101 SET @saved_cs_client     = @@character_set_client */;
/*!40101 SET character_set_client = utf8 */;
CREATE TABLE `alert_alertendpoint` (
  `id` int(11) NOT NULL AUTO_INCREMENT,
  `name` varchar(40) NOT NULL,
  `customer_id` int(11) NOT NULL,
  `description` varchar(1000) NOT NULL,
  `endpoint_type` varchar(50) NOT NULL,
  `address` longtext NOT NULL,
  `http_method` varchar(50) NOT NULL,
  `hipchat_room_id` varchar(50),
  `hipchat_auth_token` varchar(50),
  `slack_auth_token` varchar(50),
  `slack_channel` varchar(50),
  `victorops_api_key` varchar(50),
  `victorops_routing_key` varchar(50),
  PRIMARY KEY (`id`),
  UNIQUE KEY `alert_alertendpoint_customer_id_11d530b77245ff8d_uniq` (`customer_id`,`name`),
  KEY `alert_alertendpoint_edc991fc` (`customer_id`),
  CONSTRAINT `customer_id_refs_id_3307a42390ed64dc` FOREIGN KEY (`customer_id`) REFERENCES `customer_customer` (`id`)
) ENGINE=InnoDB AUTO_INCREMENT=97 DEFAULT CHARSET=latin1;
/*!40101 SET character_set_client = @saved_cs_client */;

--
-- Dumping data for table `alert_alertendpoint`
--

LOCK TABLES `alert_alertendpoint` WRITE;
/*!40000 ALTER TABLE `alert_alertendpoint` DISABLE KEYS */;
INSERT INTO `alert_alertendpoint` VALUES (91,'slack_integration',101,'Slack Integration','slack','https://slack.com/api/chat.postMessage?token=xoxp-4934576751-4934576753-5024257725-9ce520&channel=C04TGGYNH','POST',NULL,NULL,'xoxp-4934576751-4934576753-5024257725-9ce520','general','',''),(93,'victorops_integration',101,'VictorOps Integration','victorops','https://alert.victorops.com/integrations/generic/20131114/alert/3a2ad6ae-8178-44c4-8d97-f4387bce7bf6/test_ops','POST',NULL,NULL,NULL,NULL,'',''),(94,'SAsa',101,'sasas','victorops','https://alert.victorops.com/integrations/generic/20131114/alert/sasas/asas','POST',NULL,NULL,NULL,NULL,'sasas','asas'),(95,'sdsds',101,'dsdsd','pd','dsds','POST',NULL,NULL,NULL,NULL,NULL,NULL),(96,'slack_integration1',101,'slack_integration','slack','https://slack.com/api/chat.postMessage?token=xoxp-4934576751-4934576753-5024257725-9ce520&channel=C04TGGYNH','POST',NULL,NULL,'xoxp-4934576751-4934576753-5024257725-9ce520','general',NULL,NULL);
/*!40000 ALTER TABLE `alert_alertendpoint` ENABLE KEYS */;
UNLOCK TABLES;

--
-- Table structure for table `alert_alerttriggercondition`
--

DROP TABLE IF EXISTS `alert_alerttriggercondition`;
/*!40101 SET @saved_cs_client     = @@character_set_client */;
/*!40101 SET character_set_client = utf8 */;
CREATE TABLE `alert_alerttriggercondition` (
  `id` int(11) NOT NULL AUTO_INCREMENT,
  `window` int(10) unsigned NOT NULL,
  `value` double NOT NULL,
  `trigger_type` varchar(50) NOT NULL,
  `check` varchar(50) NOT NULL,
  `alert_id` int(11) NOT NULL,
  `uuid` varchar(36) NOT NULL,
  `window_interval` varchar(40) DEFAULT NULL,
  PRIMARY KEY (`id`),
  UNIQUE KEY `alert_alerttriggercondition_uuid_29461d65e0a08cb_uniq` (`uuid`),
  KEY `alert_alerttriggercondition_296fd947` (`alert_id`),
  CONSTRAINT `alert_id_refs_id_4698cb32b6ef2058` FOREIGN KEY (`alert_id`) REFERENCES `alert_alert` (`id`)
) ENGINE=InnoDB AUTO_INCREMENT=6 DEFAULT CHARSET=latin1;
/*!40101 SET character_set_client = @saved_cs_client */;

--
-- Dumping data for table `alert_alerttriggercondition`
--

LOCK TABLES `alert_alerttriggercondition` WRITE;
/*!40000 ALTER TABLE `alert_alerttriggercondition` DISABLE KEYS */;
INSERT INTO `alert_alerttriggercondition` VALUES (1,5,10,'count','gt',1,'a74f7ac2-2148-4611-b25c-b54f36ca9da9','minutes'),(2,5,10,'count','gt',2,'83eccd7f-137c-4115-96ca-a8c841975662','minutes'),(3,5,1,'count','gt',3,'04dec3d5-e025-43d8-8473-43247168c72b','minutes'),(5,1,1,'count','gt',6,'9c7a43d6-4420-4927-9327-4d0388f62320','minutes');
/*!40000 ALTER TABLE `alert_alerttriggercondition` ENABLE KEYS */;
UNLOCK TABLES;

--
-- Table structure for table `archive_s3archive`
--

DROP TABLE IF EXISTS `archive_s3archive`;
/*!40101 SET @saved_cs_client     = @@character_set_client */;
/*!40101 SET character_set_client = utf8 */;
CREATE TABLE `archive_s3archive` (
  `id` int(11) NOT NULL AUTO_INCREMENT,
  `customer_id` int(11) NOT NULL,
  `bucket_name` varchar(255) NOT NULL,
  `log_format` varchar(5) NOT NULL,
  PRIMARY KEY (`id`),
  UNIQUE KEY `bucket_name` (`bucket_name`),
  KEY `archive_s3archive_edc991fc` (`customer_id`),
  CONSTRAINT `customer_id_refs_id_4a3df2afc96c9fc1` FOREIGN KEY (`customer_id`) REFERENCES `customer_customer` (`id`)
) ENGINE=InnoDB DEFAULT CHARSET=latin1;
/*!40101 SET character_set_client = @saved_cs_client */;

--
-- Dumping data for table `archive_s3archive`
--

LOCK TABLES `archive_s3archive` WRITE;
/*!40000 ALTER TABLE `archive_s3archive` DISABLE KEYS */;
/*!40000 ALTER TABLE `archive_s3archive` ENABLE KEYS */;
UNLOCK TABLES;

--
-- Table structure for table `auth_group`
--

DROP TABLE IF EXISTS `auth_group`;
/*!40101 SET @saved_cs_client     = @@character_set_client */;
/*!40101 SET character_set_client = utf8 */;
CREATE TABLE `auth_group` (
  `id` int(11) NOT NULL AUTO_INCREMENT,
  `name` varchar(80) NOT NULL,
  PRIMARY KEY (`id`),
  UNIQUE KEY `name` (`name`)
) ENGINE=InnoDB AUTO_INCREMENT=6 DEFAULT CHARSET=latin1;
/*!40101 SET character_set_client = @saved_cs_client */;

--
-- Dumping data for table `auth_group`
--

LOCK TABLES `auth_group` WRITE;
/*!40000 ALTER TABLE `auth_group` DISABLE KEYS */;
INSERT INTO `auth_group` VALUES (1,'Admin'),(5,'Heroku'),(4,'Loggly'),(2,'Owner');
/*!40000 ALTER TABLE `auth_group` ENABLE KEYS */;
UNLOCK TABLES;

--
-- Table structure for table `auth_group_permissions`
--

DROP TABLE IF EXISTS `auth_group_permissions`;
/*!40101 SET @saved_cs_client     = @@character_set_client */;
/*!40101 SET character_set_client = utf8 */;
CREATE TABLE `auth_group_permissions` (
  `id` int(11) NOT NULL AUTO_INCREMENT,
  `group_id` int(11) NOT NULL,
  `permission_id` int(11) NOT NULL,
  PRIMARY KEY (`id`),
  UNIQUE KEY `group_id` (`group_id`,`permission_id`),
  KEY `auth_group_permissions_bda51c3c` (`group_id`),
  KEY `auth_group_permissions_1e014c8f` (`permission_id`),
  CONSTRAINT `group_id_refs_id_3cea63fe` FOREIGN KEY (`group_id`) REFERENCES `auth_group` (`id`),
  CONSTRAINT `permission_id_refs_id_a7792de1` FOREIGN KEY (`permission_id`) REFERENCES `auth_permission` (`id`)
) ENGINE=InnoDB AUTO_INCREMENT=778 DEFAULT CHARSET=latin1;
/*!40101 SET character_set_client = @saved_cs_client */;

--
-- Dumping data for table `auth_group_permissions`
--

LOCK TABLES `auth_group_permissions` WRITE;
/*!40000 ALTER TABLE `auth_group_permissions` DISABLE KEYS */;
INSERT INTO `auth_group_permissions` VALUES (766,1,5),(767,1,7),(768,1,8),(769,1,9),(770,1,77),(771,1,78),(774,2,79),(772,2,81),(773,2,82),(775,4,69),(777,5,67),(776,5,81);
/*!40000 ALTER TABLE `auth_group_permissions` ENABLE KEYS */;
UNLOCK TABLES;

--
-- Table structure for table `auth_message`
--

DROP TABLE IF EXISTS `auth_message`;
/*!40101 SET @saved_cs_client     = @@character_set_client */;
/*!40101 SET character_set_client = utf8 */;
CREATE TABLE `auth_message` (
  `id` int(11) NOT NULL AUTO_INCREMENT,
  `user_id` int(11) NOT NULL,
  `message` longtext NOT NULL,
  PRIMARY KEY (`id`),
  KEY `auth_message_fbfc09f1` (`user_id`),
  CONSTRAINT `user_id_refs_id_9af0b65a` FOREIGN KEY (`user_id`) REFERENCES `auth_user` (`id`)
) ENGINE=InnoDB DEFAULT CHARSET=latin1;
/*!40101 SET character_set_client = @saved_cs_client */;

--
-- Dumping data for table `auth_message`
--

LOCK TABLES `auth_message` WRITE;
/*!40000 ALTER TABLE `auth_message` DISABLE KEYS */;
/*!40000 ALTER TABLE `auth_message` ENABLE KEYS */;
UNLOCK TABLES;

--
-- Table structure for table `auth_permission`
--

DROP TABLE IF EXISTS `auth_permission`;
/*!40101 SET @saved_cs_client     = @@character_set_client */;
/*!40101 SET character_set_client = utf8 */;
CREATE TABLE `auth_permission` (
  `id` int(11) NOT NULL AUTO_INCREMENT,
  `name` varchar(50) NOT NULL,
  `content_type_id` int(11) NOT NULL,
  `codename` varchar(100) NOT NULL,
  PRIMARY KEY (`id`),
  UNIQUE KEY `content_type_id` (`content_type_id`,`codename`),
  KEY `auth_permission_e4470c6e` (`content_type_id`),
  CONSTRAINT `content_type_id_refs_id_728de91f` FOREIGN KEY (`content_type_id`) REFERENCES `django_content_type` (`id`)
) ENGINE=InnoDB AUTO_INCREMENT=155 DEFAULT CHARSET=latin1;
/*!40101 SET character_set_client = @saved_cs_client */;

--
-- Dumping data for table `auth_permission`
--

LOCK TABLES `auth_permission` WRITE;
/*!40000 ALTER TABLE `auth_permission` DISABLE KEYS */;
INSERT INTO `auth_permission` VALUES (1,'Can add permission',1,'add_permission'),(2,'Can change permission',1,'change_permission'),(3,'Can delete permission',1,'delete_permission'),(4,'Can add group',2,'add_group'),(5,'Can change group',2,'change_group'),(6,'Can delete group',2,'delete_group'),(7,'Can add user',3,'add_user'),(8,'Can change user',3,'change_user'),(9,'Can delete user',3,'delete_user'),(10,'Can add message',4,'add_message'),(11,'Can change message',4,'change_message'),(12,'Can delete message',4,'delete_message'),(13,'Can add content type',5,'add_contenttype'),(14,'Can change content type',5,'change_contenttype'),(15,'Can delete content type',5,'delete_contenttype'),(16,'Can add session',6,'add_session'),(17,'Can change session',6,'change_session'),(18,'Can delete session',6,'delete_session'),(19,'Can add site',7,'add_site'),(20,'Can change site',7,'change_site'),(21,'Can delete site',7,'delete_site'),(22,'Can add log entry',8,'add_logentry'),(23,'Can change log entry',8,'change_logentry'),(24,'Can delete log entry',8,'delete_logentry'),(25,'Can add migration history',9,'add_migrationhistory'),(26,'Can change migration history',9,'change_migrationhistory'),(27,'Can delete migration history',9,'delete_migrationhistory'),(28,'Can add Deployment',10,'add__deployment'),(29,'Can change Deployment',10,'change__deployment'),(30,'Can delete Deployment',10,'delete__deployment'),(31,'Can add _ master schema version',11,'add__masterschemaversion'),(32,'Can change _ master schema version',11,'change__masterschemaversion'),(33,'Can delete _ master schema version',11,'delete__masterschemaversion'),(34,'Can add Customer',12,'add__customer'),(35,'Can change Customer',12,'change__customer'),(36,'Can delete Customer',12,'delete__customer'),(37,'Can add provisioner setting',13,'add_provisionersetting'),(38,'Can change provisioner setting',13,'change_provisionersetting'),(39,'Can delete provisioner setting',13,'delete_provisionersetting'),(40,'Can add provisioner',14,'add_provisioner'),(41,'Can change provisioner',14,'change_provisioner'),(42,'Can delete provisioner',14,'delete_provisioner'),(43,'Can add customer',15,'add_customer'),(44,'Can change customer',15,'change_customer'),(45,'Can delete customer',15,'delete_customer'),(46,'Can add alert',16,'add_alert'),(47,'Can change alert',16,'change_alert'),(48,'Can delete alert',16,'delete_alert'),(49,'Can add alert endpoint',17,'add_alertendpoint'),(50,'Can change alert endpoint',17,'change_alertendpoint'),(51,'Can delete alert endpoint',17,'delete_alertendpoint'),(52,'Can add alert trigger condition',18,'add_alerttriggercondition'),(53,'Can change alert trigger condition',18,'change_alerttriggercondition'),(54,'Can delete alert trigger condition',18,'delete_alerttriggercondition'),(55,'Can add alert email profile',19,'add_alertemailprofile'),(56,'Can change alert email profile',19,'change_alertemailprofile'),(57,'Can delete alert email profile',19,'delete_alertemailprofile'),(58,'Can add aws ingestion',20,'add_awsingestion'),(59,'Can change aws ingestion',20,'change_awsingestion'),(60,'Can delete aws ingestion',20,'delete_awsingestion'),(61,'Can add feature',21,'add_feature'),(62,'Can change feature',21,'change_feature'),(63,'Can delete feature',21,'delete_feature'),(64,'Can add subscription',22,'add_subscription'),(65,'Can change subscription',22,'change_subscription'),(66,'Can delete subscription',22,'delete_subscription'),(67,'Manage external storage of logs',23,'archive'),(68,'Use an account with more than one input',23,'multi_input'),(69,'manage your own profile',23,'profile_manage'),(70,'',24,'add_device'),(71,'',24,'change_device'),(72,'',24,'delete_device'),(73,'',26,'add_claim'),(74,'',23,'input_device'),(75,'',23,'input_discover'),(76,'',23,'input_manage'),(77,'',23,'user_make_admin'),(78,'',23,'user_manage'),(79,'',23,'billing'),(80,'',23,'api'),(81,'',23,'customer_manage'),(82,'',23,'upgrade_account'),(83,'Can add aws ingestion',27,'add_aws_ingestion'),(84,'Can change aws ingestion',27,'change_aws_ingestion'),(85,'Can delete aws ingestion',27,'delete_aws_ingestion'),(86,'Can add notification',28,'add_notification'),(87,'Can change notification',28,'change_notification'),(88,'Can delete notification',28,'delete_notification'),(89,'Can add profile',29,'add_profile'),(90,'Can change profile',29,'change_profile'),(91,'Can delete profile',29,'delete_profile'),(92,'Can add receiver',30,'add_receiver'),(93,'Can change receiver',30,'change_receiver'),(94,'Can delete receiver',30,'delete_receiver'),(95,'Can add search context',31,'add_searchcontext'),(96,'Can change search context',31,'change_searchcontext'),(97,'Can delete search context',31,'delete_searchcontext'),(98,'Can add saved search',32,'add_savedsearch'),(99,'Can change saved search',32,'change_savedsearch'),(100,'Can delete saved search',32,'delete_savedsearch'),(101,'Can add trend data',33,'add_trenddata'),(102,'Can change trend data',33,'change_trenddata'),(103,'Can delete trend data',33,'delete_trenddata'),(104,'Can add saved trend',34,'add_savedtrend'),(105,'Can change saved trend',34,'change_savedtrend'),(106,'Can delete saved trend',34,'delete_savedtrend'),(107,'Can add loggly',23,'add_loggly'),(108,'Can change loggly',23,'change_loggly'),(109,'Can delete loggly',23,'delete_loggly'),(110,'Can add runtime flag',35,'add_runtimeflag'),(111,'Can change runtime flag',35,'change_runtimeflag'),(112,'Can delete runtime flag',35,'delete_runtimeflag'),(113,'Can add tab',36,'add_tab'),(114,'Can change tab',36,'change_tab'),(115,'Can delete tab',36,'delete_tab'),(116,'Can add dashboard ui state',37,'add_dashboarduistate'),(117,'Can change dashboard ui state',37,'change_dashboarduistate'),(118,'Can delete dashboard ui state',37,'delete_dashboarduistate'),(119,'Can add search ui state',38,'add_searchuistate'),(120,'Can change search ui state',38,'change_searchuistate'),(121,'Can delete search ui state',38,'delete_searchuistate'),(122,'Can add grid column',39,'add_gridcolumn'),(123,'Can change grid column',39,'change_gridcolumn'),(124,'Can delete grid column',39,'delete_gridcolumn'),(125,'Can add notification dismissal',40,'add_notificationdismissal'),(126,'Can change notification dismissal',40,'change_notificationdismissal'),(127,'Can delete notification dismissal',40,'delete_notificationdismissal'),(128,'Can add source group',41,'add_sourcegroup'),(129,'Can change source group',41,'change_sourcegroup'),(130,'Can delete source group',41,'delete_sourcegroup'),(131,'Can add access rule',42,'add_accessrule'),(132,'Can change access rule',42,'change_accessrule'),(133,'Can delete access rule',42,'delete_accessrule'),(134,'Can add field filter group',43,'add_fieldfiltergroup'),(135,'Can change field filter group',43,'change_fieldfiltergroup'),(136,'Can delete field filter group',43,'delete_fieldfiltergroup'),(137,'Can add field filter',44,'add_fieldfilter'),(138,'Can change field filter',44,'change_fieldfilter'),(139,'Can delete field filter',44,'delete_fieldfilter'),(140,'Can add field filter value',45,'add_fieldfiltervalue'),(141,'Can change field filter value',45,'change_fieldfiltervalue'),(142,'Can delete field filter value',45,'delete_fieldfiltervalue'),(143,'Can add numeric filter value',46,'add_numericfiltervalue'),(144,'Can change numeric filter value',46,'change_numericfiltervalue'),(145,'Can delete numeric filter value',46,'delete_numericfiltervalue'),(146,'Can add s3 archive',47,'add_s3archive'),(147,'Can change s3 archive',47,'change_s3archive'),(148,'Can delete s3 archive',47,'delete_s3archive'),(149,'Can add custom rule metadata',48,'add_customrulemetadata'),(150,'Can change custom rule metadata',48,'change_customrulemetadata'),(151,'Can delete custom rule metadata',48,'delete_customrulemetadata'),(152,'Can add search history',49,'add_searchhistory'),(153,'Can change search history',49,'change_searchhistory'),(154,'Can delete search history',49,'delete_searchhistory');
/*!40000 ALTER TABLE `auth_permission` ENABLE KEYS */;
UNLOCK TABLES;

--
-- Table structure for table `auth_user`
--

DROP TABLE IF EXISTS `auth_user`;
/*!40101 SET @saved_cs_client     = @@character_set_client */;
/*!40101 SET character_set_client = utf8 */;
CREATE TABLE `auth_user` (
  `id` int(11) NOT NULL AUTO_INCREMENT,
  `username` varchar(30) NOT NULL,
  `first_name` varchar(30) NOT NULL,
  `last_name` varchar(30) NOT NULL,
  `email` varchar(75) NOT NULL,
  `password` varchar(128) NOT NULL,
  `is_staff` tinyint(1) NOT NULL,
  `is_active` tinyint(1) NOT NULL,
  `is_superuser` tinyint(1) NOT NULL,
  `last_login` datetime NOT NULL,
  `date_joined` datetime NOT NULL,
  PRIMARY KEY (`id`),
  UNIQUE KEY `username` (`username`)
) ENGINE=InnoDB AUTO_INCREMENT=11 DEFAULT CHARSET=latin1;
/*!40101 SET character_set_client = @saved_cs_client */;

--
-- Dumping data for table `auth_user`
--

LOCK TABLES `auth_user` WRITE;
/*!40000 ALTER TABLE `auth_user` DISABLE KEYS */;
INSERT INTO `auth_user` VALUES (6,'api_api','','','support@loggly.com','sha1$3ba1e$6da1ec27656373b1f6048edb50abb249dc2cbeb6',0,1,0,'2010-05-06 15:04:39','2010-05-06 15:04:39'),(7,'internalapi_internalapi','','','support@loggly.com','sha1$9ea3d$8436dbac157f05e06ea7f8f80aa3a299ad6ba794',1,1,0,'2010-05-06 15:04:39','2010-05-06 15:04:39'),(8,'musikaarapi_musikaarapi','','','niyati@loggly.com','sha1$7e6ae$ab790c03169b4fcda8bb08c8708d178aec604423',1,1,0,'2010-05-06 15:04:39','2010-05-06 15:04:39'),(9,'psqprageet_prageet','','','prageet@psquickit.com','sha1$333ba$3025063c963c573931a45bff82163f884917e0a8',0,1,0,'2015-12-11 10:49:52','2015-05-15 18:47:10'),(10,'abc_test','PSQ','PSQ','psq@psq.com','sha1$f6ec3$48e37ad57d296bb0d648f723b6f595f8c8e9e066',0,1,0,'2015-12-02 12:58:16','2015-12-02 12:52:33');
/*!40000 ALTER TABLE `auth_user` ENABLE KEYS */;
UNLOCK TABLES;

--
-- Table structure for table `auth_user_groups`
--

DROP TABLE IF EXISTS `auth_user_groups`;
/*!40101 SET @saved_cs_client     = @@character_set_client */;
/*!40101 SET character_set_client = utf8 */;
CREATE TABLE `auth_user_groups` (
  `id` int(11) NOT NULL AUTO_INCREMENT,
  `user_id` int(11) NOT NULL,
  `group_id` int(11) NOT NULL,
  PRIMARY KEY (`id`),
  UNIQUE KEY `user_id` (`user_id`,`group_id`),
  KEY `auth_user_groups_fbfc09f1` (`user_id`),
  KEY `auth_user_groups_bda51c3c` (`group_id`),
  CONSTRAINT `group_id_refs_id_f0ee9890` FOREIGN KEY (`group_id`) REFERENCES `auth_group` (`id`),
  CONSTRAINT `user_id_refs_id_831107f1` FOREIGN KEY (`user_id`) REFERENCES `auth_user` (`id`)
) ENGINE=InnoDB AUTO_INCREMENT=196 DEFAULT CHARSET=latin1;
/*!40101 SET character_set_client = @saved_cs_client */;

--
-- Dumping data for table `auth_user_groups`
--

LOCK TABLES `auth_user_groups` WRITE;
/*!40000 ALTER TABLE `auth_user_groups` DISABLE KEYS */;
INSERT INTO `auth_user_groups` VALUES (190,6,4),(191,7,1),(192,8,1),(7,9,1),(8,9,2),(9,9,4),(193,10,1),(194,10,2),(195,10,4);
/*!40000 ALTER TABLE `auth_user_groups` ENABLE KEYS */;
UNLOCK TABLES;

--
-- Table structure for table `auth_user_user_permissions`
--

DROP TABLE IF EXISTS `auth_user_user_permissions`;
/*!40101 SET @saved_cs_client     = @@character_set_client */;
/*!40101 SET character_set_client = utf8 */;
CREATE TABLE `auth_user_user_permissions` (
  `id` int(11) NOT NULL AUTO_INCREMENT,
  `user_id` int(11) NOT NULL,
  `permission_id` int(11) NOT NULL,
  PRIMARY KEY (`id`),
  UNIQUE KEY `user_id` (`user_id`,`permission_id`),
  KEY `auth_user_user_permissions_fbfc09f1` (`user_id`),
  KEY `auth_user_user_permissions_1e014c8f` (`permission_id`),
  CONSTRAINT `permission_id_refs_id_67e79cb` FOREIGN KEY (`permission_id`) REFERENCES `auth_permission` (`id`),
  CONSTRAINT `user_id_refs_id_f2045483` FOREIGN KEY (`user_id`) REFERENCES `auth_user` (`id`)
) ENGINE=InnoDB AUTO_INCREMENT=64 DEFAULT CHARSET=latin1;
/*!40101 SET character_set_client = @saved_cs_client */;

--
-- Dumping data for table `auth_user_user_permissions`
--

LOCK TABLES `auth_user_user_permissions` WRITE;
/*!40000 ALTER TABLE `auth_user_user_permissions` DISABLE KEYS */;
INSERT INTO `auth_user_user_permissions` VALUES (63,6,80);
/*!40000 ALTER TABLE `auth_user_user_permissions` ENABLE KEYS */;
UNLOCK TABLES;

--
-- Table structure for table `auto_login_hash`
--

DROP TABLE IF EXISTS `auto_login_hash`;
/*!40101 SET @saved_cs_client     = @@character_set_client */;
/*!40101 SET character_set_client = utf8 */;
CREATE TABLE `auto_login_hash` (
  `cache_key` varchar(255) NOT NULL,
  `value` longtext NOT NULL,
  `expires` datetime NOT NULL,
  PRIMARY KEY (`cache_key`),
  KEY `auto_login_hash_expires` (`expires`)
) ENGINE=InnoDB DEFAULT CHARSET=latin1;
/*!40101 SET character_set_client = @saved_cs_client */;

--
-- Dumping data for table `auto_login_hash`
--

LOCK TABLES `auto_login_hash` WRITE;
/*!40000 ALTER TABLE `auto_login_hash` DISABLE KEYS */;
INSERT INTO `auto_login_hash` VALUES (':1:34195ee2094238586e6d7934e04190630944c568','gAKKAQou','2015-12-02 12:57:50'),(':1:a262d7a5aebd5c15133bbf73f9204c2af27ca0cc','gAKKAQku','2015-05-15 18:54:21');
/*!40000 ALTER TABLE `auto_login_hash` ENABLE KEYS */;
UNLOCK TABLES;

--
-- Table structure for table `aws_awsingestion`
--

DROP TABLE IF EXISTS `aws_awsingestion`;
/*!40101 SET @saved_cs_client     = @@character_set_client */;
/*!40101 SET character_set_client = utf8 */;
CREATE TABLE `aws_awsingestion` (
  `id` int(11) NOT NULL AUTO_INCREMENT,
  `customer_id` int(11) NOT NULL,
  `ingestion_location` varchar(255) NOT NULL,
  `ingestion_type` varchar(5) NOT NULL,
  `ingestion_prefix` varchar(1024) NOT NULL,
  `access_key_id` varchar(32) NOT NULL,
  `secret_access_key` varchar(100) NOT NULL,
  PRIMARY KEY (`id`),
  UNIQUE KEY `ingestion_location` (`ingestion_location`),
  KEY `aws_awsingestion_edc991fc` (`customer_id`),
  CONSTRAINT `customer_id_refs_id_58dec54b8e29b614` FOREIGN KEY (`customer_id`) REFERENCES `customer_customer` (`id`)
) ENGINE=InnoDB DEFAULT CHARSET=latin1;
/*!40101 SET character_set_client = @saved_cs_client */;

--
-- Dumping data for table `aws_awsingestion`
--

LOCK TABLES `aws_awsingestion` WRITE;
/*!40000 ALTER TABLE `aws_awsingestion` DISABLE KEYS */;
/*!40000 ALTER TABLE `aws_awsingestion` ENABLE KEYS */;
UNLOCK TABLES;

--
-- Table structure for table `billing_feature`
--

DROP TABLE IF EXISTS `billing_feature`;
/*!40101 SET @saved_cs_client     = @@character_set_client */;
/*!40101 SET character_set_client = utf8 */;
CREATE TABLE `billing_feature` (
  `id` int(11) NOT NULL AUTO_INCREMENT,
  `subscription_id` int(11) NOT NULL,
  `created` datetime NOT NULL,
  `name` varchar(50) NOT NULL,
  `value` int(11) DEFAULT NULL,
  `comment` longtext,
  PRIMARY KEY (`id`),
  UNIQUE KEY `billing_feature_subscription_id_345b9a3b3d145158_uniq` (`subscription_id`,`name`),
  KEY `billing_feature_104f5ac1` (`subscription_id`),
  CONSTRAINT `subscription_id_refs_id_279d55d1936e35cd` FOREIGN KEY (`subscription_id`) REFERENCES `billing_subscription` (`id`)
) ENGINE=InnoDB AUTO_INCREMENT=12 DEFAULT CHARSET=latin1;
/*!40101 SET character_set_client = @saved_cs_client */;

--
-- Dumping data for table `billing_feature`
--

LOCK TABLES `billing_feature` WRITE;
/*!40000 ALTER TABLE `billing_feature` DISABLE KEYS */;
INSERT INTO `billing_feature` VALUES (1,2,'2015-05-15 18:47:10','sourcelocking',1,NULL),(2,2,'2015-05-15 18:47:10','savedsearch',1,NULL),(3,2,'2015-05-15 18:47:10','alerts',1,NULL),(4,2,'2015-05-15 18:47:10','archive',1,NULL),(5,2,'2015-05-15 18:47:10','dashboards',1,NULL),(6,3,'2015-12-02 12:52:33','sourcelocking',1,NULL),(7,3,'2015-12-02 12:52:33','savedsearch',1,NULL),(8,3,'2015-12-02 12:52:33','alerts',1,NULL),(9,3,'2015-12-02 12:52:33','dashboards',1,NULL),(10,3,'2015-12-02 12:52:33','custom_parsing',1,NULL),(11,3,'2015-12-02 12:52:33','archive',1,NULL);
/*!40000 ALTER TABLE `billing_feature` ENABLE KEYS */;
UNLOCK TABLES;

--
-- Table structure for table `billing_subscription`
--

DROP TABLE IF EXISTS `billing_subscription`;
/*!40101 SET @saved_cs_client     = @@character_set_client */;
/*!40101 SET character_set_client = utf8 */;
CREATE TABLE `billing_subscription` (
  `id` int(11) NOT NULL AUTO_INCREMENT,
  `subscription_rate` decimal(9,2) NOT NULL,
  `created` datetime DEFAULT NULL,
  `customer_id` int(11) NOT NULL,
  `trial_expiration` datetime DEFAULT NULL,
  `retention_days` int(11) NOT NULL,
  `comment` longtext,
  `pricing_schedule` varchar(200) NOT NULL,
  `billing_period` varchar(50) NOT NULL,
  `tier_name` varchar(200) NOT NULL,
  `volume_bytes` bigint(20) NOT NULL,
  `billing_provider` varchar(200) NOT NULL,
  `canceled` tinyint(1) NOT NULL,
  PRIMARY KEY (`id`),
  KEY `customer_subscription_edc991fc` (`customer_id`),
  CONSTRAINT `customer_id_refs_id_2e3e15d04ae757c8` FOREIGN KEY (`customer_id`) REFERENCES `customer_customer` (`id`)
) ENGINE=InnoDB AUTO_INCREMENT=4 DEFAULT CHARSET=latin1;
/*!40101 SET character_set_client = @saved_cs_client */;

--
-- Dumping data for table `billing_subscription`
--

LOCK TABLES `billing_subscription` WRITE;
/*!40000 ALTER TABLE `billing_subscription` DISABLE KEYS */;
INSERT INTO `billing_subscription` VALUES (1,0.00,NULL,1,NULL,30,NULL,'','','',4096,'',0),(2,0.00,'2015-05-15 18:47:10',101,'2015-06-14 18:47:10',15,'Initial subscription','limit_sgu','monthly','Trial',-1,'noop',0),(3,0.00,'2015-12-02 12:52:33',102,'2016-01-01 12:52:33',15,'Initial subscription','limit_sgu','monthly','Trial',-1,'noop',0);
/*!40000 ALTER TABLE `billing_subscription` ENABLE KEYS */;
UNLOCK TABLES;

--
-- Table structure for table `customer_customer`
--

DROP TABLE IF EXISTS `customer_customer`;
/*!40101 SET @saved_cs_client     = @@character_set_client */;
/*!40101 SET character_set_client = utf8 */;
CREATE TABLE `customer_customer` (
  `id` int(11) NOT NULL AUTO_INCREMENT,
  `subdomain` varchar(30) NOT NULL,
  `name` varchar(100) NOT NULL,
  `created` datetime DEFAULT NULL,
  `provisioner_id` int(11),
  `affiliate_code` varchar(30),
  `sent_data` tinyint(1) NOT NULL,
  PRIMARY KEY (`id`),
  UNIQUE KEY `subdomain` (`subdomain`),
  KEY `customer_customer_a912d4c7` (`provisioner_id`),
  CONSTRAINT `provisioner_id_refs_id_78fff5a2a498723a` FOREIGN KEY (`provisioner_id`) REFERENCES `customer_provisioner` (`id`)
) ENGINE=InnoDB AUTO_INCREMENT=103 DEFAULT CHARSET=latin1;
/*!40101 SET character_set_client = @saved_cs_client */;

--
-- Dumping data for table `customer_customer`
--

LOCK TABLES `customer_customer` WRITE;
/*!40000 ALTER TABLE `customer_customer` DISABLE KEYS */;
INSERT INTO `customer_customer` VALUES (1,'loggly','Community',NULL,4,NULL,0),(100,'fetests','FrontendTester',NULL,4,NULL,0),(101,'psqprageet','psq','2015-05-15 18:47:10',1,'',1),(102,'abc','PSQ','2015-12-02 12:52:33',1,'',1);
/*!40000 ALTER TABLE `customer_customer` ENABLE KEYS */;
UNLOCK TABLES;

--
-- Table structure for table `customer_provisioner`
--

DROP TABLE IF EXISTS `customer_provisioner`;
/*!40101 SET @saved_cs_client     = @@character_set_client */;
/*!40101 SET character_set_client = utf8 */;
CREATE TABLE `customer_provisioner` (
  `id` int(11) NOT NULL AUTO_INCREMENT,
  `created_at` datetime DEFAULT NULL,
  `is_active` tinyint(1) NOT NULL,
  `name` varchar(30) NOT NULL,
  `description` longtext,
  `affiliate_code` varchar(30),
  `inputs` longtext NOT NULL,
  `ip_whitelist` longtext NOT NULL,
  `external_billing` tinyint(1) NOT NULL,
  PRIMARY KEY (`id`),
  UNIQUE KEY `name` (`name`),
  UNIQUE KEY `affiliate_code` (`affiliate_code`)
) ENGINE=InnoDB AUTO_INCREMENT=7 DEFAULT CHARSET=latin1;
/*!40101 SET character_set_client = @saved_cs_client */;

--
-- Dumping data for table `customer_provisioner`
--

LOCK TABLES `customer_provisioner` WRITE;
/*!40000 ALTER TABLE `customer_provisioner` DISABLE KEYS */;
INSERT INTO `customer_provisioner` VALUES (1,'2011-01-01 00:00:00',1,'Loggly','Provisioned by Loggly, Inc.','loggly','[[\"default\", \"HTTP\", \"Default input.\"]]','{}',0),(2,'2011-01-01 00:00:00',1,'Heroku','Provisioned by Heroku, Inc.','heroku','[[\"default\", \"syslogtcp\", \"\"]]','{}',1),(3,'2011-01-01 00:00:00',1,'Engine Yard','Provisioned by Engine Yard, Inc.','EngineYard','{}','{}',1),(4,'2011-01-01 00:00:00',1,'Loggly Manual Create','Provisioned by Loggly\'s Manual Create Dept.','loggly_manual_create','[[\"tcptest\", \"syslogtcp\", \"\"], [\"udptest\", \"syslogudp\", \"\"], [\"httptest\", \"HTTP\", \"\"]]','{}',1),(5,'2011-11-04 00:00:00',1,'CumuLogic','Signups via CumuLogic.','cumulogic','[[\"default\", \"HTTP\", \"Default input.\"]]','{}',0),(6,'2012-08-16 00:00:00',1,'Loggly Enterprise','Loggly Enterprise','logglyenterprise','[[\"default\", \"HTTP\", \"Default input.\"]]','{}',0);
/*!40000 ALTER TABLE `customer_provisioner` ENABLE KEYS */;
UNLOCK TABLES;

--
-- Table structure for table `customer_provisioner_groups`
--

DROP TABLE IF EXISTS `customer_provisioner_groups`;
/*!40101 SET @saved_cs_client     = @@character_set_client */;
/*!40101 SET character_set_client = utf8 */;
CREATE TABLE `customer_provisioner_groups` (
  `id` int(11) NOT NULL AUTO_INCREMENT,
  `provisioner_id` int(11) NOT NULL,
  `group_id` int(11) NOT NULL,
  PRIMARY KEY (`id`),
  UNIQUE KEY `customer_provisioner_group_provisioner_id_1129f4bf422ed464_uniq` (`provisioner_id`,`group_id`),
  KEY `customer_provisioner_groups_a912d4c7` (`provisioner_id`),
  KEY `customer_provisioner_groups_bda51c3c` (`group_id`),
  CONSTRAINT `group_id_refs_id_2a0f74a0706e4f44` FOREIGN KEY (`group_id`) REFERENCES `auth_group` (`id`),
  CONSTRAINT `provisioner_id_refs_id_ebf1ef42246cddd` FOREIGN KEY (`provisioner_id`) REFERENCES `customer_provisioner` (`id`)
) ENGINE=InnoDB AUTO_INCREMENT=1041 DEFAULT CHARSET=latin1;
/*!40101 SET character_set_client = @saved_cs_client */;

--
-- Dumping data for table `customer_provisioner_groups`
--

LOCK TABLES `customer_provisioner_groups` WRITE;
/*!40000 ALTER TABLE `customer_provisioner_groups` DISABLE KEYS */;
INSERT INTO `customer_provisioner_groups` VALUES (1025,1,1),(1026,1,2),(1027,1,4),(1028,2,5),(1029,3,1),(1030,3,2),(1031,3,4),(1032,4,1),(1033,4,2),(1034,4,4),(1035,5,1),(1036,5,2),(1037,5,4),(1038,6,1),(1039,6,2),(1040,6,4);
/*!40000 ALTER TABLE `customer_provisioner_groups` ENABLE KEYS */;
UNLOCK TABLES;

--
-- Table structure for table `customer_provisionersetting`
--

DROP TABLE IF EXISTS `customer_provisionersetting`;
/*!40101 SET @saved_cs_client     = @@character_set_client */;
/*!40101 SET character_set_client = utf8 */;
CREATE TABLE `customer_provisionersetting` (
  `id` int(11) NOT NULL AUTO_INCREMENT,
  `provisioner_id` int(11) DEFAULT NULL,
  `name` varchar(50) NOT NULL,
  `value` longtext,
  `description` longtext,
  PRIMARY KEY (`id`),
  UNIQUE KEY `customer_provisionersettin_provisioner_id_44008d0f37f2af51_uniq` (`provisioner_id`,`name`),
  KEY `customer_provisionersetting_a912d4c7` (`provisioner_id`),
  CONSTRAINT `provisioner_id_refs_id_5896e99e7ef19304` FOREIGN KEY (`provisioner_id`) REFERENCES `customer_provisioner` (`id`)
) ENGINE=InnoDB DEFAULT CHARSET=latin1;
/*!40101 SET character_set_client = @saved_cs_client */;

--
-- Dumping data for table `customer_provisionersetting`
--

LOCK TABLES `customer_provisionersetting` WRITE;
/*!40000 ALTER TABLE `customer_provisionersetting` DISABLE KEYS */;
/*!40000 ALTER TABLE `customer_provisionersetting` ENABLE KEYS */;
UNLOCK TABLES;

--
-- Table structure for table `django_admin_log`
--

DROP TABLE IF EXISTS `django_admin_log`;
/*!40101 SET @saved_cs_client     = @@character_set_client */;
/*!40101 SET character_set_client = utf8 */;
CREATE TABLE `django_admin_log` (
  `id` int(11) NOT NULL AUTO_INCREMENT,
  `action_time` datetime NOT NULL,
  `user_id` int(11) NOT NULL,
  `content_type_id` int(11) DEFAULT NULL,
  `object_id` longtext,
  `object_repr` varchar(200) NOT NULL,
  `action_flag` smallint(5) unsigned NOT NULL,
  `change_message` longtext NOT NULL,
  PRIMARY KEY (`id`),
  KEY `django_admin_log_fbfc09f1` (`user_id`),
  KEY `django_admin_log_e4470c6e` (`content_type_id`),
  CONSTRAINT `content_type_id_refs_id_288599e6` FOREIGN KEY (`content_type_id`) REFERENCES `django_content_type` (`id`),
  CONSTRAINT `user_id_refs_id_c8665aa` FOREIGN KEY (`user_id`) REFERENCES `auth_user` (`id`)
) ENGINE=InnoDB DEFAULT CHARSET=latin1;
/*!40101 SET character_set_client = @saved_cs_client */;

--
-- Dumping data for table `django_admin_log`
--

LOCK TABLES `django_admin_log` WRITE;
/*!40000 ALTER TABLE `django_admin_log` DISABLE KEYS */;
/*!40000 ALTER TABLE `django_admin_log` ENABLE KEYS */;
UNLOCK TABLES;

--
-- Table structure for table `django_content_type`
--

DROP TABLE IF EXISTS `django_content_type`;
/*!40101 SET @saved_cs_client     = @@character_set_client */;
/*!40101 SET character_set_client = utf8 */;
CREATE TABLE `django_content_type` (
  `id` int(11) NOT NULL AUTO_INCREMENT,
  `name` varchar(100) NOT NULL,
  `app_label` varchar(100) NOT NULL,
  `model` varchar(100) NOT NULL,
  PRIMARY KEY (`id`),
  UNIQUE KEY `app_label` (`app_label`,`model`)
) ENGINE=InnoDB AUTO_INCREMENT=50 DEFAULT CHARSET=latin1;
/*!40101 SET character_set_client = @saved_cs_client */;

--
-- Dumping data for table `django_content_type`
--

LOCK TABLES `django_content_type` WRITE;
/*!40000 ALTER TABLE `django_content_type` DISABLE KEYS */;
INSERT INTO `django_content_type` VALUES (1,'permission','auth','permission'),(2,'group','auth','group'),(3,'user','auth','user'),(4,'message','auth','message'),(5,'content type','contenttypes','contenttype'),(6,'session','sessions','session'),(7,'site','sites','site'),(8,'log entry','admin','logentry'),(9,'migration history','south','migrationhistory'),(10,'Deployment','masterdb','_deployment'),(11,'_ master schema version','masterdb','_masterschemaversion'),(12,'Customer','masterdb','_customer'),(13,'provisioner setting','customer','provisionersetting'),(14,'provisioner','customer','provisioner'),(15,'customer','customer','customer'),(16,'alert','alert','alert'),(17,'alert endpoint','alert','alertendpoint'),(18,'alert trigger condition','alert','alerttriggercondition'),(19,'alert email profile','alert','alertemailprofile'),(20,'aws ingestion','aws','awsingestion'),(21,'feature','billing','feature'),(22,'subscription','billing','subscription'),(23,'','loggly','loggly'),(24,'','device','device'),(25,'','input','input'),(26,'','device','claim'),(27,'','aws','aws ingestion'),(28,'','notifications','notification'),(29,'','profile','profile'),(30,'','receiver','receiver'),(31,'search context','savedsearch','searchcontext'),(32,'saved search','savedsearch','savedsearch'),(33,'trend data','savedsearch','trenddata'),(34,'saved trend','savedsearch','savedtrend'),(35,'runtime flag','loggly','runtimeflag'),(36,'tab','tabmanager','tab'),(37,'dashboard ui state','tabmanager','dashboarduistate'),(38,'search ui state','tabmanager','searchuistate'),(39,'grid column','tabmanager','gridcolumn'),(40,'notification dismissal','notifications','notificationdismissal'),(41,'source group','source','sourcegroup'),(42,'access rule','receiver','accessrule'),(43,'field filter group','fieldfilter','fieldfiltergroup'),(44,'field filter','fieldfilter','fieldfilter'),(45,'field filter value','fieldfilter','fieldfiltervalue'),(46,'numeric filter value','fieldfilter','numericfiltervalue'),(47,'s3 archive','archive','s3archive'),(48,'custom rule metadata','parser','customrulemetadata'),(49,'search history','savedsearch','searchhistory');
/*!40000 ALTER TABLE `django_content_type` ENABLE KEYS */;
UNLOCK TABLES;

--
-- Table structure for table `django_session`
--

DROP TABLE IF EXISTS `django_session`;
/*!40101 SET @saved_cs_client     = @@character_set_client */;
/*!40101 SET character_set_client = utf8 */;
CREATE TABLE `django_session` (
  `session_key` varchar(40) NOT NULL,
  `session_data` longtext NOT NULL,
  `expire_date` datetime NOT NULL,
  PRIMARY KEY (`session_key`),
  KEY `django_session_c25c2c28` (`expire_date`)
) ENGINE=InnoDB DEFAULT CHARSET=latin1;
/*!40101 SET character_set_client = @saved_cs_client */;

--
-- Dumping data for table `django_session`
--

LOCK TABLES `django_session` WRITE;
/*!40000 ALTER TABLE `django_session` DISABLE KEYS */;
INSERT INTO `django_session` VALUES ('016788f3e28daa103cd69c8b5ef6de1c','OWVlMTE5ODU0MWE5ZTQ0NTU2MjM3MDk0MjQ2YmE2OThlMzc2ZWRhMTqAAn1xAS4=\n','2015-07-16 11:05:53'),('021f1873eeac32595a495525b85216f0','OWVlMTE5ODU0MWE5ZTQ0NTU2MjM3MDk0MjQ2YmE2OThlMzc2ZWRhMTqAAn1xAS4=\n','2015-06-17 19:07:09'),('0680643c68265e4bcea4d15fa79cb1e0','MzZkNDZjMTI5Zjk2OTk1ZDJmM2QxYTgzMTQxNGU4NDdmNzliZGNlMTqAAn1xAShVE3Nob3dfbG9n\naW5fdHJhY2tlcnOIVQp0ZXN0Y29va2llVQZ3b3JrZWRVEl9hdXRoX3VzZXJfYmFja2VuZFUpZGph\nbmdvLmNvbnRyaWIuYXV0aC5iYWNrZW5kcy5Nb2RlbEJhY2tlbmRVDV9hdXRoX3VzZXJfaWSKAQp1\nLg==\n','2015-12-09 12:58:31'),('06e4dae0daae98f214e3b3878521c5f2','OWVlMTE5ODU0MWE5ZTQ0NTU2MjM3MDk0MjQ2YmE2OThlMzc2ZWRhMTqAAn1xAS4=\n','2015-12-16 10:49:48'),('09168654fef044a7ba67802179f89d29','ZmQ3Y2YwMTBkYmQ3MDU3NDIxZWQ0Nzk4YzcyNjkzZDhjNjkwNjc4YTqAAn1xAVUKdGVzdGNvb2tp\nZVUGd29ya2Vkcy4=\n','2015-08-31 07:55:07'),('0bef5865827331f732517b68c5155f8c','MDI4MzA3NTExODA1MjRiN2ZhY2RmY2VhZDIxYTBiNDA4ODQ3MGNmMjqAAn1xAShVCnRlc3Rjb29r\naWVVBndvcmtlZFUNX2F1dGhfdXNlcl9pZIoBCVUSX2F1dGhfdXNlcl9iYWNrZW5kVSlkamFuZ28u\nY29udHJpYi5hdXRoLmJhY2tlbmRzLk1vZGVsQmFja2VuZHUu\n','2015-09-18 10:51:24'),('0c36c468b5ade0f0b1fdf584d63b8f10','OWVlMTE5ODU0MWE5ZTQ0NTU2MjM3MDk0MjQ2YmE2OThlMzc2ZWRhMTqAAn1xAS4=\n','2015-12-04 07:57:24'),('0c98beb9a1e4a4b6a81155b90e45ae97','MDRjZjc0NjkwYjc2NmMxOGY0NzYzYzA4MTM2NDBkNTU3N2Q5ZmI1ZjqAAn1xAVUKdGVzdGNvb2tp\nZXECVQZ3b3JrZWRxA3Mu\n','2015-12-18 10:38:50'),('0fbf3ecf39ef67da457e1d4417d9156c','MDRjZjc0NjkwYjc2NmMxOGY0NzYzYzA4MTM2NDBkNTU3N2Q5ZmI1ZjqAAn1xAVUKdGVzdGNvb2tp\nZXECVQZ3b3JrZWRxA3Mu\n','2015-12-18 10:38:50'),('0fda8881de9a2208f515165ef23f784e','YTQ5MTY1ZDAyMzAwNTZiZmRmYWFiMzVkYTI1MDUxYWUxNWY0OTA1MDqAAn1xAShVE3Nob3dfbG9n\naW5fdHJhY2tlcnOIVQp0ZXN0Y29va2llVQZ3b3JrZWRVEl9hdXRoX3VzZXJfYmFja2VuZFUpZGph\nbmdvLmNvbnRyaWIuYXV0aC5iYWNrZW5kcy5Nb2RlbEJhY2tlbmRVDV9hdXRoX3VzZXJfaWSKAQl1\nLg==\n','2015-12-09 11:57:28'),('173c206f338178bc7369de8aa4a909fe','OWVlMTE5ODU0MWE5ZTQ0NTU2MjM3MDk0MjQ2YmE2OThlMzc2ZWRhMTqAAn1xAS4=\n','2015-12-04 11:00:39'),('1b4d271aa37bad5b23b1beaafca74c32','MDRjZjc0NjkwYjc2NmMxOGY0NzYzYzA4MTM2NDBkNTU3N2Q5ZmI1ZjqAAn1xAVUKdGVzdGNvb2tp\nZXECVQZ3b3JrZWRxA3Mu\n','2015-12-18 10:38:50'),('21ee2f8c127ecc284292a205d2d09e69','OWVlMTE5ODU0MWE5ZTQ0NTU2MjM3MDk0MjQ2YmE2OThlMzc2ZWRhMTqAAn1xAS4=\n','2015-12-15 13:01:01'),('22d980762bd5bbc18add9ae6667f1e94','ZmQ3Y2YwMTBkYmQ3MDU3NDIxZWQ0Nzk4YzcyNjkzZDhjNjkwNjc4YTqAAn1xAVUKdGVzdGNvb2tp\nZVUGd29ya2Vkcy4=\n','2015-08-25 11:01:33'),('2676ef89d1e21e72214ab8c07093998b','OWVlMTE5ODU0MWE5ZTQ0NTU2MjM3MDk0MjQ2YmE2OThlMzc2ZWRhMTqAAn1xAS4=\n','2015-07-16 10:40:55'),('2c9e4d96a906aa97f301735605a37e5e','NWJjNDYzOWMwZTk3YTliMjQxMmYwMmUwMDIwMzMwNDRhNDM1NzU4MzqAAn1xAShVCnRlc3Rjb29r\naWVVBndvcmtlZFUSX2F1dGhfdXNlcl9iYWNrZW5kVSlkamFuZ28uY29udHJpYi5hdXRoLmJhY2tl\nbmRzLk1vZGVsQmFja2VuZFUNX2F1dGhfdXNlcl9pZIoBCXUu\n','2015-06-24 06:04:13'),('2dd51672e7de5600831cea70b4eea6b1','OWVlMTE5ODU0MWE5ZTQ0NTU2MjM3MDk0MjQ2YmE2OThlMzc2ZWRhMTqAAn1xAS4=\n','2015-07-20 08:48:27'),('32297e0aab920adf389a9495cd16e714','NWJjNDYzOWMwZTk3YTliMjQxMmYwMmUwMDIwMzMwNDRhNDM1NzU4MzqAAn1xAShVCnRlc3Rjb29r\naWVVBndvcmtlZFUSX2F1dGhfdXNlcl9iYWNrZW5kVSlkamFuZ28uY29udHJpYi5hdXRoLmJhY2tl\nbmRzLk1vZGVsQmFja2VuZFUNX2F1dGhfdXNlcl9pZIoBCXUu\n','2015-09-22 13:28:55'),('322a9f5181b29198d04a0ba3e0fbbf49','OWVlMTE5ODU0MWE5ZTQ0NTU2MjM3MDk0MjQ2YmE2OThlMzc2ZWRhMTqAAn1xAS4=\n','2015-07-20 08:48:27'),('33de546cf1a3a75a67d5f74b09e8fd98','OWVlMTE5ODU0MWE5ZTQ0NTU2MjM3MDk0MjQ2YmE2OThlMzc2ZWRhMTqAAn1xAS4=\n','2015-12-09 13:02:09'),('3552f3b642d05840cff9a22a74552287','OWVlMTE5ODU0MWE5ZTQ0NTU2MjM3MDk0MjQ2YmE2OThlMzc2ZWRhMTqAAn1xAS4=\n','2015-12-18 10:38:50'),('360677017b142f6a2b61206a4f2bb850','OWVlMTE5ODU0MWE5ZTQ0NTU2MjM3MDk0MjQ2YmE2OThlMzc2ZWRhMTqAAn1xAS4=\n','2015-07-15 12:30:18'),('3b1e45d333fe8956fd8889599a25be1b','OWVlMTE5ODU0MWE5ZTQ0NTU2MjM3MDk0MjQ2YmE2OThlMzc2ZWRhMTqAAn1xAS4=\n','2015-07-16 11:17:54'),('3bf6cd975269209eb933830819d9f4f7','ZmQ3Y2YwMTBkYmQ3MDU3NDIxZWQ0Nzk4YzcyNjkzZDhjNjkwNjc4YTqAAn1xAVUKdGVzdGNvb2tp\nZVUGd29ya2Vkcy4=\n','2015-09-09 12:29:28'),('3c0b3d709d13cb13d9db0e76dcbd4751','NTJiYjJiOTZkNDRhNmE5ZjhjZjFmMWJjYjlmNTRjMWFiNmQwNTI4YzqAAn1xAShVCnRlc3Rjb29r\naWVVBndvcmtlZFUTc2hvd19sb2dpbl90cmFja2Vyc4hVDV9hdXRoX3VzZXJfaWSKAQlVEl9hdXRo\nX3VzZXJfYmFja2VuZFUpZGphbmdvLmNvbnRyaWIuYXV0aC5iYWNrZW5kcy5Nb2RlbEJhY2tlbmRV\nFHNlZW5fc3VnZ2VzdF9wYXltZW50Y2RhdGV0aW1lCmRhdGV0aW1lCnECVQoH3wYIAyElAPEchVJx\nA3Uu\n','2015-06-15 03:34:47'),('3e2f534d57b726dd630b1f34fc115342','OWVlMTE5ODU0MWE5ZTQ0NTU2MjM3MDk0MjQ2YmE2OThlMzc2ZWRhMTqAAn1xAS4=\n','2015-07-16 11:02:44'),('3f66e485dc1e250e9d2f2349acc49b92','YmEzYmVhMTNhNGZjYjFjZDU1NzlmNzVhMTBiZTM0YmMxZWJiYzY0MzqAAn1xAShVCnRlc3Rjb29r\naWVVBndvcmtlZFUNX2F1dGhfdXNlcl9pZIoBCVUSX2F1dGhfdXNlcl9iYWNrZW5kVSlkamFuZ28u\nY29udHJpYi5hdXRoLmJhY2tlbmRzLk1vZGVsQmFja2VuZFUUc2Vlbl9zdWdnZXN0X3BheW1lbnRj\nZGF0ZXRpbWUKZGF0ZXRpbWUKcQJVCgffBgwFHBAJKjqFUnEDdS4=\n','2015-06-19 05:51:47'),('40c467d09133d68137d8eccc5f76bfa2','OWVlMTE5ODU0MWE5ZTQ0NTU2MjM3MDk0MjQ2YmE2OThlMzc2ZWRhMTqAAn1xAS4=\n','2015-12-04 07:57:47'),('416f50d3992efcbab4351efad0b4311a','NDZhZTE0OGM0NTRiNTBkMWEyY2RjZTAyM2FlMWJmNTFhZDUzMjA1OTqAAn1xAShVCnRlc3Rjb29r\naWVVBndvcmtlZFUTc2hvd19sb2dpbl90cmFja2Vyc4hVDV9hdXRoX3VzZXJfaWSKAQlVEl9hdXRo\nX3VzZXJfYmFja2VuZFUpZGphbmdvLmNvbnRyaWIuYXV0aC5iYWNrZW5kcy5Nb2RlbEJhY2tlbmRV\nFHNlZW5fc3VnZ2VzdF9wYXltZW50Y2RhdGV0aW1lCmRhdGV0aW1lCnECVQoH3wYFBBIaBKpxhVJx\nA3Uu\n','2015-06-12 04:18:48'),('4363646584d3283b28e7cb9ad35e5d6c','OWVlMTE5ODU0MWE5ZTQ0NTU2MjM3MDk0MjQ2YmE2OThlMzc2ZWRhMTqAAn1xAS4=\n','2015-07-16 11:05:11'),('4383ec79599d8282238fc6bea790caf5','MDI4MzA3NTExODA1MjRiN2ZhY2RmY2VhZDIxYTBiNDA4ODQ3MGNmMjqAAn1xAShVCnRlc3Rjb29r\naWVVBndvcmtlZFUNX2F1dGhfdXNlcl9pZIoBCVUSX2F1dGhfdXNlcl9iYWNrZW5kVSlkamFuZ28u\nY29udHJpYi5hdXRoLmJhY2tlbmRzLk1vZGVsQmFja2VuZHUu\n','2015-05-28 17:32:23'),('43b4272467ffb2565cf10fe4a6a65ed9','OWVlMTE5ODU0MWE5ZTQ0NTU2MjM3MDk0MjQ2YmE2OThlMzc2ZWRhMTqAAn1xAS4=\n','2015-07-20 08:48:27'),('47b605b998e688e127f2d3796a57a1c8','OWVlMTE5ODU0MWE5ZTQ0NTU2MjM3MDk0MjQ2YmE2OThlMzc2ZWRhMTqAAn1xAS4=\n','2015-07-16 11:04:40'),('482d6ee4453531038aca0b86e7e36cfb','OWVlMTE5ODU0MWE5ZTQ0NTU2MjM3MDk0MjQ2YmE2OThlMzc2ZWRhMTqAAn1xAS4=\n','2015-12-18 10:38:50'),('52aa446eed01f51276a694c997ea85c5','OWVlMTE5ODU0MWE5ZTQ0NTU2MjM3MDk0MjQ2YmE2OThlMzc2ZWRhMTqAAn1xAS4=\n','2015-07-16 11:05:26'),('53b4a0ee2f3511bc7db8850f1f563023','OWVlMTE5ODU0MWE5ZTQ0NTU2MjM3MDk0MjQ2YmE2OThlMzc2ZWRhMTqAAn1xAS4=\n','2015-09-09 11:18:22'),('5c059f4db26ea7d76217621555a8d767','OWVlMTE5ODU0MWE5ZTQ0NTU2MjM3MDk0MjQ2YmE2OThlMzc2ZWRhMTqAAn1xAS4=\n','2015-07-20 09:01:56'),('5ce3020e95f90e506580204ae318ad7d','YTQ5MTY1ZDAyMzAwNTZiZmRmYWFiMzVkYTI1MDUxYWUxNWY0OTA1MDqAAn1xAShVE3Nob3dfbG9n\naW5fdHJhY2tlcnOIVQp0ZXN0Y29va2llVQZ3b3JrZWRVEl9hdXRoX3VzZXJfYmFja2VuZFUpZGph\nbmdvLmNvbnRyaWIuYXV0aC5iYWNrZW5kcy5Nb2RlbEJhY2tlbmRVDV9hdXRoX3VzZXJfaWSKAQl1\nLg==\n','2015-12-15 12:33:50'),('63db608883c8977062c67ea5616cd66f','MDRjZjc0NjkwYjc2NmMxOGY0NzYzYzA4MTM2NDBkNTU3N2Q5ZmI1ZjqAAn1xAVUKdGVzdGNvb2tp\nZXECVQZ3b3JrZWRxA3Mu\n','2015-12-18 10:38:51'),('6571f1fdb2880343c839fad44a7cdaee','MDRjZjc0NjkwYjc2NmMxOGY0NzYzYzA4MTM2NDBkNTU3N2Q5ZmI1ZjqAAn1xAVUKdGVzdGNvb2tp\nZXECVQZ3b3JrZWRxA3Mu\n','2015-12-18 10:38:51'),('688292a716fb84189796eccb25fb5e22','OWVlMTE5ODU0MWE5ZTQ0NTU2MjM3MDk0MjQ2YmE2OThlMzc2ZWRhMTqAAn1xAS4=\n','2015-07-16 11:05:04'),('688ca26010eb0dcc63077c60b6afd915','YzVjYjUwMzdlOWVlNTM3ZjNhNjNhZjQ2YzAxNDk4OWZkMTY2ZDgxYjqAAn1xAShVB21lc3NhZ2VY\nQQAAAFN1Y2Nlc3NmdWxseSBhZGRlZCBjdXN0b21lLXNvdXJjZSwgdG8geW91ciBsaXN0IG9mIHNv\ndXJjZSBncm91cHMuVQp0ZXN0Y29va2llVQZ3b3JrZWRVEl9hdXRoX3VzZXJfYmFja2VuZFUpZGph\nbmdvLmNvbnRyaWIuYXV0aC5iYWNrZW5kcy5Nb2RlbEJhY2tlbmRVDV9hdXRoX3VzZXJfaWSKAQl1\nLg==\n','2015-09-15 12:50:22'),('68b6afabacdac9f1ce5ac5e8b8f6d516','OWVlMTE5ODU0MWE5ZTQ0NTU2MjM3MDk0MjQ2YmE2OThlMzc2ZWRhMTqAAn1xAS4=\n','2015-07-16 11:17:54'),('6bd210b0fc64fa11407c38265d427b96','OWVlMTE5ODU0MWE5ZTQ0NTU2MjM3MDk0MjQ2YmE2OThlMzc2ZWRhMTqAAn1xAS4=\n','2015-07-20 08:48:27'),('6c0784bf2ebe2840d53153143803b0cb','N2I0MTM2MmJjMTIwMGVkNGFkODI0OWIxNzY4YWI5OTc3NmQ3NmJhMDqAAn1xAShVCnRlc3Rjb29r\naWVVBndvcmtlZFUTc2hvd19sb2dpbl90cmFja2Vyc4hVDV9hdXRoX3VzZXJfaWSKAQlVEl9hdXRo\nX3VzZXJfYmFja2VuZFUpZGphbmdvLmNvbnRyaWIuYXV0aC5iYWNrZW5kcy5Nb2RlbEJhY2tlbmR1\nLg==\n','2015-12-15 13:08:34'),('6c1442b5a257e9a4bbf09fd42b0e7f41','OWVlMTE5ODU0MWE5ZTQ0NTU2MjM3MDk0MjQ2YmE2OThlMzc2ZWRhMTqAAn1xAS4=\n','2015-07-14 08:11:28'),('6cf9bfebc96385889ae835ab9ff308d9','OWVlMTE5ODU0MWE5ZTQ0NTU2MjM3MDk0MjQ2YmE2OThlMzc2ZWRhMTqAAn1xAS4=\n','2015-07-16 11:04:23'),('6d4776abf3a5028f64ca523cca333001','OWVlMTE5ODU0MWE5ZTQ0NTU2MjM3MDk0MjQ2YmE2OThlMzc2ZWRhMTqAAn1xAS4=\n','2015-07-16 10:38:27'),('6f3b88418f14fe7362104d2f403cd6f2','NWJjNDYzOWMwZTk3YTliMjQxMmYwMmUwMDIwMzMwNDRhNDM1NzU4MzqAAn1xAShVCnRlc3Rjb29r\naWVVBndvcmtlZFUSX2F1dGhfdXNlcl9iYWNrZW5kVSlkamFuZ28uY29udHJpYi5hdXRoLmJhY2tl\nbmRzLk1vZGVsQmFja2VuZFUNX2F1dGhfdXNlcl9pZIoBCXUu\n','2015-09-28 12:56:25'),('6fe4a9022a8c9a0bec3308291ccf962d','OWVlMTE5ODU0MWE5ZTQ0NTU2MjM3MDk0MjQ2YmE2OThlMzc2ZWRhMTqAAn1xAS4=\n','2015-08-08 17:51:56'),('7280d79b7f85cec68c918e6791f06a55','OWVlMTE5ODU0MWE5ZTQ0NTU2MjM3MDk0MjQ2YmE2OThlMzc2ZWRhMTqAAn1xAS4=\n','2015-07-16 10:39:30'),('7a6b929268605bdc42d4997fd2e49a17','OWVlMTE5ODU0MWE5ZTQ0NTU2MjM3MDk0MjQ2YmE2OThlMzc2ZWRhMTqAAn1xAS4=\n','2015-07-16 10:40:12'),('7c996f4c7f07d2aeb2febdfa2f7c806d','ZjM5OTU3N2I1MTljZmYwZjczMDgyZjU4NjIwYjQ5Y2MxZDQ2MzA3ZDqAAn1xAShVCnRlc3Rjb29r\naWVVBndvcmtlZFUTc2hvd19sb2dpbl90cmFja2Vyc4hVDV9hdXRoX3VzZXJfaWSKAQlVEl9hdXRo\nX3VzZXJfYmFja2VuZFUpZGphbmdvLmNvbnRyaWIuYXV0aC5iYWNrZW5kcy5Nb2RlbEJhY2tlbmRV\nFHNlZW5fc3VnZ2VzdF9wYXltZW50Y2RhdGV0aW1lCmRhdGV0aW1lCnECVQoH3wYKFBcaCHpWhVJx\nA3Uu\n','2015-06-17 20:33:14'),('7f37ccf95b6d2fed274caaae44db16e1','MDRjZjc0NjkwYjc2NmMxOGY0NzYzYzA4MTM2NDBkNTU3N2Q5ZmI1ZjqAAn1xAVUKdGVzdGNvb2tp\nZXECVQZ3b3JrZWRxA3Mu\n','2015-12-18 10:38:51'),('819045b4efab6b6ecf48bfdf06889f50','YTQ5MTY1ZDAyMzAwNTZiZmRmYWFiMzVkYTI1MDUxYWUxNWY0OTA1MDqAAn1xAShVE3Nob3dfbG9n\naW5fdHJhY2tlcnOIVQp0ZXN0Y29va2llVQZ3b3JrZWRVEl9hdXRoX3VzZXJfYmFja2VuZFUpZGph\nbmdvLmNvbnRyaWIuYXV0aC5iYWNrZW5kcy5Nb2RlbEJhY2tlbmRVDV9hdXRoX3VzZXJfaWSKAQl1\nLg==\n','2015-12-09 10:35:19'),('8328b979445189be2425ac3fa7c2b9be','MDI4MzA3NTExODA1MjRiN2ZhY2RmY2VhZDIxYTBiNDA4ODQ3MGNmMjqAAn1xAShVCnRlc3Rjb29r\naWVVBndvcmtlZFUNX2F1dGhfdXNlcl9pZIoBCVUSX2F1dGhfdXNlcl9iYWNrZW5kVSlkamFuZ28u\nY29udHJpYi5hdXRoLmJhY2tlbmRzLk1vZGVsQmFja2VuZHUu\n','2015-09-22 19:34:58'),('8434731106ce574e8f8ef92ea4001966','OWVlMTE5ODU0MWE5ZTQ0NTU2MjM3MDk0MjQ2YmE2OThlMzc2ZWRhMTqAAn1xAS4=\n','2015-07-16 11:04:29'),('84e2cf22a406ceb78fdbf5ddf56b3815','OWVlMTE5ODU0MWE5ZTQ0NTU2MjM3MDk0MjQ2YmE2OThlMzc2ZWRhMTqAAn1xAS4=\n','2015-07-16 10:43:01'),('8832774402c8e4620c799863dfbfa0e8','OWVlMTE5ODU0MWE5ZTQ0NTU2MjM3MDk0MjQ2YmE2OThlMzc2ZWRhMTqAAn1xAS4=\n','2015-07-16 11:05:43'),('8bf17244f3591cb621962e48db5db0f9','OWVlMTE5ODU0MWE5ZTQ0NTU2MjM3MDk0MjQ2YmE2OThlMzc2ZWRhMTqAAn1xAS4=\n','2015-12-16 10:49:11'),('8c58e519f15518c600d3bcf56a26a21c','MDI4MzA3NTExODA1MjRiN2ZhY2RmY2VhZDIxYTBiNDA4ODQ3MGNmMjqAAn1xAShVCnRlc3Rjb29r\naWVVBndvcmtlZFUNX2F1dGhfdXNlcl9pZIoBCVUSX2F1dGhfdXNlcl9iYWNrZW5kVSlkamFuZ28u\nY29udHJpYi5hdXRoLmJhY2tlbmRzLk1vZGVsQmFja2VuZHUu\n','2015-09-15 12:07:26'),('8feeb6ae3d2d80ccd9a1c7fe5ca2e917','MDRjZjc0NjkwYjc2NmMxOGY0NzYzYzA4MTM2NDBkNTU3N2Q5ZmI1ZjqAAn1xAVUKdGVzdGNvb2tp\nZXECVQZ3b3JrZWRxA3Mu\n','2015-12-18 10:38:50'),('909c5d28bb15549ce41f62961779a93e','NWJjNDYzOWMwZTk3YTliMjQxMmYwMmUwMDIwMzMwNDRhNDM1NzU4MzqAAn1xAShVCnRlc3Rjb29r\naWVVBndvcmtlZFUSX2F1dGhfdXNlcl9iYWNrZW5kVSlkamFuZ28uY29udHJpYi5hdXRoLmJhY2tl\nbmRzLk1vZGVsQmFja2VuZFUNX2F1dGhfdXNlcl9pZIoBCXUu\n','2015-09-22 17:26:14'),('920ab797ff3746570e5bf3a077de77ff','ZmQ3Y2YwMTBkYmQ3MDU3NDIxZWQ0Nzk4YzcyNjkzZDhjNjkwNjc4YTqAAn1xAVUKdGVzdGNvb2tp\nZVUGd29ya2Vkcy4=\n','2015-07-06 13:27:40'),('95ba0f14b92eecf51f0da7a22adc0791','NWJjNDYzOWMwZTk3YTliMjQxMmYwMmUwMDIwMzMwNDRhNDM1NzU4MzqAAn1xAShVCnRlc3Rjb29r\naWVVBndvcmtlZFUSX2F1dGhfdXNlcl9iYWNrZW5kVSlkamFuZ28uY29udHJpYi5hdXRoLmJhY2tl\nbmRzLk1vZGVsQmFja2VuZFUNX2F1dGhfdXNlcl9pZIoBCXUu\n','2015-12-08 05:25:53'),('9ab38fc49fbb772997a2f3c8889c7c34','OWVlMTE5ODU0MWE5ZTQ0NTU2MjM3MDk0MjQ2YmE2OThlMzc2ZWRhMTqAAn1xAS4=\n','2015-12-18 10:38:50'),('9ac138c79810fcca9da330e00e4e9057','N2I0MTM2MmJjMTIwMGVkNGFkODI0OWIxNzY4YWI5OTc3NmQ3NmJhMDqAAn1xAShVCnRlc3Rjb29r\naWVVBndvcmtlZFUTc2hvd19sb2dpbl90cmFja2Vyc4hVDV9hdXRoX3VzZXJfaWSKAQlVEl9hdXRo\nX3VzZXJfYmFja2VuZFUpZGphbmdvLmNvbnRyaWIuYXV0aC5iYWNrZW5kcy5Nb2RlbEJhY2tlbmR1\nLg==\n','2015-12-16 13:35:05'),('9c198d4e7db93fe88f50e8ffe1e79b33','MDRjZjc0NjkwYjc2NmMxOGY0NzYzYzA4MTM2NDBkNTU3N2Q5ZmI1ZjqAAn1xAVUKdGVzdGNvb2tp\nZXECVQZ3b3JrZWRxA3Mu\n','2015-12-18 10:38:51'),('9da4ac07dba1e6c0d353736a343f1b90','ZmQ3Y2YwMTBkYmQ3MDU3NDIxZWQ0Nzk4YzcyNjkzZDhjNjkwNjc4YTqAAn1xAVUKdGVzdGNvb2tp\nZVUGd29ya2Vkcy4=\n','2015-09-09 11:19:27'),('a060df1d8d82fea8e1f044d95e8546d5','ZmQ3Y2YwMTBkYmQ3MDU3NDIxZWQ0Nzk4YzcyNjkzZDhjNjkwNjc4YTqAAn1xAVUKdGVzdGNvb2tp\nZVUGd29ya2Vkcy4=\n','2015-06-26 05:25:51'),('a2a58a75a0ed8b50d810f52c4a1dcd14','MDRjZjc0NjkwYjc2NmMxOGY0NzYzYzA4MTM2NDBkNTU3N2Q5ZmI1ZjqAAn1xAVUKdGVzdGNvb2tp\nZXECVQZ3b3JrZWRxA3Mu\n','2015-12-18 10:38:51'),('a47c0ee03d5592ac701aa6541a4e0829','YTQ5MTY1ZDAyMzAwNTZiZmRmYWFiMzVkYTI1MDUxYWUxNWY0OTA1MDqAAn1xAShVE3Nob3dfbG9n\naW5fdHJhY2tlcnOIVQp0ZXN0Y29va2llVQZ3b3JrZWRVEl9hdXRoX3VzZXJfYmFja2VuZFUpZGph\nbmdvLmNvbnRyaWIuYXV0aC5iYWNrZW5kcy5Nb2RlbEJhY2tlbmRVDV9hdXRoX3VzZXJfaWSKAQl1\nLg==\n','2015-12-18 11:47:16'),('ad5f9e9288d82af768a6794e99b4e4ff','MDI4MzA3NTExODA1MjRiN2ZhY2RmY2VhZDIxYTBiNDA4ODQ3MGNmMjqAAn1xAShVCnRlc3Rjb29r\naWVVBndvcmtlZFUNX2F1dGhfdXNlcl9pZIoBCVUSX2F1dGhfdXNlcl9iYWNrZW5kVSlkamFuZ28u\nY29udHJpYi5hdXRoLmJhY2tlbmRzLk1vZGVsQmFja2VuZHUu\n','2015-09-21 07:27:04'),('adbf8239ee4d8d6b530c27c8665d7c3e','NWJjNDYzOWMwZTk3YTliMjQxMmYwMmUwMDIwMzMwNDRhNDM1NzU4MzqAAn1xAShVCnRlc3Rjb29r\naWVVBndvcmtlZFUSX2F1dGhfdXNlcl9iYWNrZW5kVSlkamFuZ28uY29udHJpYi5hdXRoLmJhY2tl\nbmRzLk1vZGVsQmFja2VuZFUNX2F1dGhfdXNlcl9pZIoBCXUu\n','2015-07-20 09:11:49'),('af332384e8c56c4456dcaa66b3b65c04','OWVlMTE5ODU0MWE5ZTQ0NTU2MjM3MDk0MjQ2YmE2OThlMzc2ZWRhMTqAAn1xAS4=\n','2015-12-16 10:49:11'),('af40b20ebb6f3a32f1df65844e704237','MDRjZjc0NjkwYjc2NmMxOGY0NzYzYzA4MTM2NDBkNTU3N2Q5ZmI1ZjqAAn1xAVUKdGVzdGNvb2tp\nZXECVQZ3b3JrZWRxA3Mu\n','2015-12-18 10:38:50'),('b063fcb05041c62fcae102f451a82b32','OWVlMTE5ODU0MWE5ZTQ0NTU2MjM3MDk0MjQ2YmE2OThlMzc2ZWRhMTqAAn1xAS4=\n','2015-12-04 07:51:38'),('b8ec0873a25bc6202c44b7ddde860441','OWVlMTE5ODU0MWE5ZTQ0NTU2MjM3MDk0MjQ2YmE2OThlMzc2ZWRhMTqAAn1xAS4=\n','2015-07-16 10:40:13'),('b932c7612fbc2b5eb183cd3cda018b15','OWVlMTE5ODU0MWE5ZTQ0NTU2MjM3MDk0MjQ2YmE2OThlMzc2ZWRhMTqAAn1xAS4=\n','2015-12-08 10:25:26'),('b982a060b24502130deb39b1fa476968','MDI4MzA3NTExODA1MjRiN2ZhY2RmY2VhZDIxYTBiNDA4ODQ3MGNmMjqAAn1xAShVCnRlc3Rjb29r\naWVVBndvcmtlZFUNX2F1dGhfdXNlcl9pZIoBCVUSX2F1dGhfdXNlcl9iYWNrZW5kVSlkamFuZ28u\nY29udHJpYi5hdXRoLmJhY2tlbmRzLk1vZGVsQmFja2VuZHUu\n','2015-08-19 10:54:41'),('b9ecd651b8c4d258e5b6b538076c927a','OWVlMTE5ODU0MWE5ZTQ0NTU2MjM3MDk0MjQ2YmE2OThlMzc2ZWRhMTqAAn1xAS4=\n','2015-12-18 10:38:50'),('bce697622ac4c78647e8ce6628d8b9ac','OWVlMTE5ODU0MWE5ZTQ0NTU2MjM3MDk0MjQ2YmE2OThlMzc2ZWRhMTqAAn1xAS4=\n','2015-07-16 11:17:54'),('be5aa807f1370777ed2bf0f02dd80be9','MDI4MzA3NTExODA1MjRiN2ZhY2RmY2VhZDIxYTBiNDA4ODQ3MGNmMjqAAn1xAShVCnRlc3Rjb29r\naWVVBndvcmtlZFUNX2F1dGhfdXNlcl9pZIoBCVUSX2F1dGhfdXNlcl9iYWNrZW5kVSlkamFuZ28u\nY29udHJpYi5hdXRoLmJhY2tlbmRzLk1vZGVsQmFja2VuZHUu\n','2015-07-30 16:27:50'),('c2ae58752bf0da91922c53bb2ecb0e8a','OWVlMTE5ODU0MWE5ZTQ0NTU2MjM3MDk0MjQ2YmE2OThlMzc2ZWRhMTqAAn1xAS4=\n','2015-07-16 10:40:12'),('c55ec2add94c61fdec5f014bcbcf1837','OWVlMTE5ODU0MWE5ZTQ0NTU2MjM3MDk0MjQ2YmE2OThlMzc2ZWRhMTqAAn1xAS4=\n','2015-07-16 10:39:10'),('c72c35df1fea2c40444213e52aeb8099','OWVlMTE5ODU0MWE5ZTQ0NTU2MjM3MDk0MjQ2YmE2OThlMzc2ZWRhMTqAAn1xAS4=\n','2015-12-04 07:56:10'),('c7b1bd3c5bbc2ca73395d1f0b4f19c6a','OWVlMTE5ODU0MWE5ZTQ0NTU2MjM3MDk0MjQ2YmE2OThlMzc2ZWRhMTqAAn1xAS4=\n','2015-12-16 10:49:11'),('cd5494267fcc6f144e7729498eb1a39f','ZmQ3Y2YwMTBkYmQ3MDU3NDIxZWQ0Nzk4YzcyNjkzZDhjNjkwNjc4YTqAAn1xAVUKdGVzdGNvb2tp\nZVUGd29ya2Vkcy4=\n','2015-12-07 12:56:45'),('cf40ac49bfa9e9d22c36db1ecf5e6b22','OWVlMTE5ODU0MWE5ZTQ0NTU2MjM3MDk0MjQ2YmE2OThlMzc2ZWRhMTqAAn1xAS4=\n','2015-06-17 19:06:45'),('d27761d499f4a704d740d40adf27ae80','OWVlMTE5ODU0MWE5ZTQ0NTU2MjM3MDk0MjQ2YmE2OThlMzc2ZWRhMTqAAn1xAS4=\n','2015-12-18 07:52:27'),('d56f46c30b8f00c63a760ba461a554f2','OWVlMTE5ODU0MWE5ZTQ0NTU2MjM3MDk0MjQ2YmE2OThlMzc2ZWRhMTqAAn1xAS4=\n','2015-05-22 19:01:00'),('daeda77968c4a61c6fe80b52f283e425','MDRjZjc0NjkwYjc2NmMxOGY0NzYzYzA4MTM2NDBkNTU3N2Q5ZmI1ZjqAAn1xAVUKdGVzdGNvb2tp\nZXECVQZ3b3JrZWRxA3Mu\n','2015-12-18 10:38:51'),('dfa660100198217e3df93580a3be6628','OWVlMTE5ODU0MWE5ZTQ0NTU2MjM3MDk0MjQ2YmE2OThlMzc2ZWRhMTqAAn1xAS4=\n','2015-07-16 11:05:20'),('e070efb9fe5f345e03aee58e60b8e37c','OWVlMTE5ODU0MWE5ZTQ0NTU2MjM3MDk0MjQ2YmE2OThlMzc2ZWRhMTqAAn1xAS4=\n','2015-09-09 08:45:20'),('e184724d879f9953d945575890ea2dc0','OWVlMTE5ODU0MWE5ZTQ0NTU2MjM3MDk0MjQ2YmE2OThlMzc2ZWRhMTqAAn1xAS4=\n','2015-07-16 11:06:02'),('e1a4de873badb377b6fee8062f17f065','OWVlMTE5ODU0MWE5ZTQ0NTU2MjM3MDk0MjQ2YmE2OThlMzc2ZWRhMTqAAn1xAS4=\n','2015-12-18 10:38:50'),('e1c03ddddfd7ff83aa096af48ad67ce6','ZmQ3Y2YwMTBkYmQ3MDU3NDIxZWQ0Nzk4YzcyNjkzZDhjNjkwNjc4YTqAAn1xAVUKdGVzdGNvb2tp\nZVUGd29ya2Vkcy4=\n','2015-08-21 16:26:08'),('e1fdcb4f7d0cbd7392cada06f7a3a7e0','OWVlMTE5ODU0MWE5ZTQ0NTU2MjM3MDk0MjQ2YmE2OThlMzc2ZWRhMTqAAn1xAS4=\n','2015-12-18 10:38:50'),('e42939e8823e8c8da124d5258527bc85','NWJjNDYzOWMwZTk3YTliMjQxMmYwMmUwMDIwMzMwNDRhNDM1NzU4MzqAAn1xAShVCnRlc3Rjb29r\naWVVBndvcmtlZFUSX2F1dGhfdXNlcl9iYWNrZW5kVSlkamFuZ28uY29udHJpYi5hdXRoLmJhY2tl\nbmRzLk1vZGVsQmFja2VuZFUNX2F1dGhfdXNlcl9pZIoBCXUu\n','2015-09-18 05:12:03'),('ea39e595abd8e19d2b0cc304ae77120b','N2I0MTM2MmJjMTIwMGVkNGFkODI0OWIxNzY4YWI5OTc3NmQ3NmJhMDqAAn1xAShVCnRlc3Rjb29r\naWVVBndvcmtlZFUTc2hvd19sb2dpbl90cmFja2Vyc4hVDV9hdXRoX3VzZXJfaWSKAQlVEl9hdXRo\nX3VzZXJfYmFja2VuZFUpZGphbmdvLmNvbnRyaWIuYXV0aC5iYWNrZW5kcy5Nb2RlbEJhY2tlbmR1\nLg==\n','2015-07-16 11:46:52'),('eb59bf8d2c79d341de37e7381766e1c3','OWVlMTE5ODU0MWE5ZTQ0NTU2MjM3MDk0MjQ2YmE2OThlMzc2ZWRhMTqAAn1xAS4=\n','2015-07-16 11:04:14'),('ebbeb6310f104650ea41807c99ca8212','OWVlMTE5ODU0MWE5ZTQ0NTU2MjM3MDk0MjQ2YmE2OThlMzc2ZWRhMTqAAn1xAS4=\n','2015-09-22 09:49:50'),('ebefd950d9cd80b8a9181160bc3107dd','N2I0MTM2MmJjMTIwMGVkNGFkODI0OWIxNzY4YWI5OTc3NmQ3NmJhMDqAAn1xAShVCnRlc3Rjb29r\naWVVBndvcmtlZFUTc2hvd19sb2dpbl90cmFja2Vyc4hVDV9hdXRoX3VzZXJfaWSKAQlVEl9hdXRo\nX3VzZXJfYmFja2VuZFUpZGphbmdvLmNvbnRyaWIuYXV0aC5iYWNrZW5kcy5Nb2RlbEJhY2tlbmR1\nLg==\n','2015-12-16 10:49:47'),('edfe08df9091f3198a6318608aa41a5a','OWVlMTE5ODU0MWE5ZTQ0NTU2MjM3MDk0MjQ2YmE2OThlMzc2ZWRhMTqAAn1xAS4=\n','2015-12-04 07:52:23'),('ef07a7c3b8f8915aec75c8f2ce3f2e81','OWVlMTE5ODU0MWE5ZTQ0NTU2MjM3MDk0MjQ2YmE2OThlMzc2ZWRhMTqAAn1xAS4=\n','2015-12-18 10:38:50'),('ef5b974af67f8f58dace2f1c8af79411','OWVlMTE5ODU0MWE5ZTQ0NTU2MjM3MDk0MjQ2YmE2OThlMzc2ZWRhMTqAAn1xAS4=\n','2015-06-27 09:36:32'),('efe833f7df06fd1fac25e8f83234522c','OWVlMTE5ODU0MWE5ZTQ0NTU2MjM3MDk0MjQ2YmE2OThlMzc2ZWRhMTqAAn1xAS4=\n','2015-07-16 10:39:09'),('f1b9defca53a014b8060ef4d39ac9cff','ZmQ3Y2YwMTBkYmQ3MDU3NDIxZWQ0Nzk4YzcyNjkzZDhjNjkwNjc4YTqAAn1xAVUKdGVzdGNvb2tp\nZVUGd29ya2Vkcy4=\n','2015-08-27 06:57:54'),('f2381ff8d90bdf0efce0df87c42a9085','N2I0MTM2MmJjMTIwMGVkNGFkODI0OWIxNzY4YWI5OTc3NmQ3NmJhMDqAAn1xAShVCnRlc3Rjb29r\naWVVBndvcmtlZFUTc2hvd19sb2dpbl90cmFja2Vyc4hVDV9hdXRoX3VzZXJfaWSKAQlVEl9hdXRo\nX3VzZXJfYmFja2VuZFUpZGphbmdvLmNvbnRyaWIuYXV0aC5iYWNrZW5kcy5Nb2RlbEJhY2tlbmR1\nLg==\n','2015-12-14 05:37:38'),('f31c923ad3b1c7e6a45fc5b59119bd97','OWVlMTE5ODU0MWE5ZTQ0NTU2MjM3MDk0MjQ2YmE2OThlMzc2ZWRhMTqAAn1xAS4=\n','2015-12-18 10:38:50'),('f5be773db834ff5e483e21baec18d38e','OWVlMTE5ODU0MWE5ZTQ0NTU2MjM3MDk0MjQ2YmE2OThlMzc2ZWRhMTqAAn1xAS4=\n','2015-07-16 11:17:54'),('f68a227bdff8476cd420f898ad9449d7','OWVlMTE5ODU0MWE5ZTQ0NTU2MjM3MDk0MjQ2YmE2OThlMzc2ZWRhMTqAAn1xAS4=\n','2015-07-20 09:01:56'),('fa8118ed399e6836172c1e1698c49e5e','MDI4MzA3NTExODA1MjRiN2ZhY2RmY2VhZDIxYTBiNDA4ODQ3MGNmMjqAAn1xAShVCnRlc3Rjb29r\naWVVBndvcmtlZFUNX2F1dGhfdXNlcl9pZIoBCVUSX2F1dGhfdXNlcl9iYWNrZW5kVSlkamFuZ28u\nY29udHJpYi5hdXRoLmJhY2tlbmRzLk1vZGVsQmFja2VuZHUu\n','2015-09-30 09:27:57'),('fd8033601bfd8a9e2add2a56242ec72e','MDI4MzA3NTExODA1MjRiN2ZhY2RmY2VhZDIxYTBiNDA4ODQ3MGNmMjqAAn1xAShVCnRlc3Rjb29r\naWVVBndvcmtlZFUNX2F1dGhfdXNlcl9pZIoBCVUSX2F1dGhfdXNlcl9iYWNrZW5kVSlkamFuZ28u\nY29udHJpYi5hdXRoLmJhY2tlbmRzLk1vZGVsQmFja2VuZHUu\n','2015-09-30 17:36:59');
/*!40000 ALTER TABLE `django_session` ENABLE KEYS */;
UNLOCK TABLES;

--
-- Table structure for table `django_site`
--

DROP TABLE IF EXISTS `django_site`;
/*!40101 SET @saved_cs_client     = @@character_set_client */;
/*!40101 SET character_set_client = utf8 */;
CREATE TABLE `django_site` (
  `id` int(11) NOT NULL AUTO_INCREMENT,
  `domain` varchar(100) NOT NULL,
  `name` varchar(50) NOT NULL,
  PRIMARY KEY (`id`)
) ENGINE=InnoDB AUTO_INCREMENT=2 DEFAULT CHARSET=latin1;
/*!40101 SET character_set_client = @saved_cs_client */;

--
-- Dumping data for table `django_site`
--

LOCK TABLES `django_site` WRITE;
/*!40000 ALTER TABLE `django_site` DISABLE KEYS */;
INSERT INTO `django_site` VALUES (1,'example.com','example.com');
/*!40000 ALTER TABLE `django_site` ENABLE KEYS */;
UNLOCK TABLES;

--
-- Table structure for table `fieldfilter_fieldfilter`
--

DROP TABLE IF EXISTS `fieldfilter_fieldfilter`;
/*!40101 SET @saved_cs_client     = @@character_set_client */;
/*!40101 SET character_set_client = utf8 */;
CREATE TABLE `fieldfilter_fieldfilter` (
  `id` int(11) NOT NULL AUTO_INCREMENT,
  `field` varchar(1000) NOT NULL,
  `operator` varchar(50) NOT NULL,
  `field_filter_group_id` int(11) NOT NULL,
  `field_type` varchar(7) NOT NULL,
  PRIMARY KEY (`id`),
  KEY `fieldfilter_fieldfilter_7ee1101` (`field_filter_group_id`),
  CONSTRAINT `field_filter_group_id_refs_id_a6c4626d5d856db` FOREIGN KEY (`field_filter_group_id`) REFERENCES `fieldfilter_fieldfiltergroup` (`id`)
) ENGINE=InnoDB AUTO_INCREMENT=5792 DEFAULT CHARSET=latin1;
/*!40101 SET character_set_client = @saved_cs_client */;

--
-- Dumping data for table `fieldfilter_fieldfilter`
--

LOCK TABLES `fieldfilter_fieldfilter` WRITE;
/*!40000 ALTER TABLE `fieldfilter_fieldfilter` DISABLE KEYS */;
INSERT INTO `fieldfilter_fieldfilter` VALUES (1,'syslog.host','+',1,'string'),(3,'syslog.appName','+',1,'string'),(4,'tag','+',1,'string'),(5,'syslog.host','+',2,'string'),(6,'syslog.host','+',3,'string'),(7,'syslog.host','+',4,'string'),(8,'syslog.host','+',5,'string'),(11,'syslog.host','+',8,'string'),(14,'syslog.host','+',11,'string'),(17,'syslog.host','+',14,'string'),(20,'syslog.host','+',17,'string'),(23,'syslog.host._facet','+',20,'string'),(24,'syslog.host._facet','+',21,'string'),(27,'syslog.host._facet','+',24,'string'),(28,'syslog.host','+',24,'string'),(29,'syslog.host._facet','+',25,'string'),(32,'syslog.host._facet','+',28,'string'),(33,'syslog.host._facet','+',29,'string'),(36,'syslog.host._facet','+',32,'string'),(37,'syslog.host._facet','+',33,'string'),(40,'syslog.host._facet','+',36,'string'),(41,'syslog.host._facet','+',37,'string'),(44,'syslog.host._facet','+',40,'string'),(45,'syslog.host._facet','+',41,'string'),(48,'syslog.host._facet','+',44,'string'),(49,'syslog.host._facet','+',45,'string'),(52,'syslog.host._facet','+',48,'string'),(53,'syslog.host._facet','+',49,'string'),(56,'syslog.host._facet','+',52,'string'),(57,'syslog.host._facet','+',53,'string'),(60,'syslog.host._facet','+',56,'string'),(61,'syslog.host._facet','+',57,'string'),(64,'syslog.host._facet','+',60,'string'),(65,'syslog.host._facet','+',61,'string'),(68,'syslog.host._facet','+',64,'string'),(69,'syslog.host._facet','+',65,'string'),(72,'syslog.host._facet','+',68,'string'),(73,'syslog.host._facet','+',69,'string'),(109,'syslog.host._facet','+',105,'string'),(110,'syslog.host._facet','+',106,'string'),(235,'syslog.host._facet','+',231,'string'),(237,'syslog.host','+',233,'string'),(248,'syslog.host','+',242,'string'),(249,'syslog.severity','+',242,'string'),(254,'syslog.host._facet','+',245,'string'),(255,'syslog.severity','+',245,'string'),(268,'syslog.host._facet','+',252,'string'),(269,'syslog.severity','+',252,'string'),(280,'syslog.host._facet','+',258,'string'),(281,'syslog.severity','+',258,'string'),(298,'syslog.severity','+',269,'string'),(306,'syslog.severity','+',276,'string'),(307,'syslog.priority','+',276,'string'),(312,'syslog.severity','+',279,'string'),(313,'syslog.priority','+',279,'string'),(314,'syslog.severity','+',280,'string'),(315,'syslog.priority','+',280,'string'),(322,'syslog.severity','+',284,'string'),(323,'syslog.priority','+',284,'string'),(324,'syslog.severity','+',285,'string'),(325,'syslog.priority','+',285,'string'),(330,'syslog.severity','+',288,'string'),(331,'syslog.priority','+',288,'string'),(336,'syslog.severity','+',291,'string'),(337,'syslog.priority','+',291,'string'),(341,'syslog.severity','+',294,'string'),(343,'syslog.severity','+',296,'string'),(380,'syslog.severity','+',320,'string'),(381,'logtype','+',320,'string'),(382,'tag','+',320,'string'),(389,'syslog.severity','+',323,'string'),(390,'logtype','+',323,'string'),(391,'tag','+',323,'string'),(392,'syslog.severity','+',324,'string'),(393,'logtype','+',324,'string'),(394,'tag','+',324,'string'),(401,'syslog.severity','+',327,'string'),(402,'logtype','+',327,'string'),(403,'tag','+',327,'string'),(404,'syslog.severity','+',328,'string'),(405,'logtype','+',328,'string'),(406,'tag','+',328,'string'),(420,'logtype','+',334,'string'),(421,'tag','+',334,'string'),(426,'logtype','+',337,'string'),(427,'tag','+',337,'string'),(428,'logtype','+',338,'string'),(429,'tag','+',338,'string'),(434,'logtype','+',341,'string'),(435,'tag','+',341,'string'),(438,'logtype','+',343,'string'),(439,'tag','+',343,'string'),(442,'logtype','+',345,'string'),(443,'tag','+',345,'string'),(446,'logtype','+',347,'string'),(447,'tag','+',347,'string'),(448,'logtype','+',348,'string'),(449,'tag','+',348,'string'),(452,'logtype','+',350,'string'),(453,'tag','+',350,'string'),(456,'logtype','+',352,'string'),(457,'tag','+',352,'string'),(458,'logtype','+',353,'string'),(459,'tag','+',353,'string'),(462,'logtype','+',355,'string'),(463,'tag','+',355,'string'),(464,'logtype','+',356,'string'),(465,'tag','+',356,'string'),(468,'logtype','+',358,'string'),(469,'tag','+',358,'string'),(472,'logtype','+',360,'string'),(473,'tag','+',360,'string'),(476,'logtype','+',362,'string'),(477,'tag','+',362,'string'),(478,'logtype','+',363,'string'),(479,'tag','+',363,'string'),(482,'logtype','+',365,'string'),(483,'tag','+',365,'string'),(486,'logtype','+',367,'string'),(487,'tag','+',367,'string'),(488,'logtype','+',368,'string'),(489,'tag','+',368,'string'),(492,'logtype','+',370,'string'),(493,'tag','+',370,'string'),(494,'logtype','+',371,'string'),(495,'tag','+',371,'string'),(498,'logtype','+',373,'string'),(499,'tag','+',373,'string'),(502,'logtype','+',375,'string'),(503,'tag','+',375,'string'),(506,'logtype','+',377,'string'),(507,'tag','+',377,'string'),(510,'logtype','+',379,'string'),(511,'tag','+',379,'string'),(514,'logtype','+',381,'string'),(515,'tag','+',381,'string'),(518,'logtype','+',383,'string'),(519,'tag','+',383,'string'),(522,'logtype','+',385,'string'),(523,'tag','+',385,'string'),(526,'logtype','+',387,'string'),(527,'tag','+',387,'string'),(530,'logtype','+',389,'string'),(531,'tag','+',389,'string'),(534,'logtype','+',391,'string'),(535,'tag','+',391,'string'),(538,'logtype','+',393,'string'),(539,'tag','+',393,'string'),(540,'logtype','+',394,'string'),(541,'tag','+',394,'string'),(544,'logtype','+',396,'string'),(545,'tag','+',396,'string'),(548,'logtype','+',398,'string'),(549,'tag','+',398,'string'),(550,'logtype','+',399,'string'),(551,'tag','+',399,'string'),(556,'logtype','+',402,'string'),(557,'tag','+',402,'string'),(560,'logtype','+',404,'string'),(561,'tag','+',404,'string'),(570,'tag','+',411,'string'),(571,'logtype','+',411,'string'),(580,'tag','+',418,'string'),(581,'logtype','+',418,'string'),(584,'tag','+',420,'string'),(585,'logtype','+',420,'string'),(593,'syslog.facility','+',426,'string'),(594,'syslog.host','+',426,'string'),(600,'syslog.facility','+',430,'string'),(601,'syslog.host._facet','+',430,'string'),(610,'syslog.facility','+',435,'string'),(611,'syslog.host._facet','+',435,'string'),(620,'syslog.facility','+',440,'string'),(621,'syslog.host._facet','+',440,'string'),(630,'syslog.facility','+',445,'string'),(631,'syslog.host._facet','+',445,'string'),(640,'syslog.facility','+',450,'string'),(641,'syslog.host._facet','+',450,'string'),(650,'syslog.facility','+',455,'string'),(651,'syslog.host._facet','+',455,'string'),(660,'syslog.facility','+',460,'string'),(661,'syslog.host._facet','+',460,'string'),(685,'syslog.host','+',473,'string'),(686,'syslog.severity','+',473,'string'),(687,'syslog.appName','+',473,'string'),(694,'syslog.host._facet','+',476,'string'),(695,'syslog.severity','+',476,'string'),(696,'syslog.appName._facet','+',476,'string'),(709,'syslog.host._facet','+',481,'string'),(710,'syslog.severity','+',481,'string'),(711,'syslog.appName._facet','+',481,'string'),(718,'syslog.host._facet','+',484,'string'),(719,'syslog.severity','+',484,'string'),(720,'syslog.appName._facet','+',484,'string'),(762,'syslog.appName','+',502,'string'),(763,'syslog.priority','+',502,'string'),(764,'syslog.severity','+',502,'string'),(772,'syslog.severity','+',506,'string'),(774,'syslog.appName._facet','+',508,'string'),(775,'syslog.priority','+',508,'string'),(776,'syslog.severity','+',508,'string'),(789,'syslog.appName._facet','+',513,'string'),(790,'syslog.priority','+',513,'string'),(791,'syslog.severity','+',513,'string'),(809,'syslog.appName._facet','+',520,'string'),(810,'syslog.priority','+',520,'string'),(826,'syslog.appName._facet','+',527,'string'),(827,'syslog.priority','+',527,'string'),(833,'syslog.appName._facet','+',530,'string'),(834,'syslog.priority','+',530,'string'),(840,'syslog.appName._facet','+',533,'string'),(841,'syslog.priority','+',533,'string'),(847,'syslog.appName._facet','+',536,'string'),(848,'syslog.priority','+',536,'string'),(854,'syslog.appName._facet','+',539,'string'),(855,'syslog.priority','+',539,'string'),(866,'syslog.appName._facet','+',544,'string'),(867,'syslog.priority','+',544,'string'),(878,'syslog.appName._facet','+',549,'string'),(879,'syslog.priority','+',549,'string'),(890,'syslog.appName._facet','+',554,'string'),(891,'syslog.priority','+',554,'string'),(892,'syslog.severity','+',554,'string'),(905,'syslog.appName._facet','+',559,'string'),(906,'syslog.priority','+',559,'string'),(907,'syslog.severity','+',559,'string'),(920,'syslog.appName._facet','+',564,'string'),(921,'syslog.priority','+',564,'string'),(922,'syslog.severity','+',564,'string'),(935,'syslog.appName._facet','+',569,'string'),(936,'syslog.priority','+',569,'string'),(937,'syslog.severity','+',569,'string'),(950,'syslog.appName._facet','+',574,'string'),(951,'syslog.priority','+',574,'string'),(952,'syslog.severity','+',574,'string'),(965,'syslog.appName._facet','+',579,'string'),(966,'syslog.priority','+',579,'string'),(967,'syslog.severity','+',579,'string'),(980,'syslog.appName._facet','+',584,'string'),(981,'syslog.priority','+',584,'string'),(982,'syslog.severity','+',584,'string'),(995,'syslog.appName','+',589,'string'),(996,'syslog.priority','+',589,'string'),(997,'syslog.severity','+',589,'string'),(998,'syslog.appName','+',590,'string'),(999,'syslog.priority','+',590,'string'),(1000,'syslog.severity','+',590,'string'),(1013,'syslog.appName','+',595,'string'),(1014,'syslog.priority','+',595,'string'),(1015,'syslog.severity','+',595,'string'),(1016,'syslog.appName','+',596,'string'),(1017,'syslog.priority','+',596,'string'),(1018,'syslog.severity','+',596,'string'),(1031,'syslog.appName','+',601,'string'),(1032,'syslog.priority','+',601,'string'),(1033,'syslog.severity','+',601,'string'),(1034,'syslog.appName','+',602,'string'),(1035,'syslog.priority','+',602,'string'),(1036,'syslog.severity','+',602,'string'),(1049,'syslog.appName','+',607,'string'),(1050,'syslog.priority','+',607,'string'),(1051,'syslog.severity','+',607,'string'),(1064,'syslog.appName','+',612,'string'),(1065,'syslog.priority','+',612,'string'),(1066,'syslog.severity','+',612,'string'),(1067,'syslog.appName','+',613,'string'),(1068,'syslog.priority','+',613,'string'),(1069,'syslog.severity','+',613,'string'),(1082,'syslog.appName','+',618,'string'),(1083,'syslog.priority','+',618,'string'),(1084,'syslog.severity','+',618,'string'),(1085,'syslog.appName','+',619,'string'),(1086,'syslog.priority','+',619,'string'),(1087,'syslog.severity','+',619,'string'),(1100,'syslog.appName','+',624,'string'),(1101,'syslog.priority','+',624,'string'),(1102,'syslog.severity','+',624,'string'),(1103,'syslog.appName','+',625,'string'),(1104,'syslog.priority','+',625,'string'),(1105,'syslog.severity','+',625,'string'),(1118,'syslog.appName','+',630,'string'),(1119,'syslog.priority','+',630,'string'),(1120,'syslog.severity','+',630,'string'),(1121,'syslog.appName','+',631,'string'),(1122,'syslog.priority','+',631,'string'),(1123,'syslog.severity','+',631,'string'),(1136,'syslog.appName','+',636,'string'),(1137,'syslog.priority','+',636,'string'),(1138,'syslog.severity','+',636,'string'),(1139,'syslog.appName','+',637,'string'),(1140,'syslog.priority','+',637,'string'),(1141,'syslog.severity','+',637,'string'),(1148,'syslog.appName','+',640,'string'),(1149,'syslog.priority','+',640,'string'),(1150,'syslog.severity','+',640,'string'),(1151,'syslog.appName','+',641,'string'),(1152,'syslog.priority','+',641,'string'),(1153,'syslog.severity','+',641,'string'),(1166,'syslog.appName','+',646,'string'),(1167,'syslog.priority','+',646,'string'),(1168,'syslog.severity','+',646,'string'),(1169,'syslog.appName','+',647,'string'),(1170,'syslog.priority','+',647,'string'),(1171,'syslog.severity','+',647,'string'),(1184,'syslog.appName','+',652,'string'),(1185,'syslog.priority','+',652,'string'),(1186,'syslog.severity','+',652,'string'),(1187,'syslog.appName','+',653,'string'),(1188,'syslog.priority','+',653,'string'),(1189,'syslog.severity','+',653,'string'),(1202,'syslog.appName._facet','+',658,'string'),(1203,'syslog.priority','+',658,'string'),(1204,'syslog.severity','+',658,'string'),(1217,'syslog.appName._facet','+',663,'string'),(1218,'syslog.priority','+',663,'string'),(1219,'syslog.severity','+',663,'string'),(1232,'syslog.appName._facet','+',668,'string'),(1233,'syslog.priority','+',668,'string'),(1234,'syslog.severity','+',668,'string'),(1247,'syslog.appName._facet','+',673,'string'),(1248,'syslog.priority','+',673,'string'),(1249,'syslog.severity','+',673,'string'),(1262,'syslog.appName._facet','+',678,'string'),(1263,'syslog.priority','+',678,'string'),(1264,'syslog.severity','+',678,'string'),(1277,'syslog.appName','+',683,'string'),(1278,'syslog.priority','+',683,'string'),(1279,'syslog.severity','+',683,'string'),(1280,'syslog.appName','+',684,'string'),(1281,'syslog.priority','+',684,'string'),(1282,'syslog.severity','+',684,'string'),(1295,'syslog.appName._facet','+',689,'string'),(1296,'syslog.priority','+',689,'string'),(1297,'syslog.severity','+',689,'string'),(1310,'syslog.appName','+',694,'string'),(1311,'syslog.priority','+',694,'string'),(1312,'syslog.severity','+',694,'string'),(1313,'syslog.appName','+',695,'string'),(1314,'syslog.priority','+',695,'string'),(1315,'syslog.severity','+',695,'string'),(1328,'syslog.appName','+',700,'string'),(1329,'syslog.priority','+',700,'string'),(1330,'syslog.severity','+',700,'string'),(1331,'syslog.appName','+',701,'string'),(1332,'syslog.priority','+',701,'string'),(1333,'syslog.severity','+',701,'string'),(1352,'syslog.appName','+',708,'string'),(1353,'syslog.priority','+',708,'string'),(1354,'syslog.severity','+',708,'string'),(1355,'syslog.appName','+',709,'string'),(1356,'syslog.priority','+',709,'string'),(1357,'syslog.severity','+',709,'string'),(1370,'syslog.appName._facet','+',714,'string'),(1371,'syslog.priority','+',714,'string'),(1372,'syslog.severity','+',714,'string'),(1385,'syslog.appName._facet','+',719,'string'),(1386,'syslog.priority','+',719,'string'),(1387,'syslog.severity','+',719,'string'),(1400,'syslog.appName._facet','+',724,'string'),(1401,'syslog.priority','+',724,'string'),(1402,'syslog.severity','+',724,'string'),(1415,'syslog.appName._facet','+',729,'string'),(1416,'syslog.priority','+',729,'string'),(1417,'syslog.severity','+',729,'string'),(1424,'syslog.appName._facet','+',732,'string'),(1425,'syslog.priority','+',732,'string'),(1426,'syslog.severity','+',732,'string'),(1439,'syslog.appName._facet','+',737,'string'),(1440,'syslog.priority','+',737,'string'),(1441,'syslog.severity','+',737,'string'),(1448,'syslog.appName._facet','+',740,'string'),(1449,'syslog.priority','+',740,'string'),(1450,'syslog.severity','+',740,'string'),(1463,'syslog.appName._facet','+',745,'string'),(1464,'syslog.priority','+',745,'string'),(1465,'syslog.severity','+',745,'string'),(1505,'syslog.appName._facet','+',760,'string'),(1506,'syslog.priority','+',760,'string'),(1507,'syslog.severity','+',760,'string'),(1621,'syslog.appName._facet','+',801,'string'),(1622,'syslog.priority','+',801,'string'),(1623,'syslog.severity','+',801,'string'),(1692,'logtype','+',826,'string'),(2185,'logtype','+',1019,'string'),(2216,'logtype','+',1034,'string'),(2225,'logtype','+',1039,'string'),(2234,'logtype','+',1044,'string'),(2259,'logtype','+',1057,'string'),(2268,'logtype','+',1062,'string'),(2290,'logtype','+',1072,'string'),(2327,'logtype','+',1093,'string'),(2328,'logtype','+',1094,'string'),(2347,'logtype','+',1105,'string'),(2366,'logtype','+',1116,'string'),(2400,'logtype','+',1134,'string'),(2877,'logtype','+',1343,'string'),(2936,'logtype','+',1370,'string'),(2945,'logtype','+',1375,'string'),(2954,'logtype','+',1380,'string'),(2955,'logtype','+',1381,'string'),(2964,'logtype','+',1386,'string'),(2973,'logtype','+',1391,'string'),(2974,'logtype','+',1392,'string'),(2975,'logtype','+',1393,'string'),(2976,'logtype','+',1394,'string'),(2977,'logtype','+',1395,'string'),(2978,'logtype','+',1396,'string'),(2987,'logtype','+',1401,'string'),(2988,'logtype','+',1402,'string'),(2989,'logtype','+',1403,'string'),(3126,'logtype','+',1472,'string'),(3145,'logtype','+',1483,'string'),(3164,'logtype','+',1494,'string'),(3183,'logtype','+',1505,'string'),(3184,'logtype','+',1506,'string'),(3194,'logtype','+',1512,'string'),(3213,'logtype','+',1523,'string'),(3232,'logtype','+',1534,'string'),(3251,'logtype','+',1545,'string'),(3252,'logtype','+',1546,'string'),(3280,'logtype','+',1562,'string'),(3281,'logtype','+',1563,'string'),(3309,'logtype','+',1579,'string'),(3310,'logtype','+',1580,'string'),(3320,'logtype','+',1586,'string'),(3348,'logtype','+',1602,'string'),(3358,'logtype','+',1608,'string'),(3368,'logtype','+',1614,'string'),(3387,'logtype','+',1625,'string'),(3406,'logtype','+',1636,'string'),(3425,'logtype','+',1647,'string'),(3444,'logtype','+',1658,'string'),(3454,'logtype','+',1664,'string'),(3491,'logtype','+',1685,'string'),(3501,'logtype','+',1691,'string'),(3520,'logtype','+',1702,'string'),(3521,'tag','+',1702,'string'),(3532,'tag','+',1708,'string'),(3566,'logtype','+',1726,'string'),(3592,'tag','+',1740,'string'),(3602,'tag','+',1746,'string'),(3612,'tag','+',1752,'string'),(3854,'syslog.priority','+',1858,'string'),(3860,'apache.status','+',1864,'string'),(3861,'apache.size','eq',1865,'numeric'),(3870,'apache.size','eq',1874,'numeric'),(3872,'apache.requestURI','+',1876,'string'),(3874,'apache.requestURI','+',1878,'string'),(3875,'apache.requestURI','+',1879,'string'),(3877,'apache.requestURI','+',1881,'string'),(3878,'apache.requestURI','+',1882,'string'),(3879,'apache.requestURI','+',1883,'string'),(3885,'apache.requestURI','+',1889,'string'),(3886,'apache.status','+',1889,'string'),(3899,'apache.requestURI','+',1897,'string'),(3900,'apache.status','+',1897,'string'),(3901,'apache.size','eq',1898,'numeric'),(3908,'apache.requestURI','+',1903,'string'),(3909,'apache.status','+',1903,'string'),(3910,'apache.size','eq',1904,'numeric'),(3914,'apache.requestURI','+',1907,'string'),(3915,'apache.status','+',1907,'string'),(3916,'apache.size','eq',1908,'numeric'),(3923,'apache.requestURI','+',1913,'string'),(3924,'apache.status','+',1913,'string'),(3925,'apache.size','eq',1914,'numeric'),(3932,'apache.requestURI','+',1919,'string'),(3933,'apache.status','+',1919,'string'),(3934,'apache.size','eq',1920,'numeric'),(3935,'apache.requestURI','+',1921,'string'),(3936,'apache.status','+',1921,'string'),(3937,'apache.size','eq',1922,'numeric'),(3949,'apache.requestURI','+',1930,'string'),(3950,'apache.status','+',1930,'string'),(3951,'apache.size','eq',1931,'numeric'),(3958,'apache.requestURI','+',1936,'string'),(3959,'apache.size','eq',1937,'numeric'),(3965,'apache.requestURI','+',1942,'string'),(3966,'apache.size','eq',1943,'numeric'),(3972,'apache.size','eq',1948,'numeric'),(3980,'apache.size','eq',1954,'numeric'),(3984,'apache.requestURI','+',1958,'string'),(3985,'apache.size','eq',1959,'numeric'),(3990,'apache.size','eq',1964,'numeric'),(3996,'apache.size','eq',1970,'numeric'),(4001,'apache.size','eq',1975,'numeric'),(4060,'apache.size','eq',2034,'numeric'),(4061,'apache.size','eq',2035,'numeric'),(4064,'apache.size','eq',2038,'numeric'),(4067,'apache.size','eq',2041,'numeric'),(4070,'apache.size','eq',2044,'numeric'),(4073,'apache.size','eq',2047,'numeric'),(4076,'apache.size','eq',2050,'numeric'),(4079,'apache.size','eq',2053,'numeric'),(4082,'apache.size','eq',2056,'numeric'),(4099,'syslog.priority','+',2073,'string'),(4106,'syslog.priority','+',2080,'string'),(4110,'syslog.priority','+',2084,'string'),(4114,'syslog.priority','+',2088,'string'),(4118,'syslog.priority','+',2092,'string'),(4131,'logtype','+',2105,'string'),(4135,'logtype','+',2109,'string'),(4139,'logtype','+',2113,'string'),(4143,'logtype','+',2117,'string'),(4147,'logtype','+',2121,'string'),(4161,'logtype','+',2135,'string'),(4165,'logtype','+',2139,'string'),(4169,'logtype','+',2143,'string'),(4170,'logtype','+',2144,'string'),(4174,'logtype','+',2148,'string'),(4178,'logtype','+',2152,'string'),(4179,'logtype','+',2153,'string'),(4203,'syslog.appName','+',2177,'string'),(4213,'syslog.appName','+',2187,'string'),(4214,'derived.adsfasdfasdfasdfs','+',2187,'string'),(4219,'derived.adsfasdfasdfasdfs','+',2191,'string'),(4223,'derived.adsfasdfasdfasdfs','+',2195,'string'),(4227,'derived.adsfasdfasdfasdfs','+',2199,'string'),(4231,'derived.adsfasdfasdfasdfs','+',2203,'string'),(4235,'derived.adsfasdfasdfasdfs','+',2207,'string'),(4245,'syslog.priority','+',2217,'string'),(4252,'syslog.priority','+',2224,'string'),(4264,'syslog.priority','+',2236,'string'),(4272,'syslog.priority','+',2244,'string'),(4289,'syslog.priority','+',2261,'string'),(4298,'syslog.priority','+',2270,'string'),(4307,'syslog.priority','+',2279,'string'),(4316,'syslog.priority','+',2288,'string'),(4325,'syslog.priority','+',2297,'string'),(4334,'syslog.priority','+',2306,'string'),(4343,'syslog.priority','+',2315,'string'),(4352,'syslog.priority','+',2324,'string'),(4361,'syslog.priority','+',2333,'string'),(4370,'syslog.priority','+',2342,'string'),(4379,'syslog.priority','+',2351,'string'),(4388,'syslog.priority','+',2360,'string'),(4397,'syslog.priority','+',2369,'string'),(4406,'syslog.priority','+',2378,'string'),(4424,'syslog.host','+',2396,'string'),(4437,'syslog.host','+',2409,'string'),(4438,'derived.\"GET_/_HTTP/1_1\"_302_-_\"-\"_\"-\"_-_20814_host=','+',2409,'string'),(4449,'derived.\"GET_/_HTTP/1_1\"_302_-_\"-\"_\"-\"_-_20814_host=','+',2418,'string'),(4458,'derived.\"GET_/_HTTP/1_1\"_302_-_\"-\"_\"-\"_-_20814_host=','+',2427,'string'),(4558,'apache.requestURI','+',2527,'string'),(4559,'apache.size','eq',2528,'numeric'),(4560,'apache.size','eq',2529,'numeric'),(4565,'apache.requestURI','+',2534,'string'),(4566,'apache.size','eq',2535,'numeric'),(4577,'apache.requestURI','+',2546,'string'),(4578,'syslog.facility','+',2546,'string'),(4579,'apache.size','eq',2547,'numeric'),(4610,'apache.requestURI','+',2573,'string'),(4611,'syslog.facility','+',2573,'string'),(4612,'apache.size','range',2574,'numeric'),(4631,'apache.requestURI','+',2590,'string'),(4632,'syslog.facility','+',2590,'string'),(4633,'apache.size','lt',2591,'numeric'),(4640,'apache.size','eq',2597,'numeric'),(4649,'apache.requestURI','+',2606,'string'),(4650,'syslog.facility','+',2606,'string'),(4651,'apache.size','lt',2607,'numeric'),(4660,'apache.requestURI','+',2614,'string'),(4661,'syslog.facility','+',2614,'string'),(4662,'apache.size','lt',2615,'numeric'),(4671,'apache.requestURI','+',2622,'string'),(4672,'syslog.facility','+',2622,'string'),(4673,'apache.size','lt',2623,'numeric'),(4780,'system.repeats','neq',2704,'numeric'),(4916,'syslog.appName','+',2808,'string'),(4917,'system.repeats','gt',2809,'numeric'),(5096,'syslog.appName','+',2950,'string'),(5153,'syslog.appName._facet','+',2995,'string'),(5154,'system.repeats','eq',2996,'numeric'),(5175,'syslog.appName._facet','+',3013,'string'),(5194,'syslog.appName._facet','+',3028,'string'),(5195,'system.repeats','eq',3029,'numeric'),(5216,'syslog.appName._facet','+',3046,'string'),(5244,'syslog.appName._facet','+',3068,'string'),(5245,'syslog.facility','+',3068,'string'),(5266,'syslog.appName._facet','+',3083,'string'),(5267,'syslog.facility','+',3083,'string'),(5324,'syslog.appName._facet','+',3124,'string'),(5325,'syslog.facility','+',3124,'string'),(5328,'apache.size','eq',3127,'numeric'),(5329,'tag','+',3128,'string'),(5331,'tag','+',3130,'string'),(5335,'tag','+',3134,'string'),(5338,'tag','+',3137,'string'),(5340,'tag','+',3139,'string'),(5344,'syslog.priority','+',3143,'string'),(5345,'json.eventTotal','eq',3144,'numeric'),(5347,'json.eventTotal','eq',3146,'numeric'),(5349,'json.eventTotal','eq',3148,'numeric'),(5351,'json.eventTotal','eq',3150,'numeric'),(5352,'json.eventTotal','eq',3151,'numeric'),(5353,'json.eventTotal','eq',3152,'numeric'),(5354,'json.eventTotal','eq',3153,'numeric'),(5357,'json.eventTotal','eq',3156,'numeric'),(5360,'json.eventTotal','eq',3159,'numeric'),(5363,'json.eventTotal','eq',3162,'numeric'),(5366,'json.eventTotal','eq',3165,'numeric'),(5369,'json.eventTotal','eq',3168,'numeric'),(5372,'json.eventTotal','eq',3171,'numeric'),(5375,'json.eventTotal','eq',3174,'numeric'),(5378,'json.eventTotal','eq',3177,'numeric'),(5381,'json.eventTotal','eq',3180,'numeric'),(5384,'json.eventTotal','eq',3183,'numeric'),(5387,'json.eventTotal','eq',3186,'numeric'),(5430,'json.eventTotal','eq',3229,'numeric'),(5431,'json.eventTotal','eq',3230,'numeric'),(5432,'json.eventTotal','eq',3231,'numeric'),(5433,'json.eventTotal','eq',3232,'numeric'),(5443,'json.eventTotal','eq',3242,'numeric'),(5447,'json.eventTotal','eq',3246,'numeric'),(5460,'json.eventTotal','eq',3259,'numeric'),(5477,'json.eventTotal','eq',3276,'numeric'),(5483,'json.eventTotal','eq',3282,'numeric'),(5489,'json.eventTotal','eq',3288,'numeric'),(5490,'json.eventTotal','eq',3289,'numeric'),(5499,'syslog.host','+',3298,'string'),(5502,'syslog.host','+',3301,'string'),(5507,'syslog.host','+',3306,'string'),(5514,'syslog.host._facet','+',3313,'string'),(5527,'syslog.host','+',3326,'string'),(5538,'syslog.host._facet','+',3337,'string'),(5607,'syslog.host._facet','+',3406,'string'),(5613,'syslog.host','+',3412,'string'),(5616,'syslog.host','+',3415,'string'),(5627,'syslog.host','+',3426,'string'),(5632,'syslog.host','+',3431,'string'),(5637,'syslog.host','+',3436,'string'),(5646,'syslog.host._facet','+',3445,'string'),(5691,'syslog.host._facet','+',3490,'string'),(5720,'syslog.host._facet','+',3519,'string'),(5771,'syslog.host._facet','+',3570,'string'),(5790,'syslog.host._facet','+',3589,'string'),(5791,'tag','+',3590,'string');
/*!40000 ALTER TABLE `fieldfilter_fieldfilter` ENABLE KEYS */;
UNLOCK TABLES;

--
-- Table structure for table `fieldfilter_fieldfiltergroup`
--

DROP TABLE IF EXISTS `fieldfilter_fieldfiltergroup`;
/*!40101 SET @saved_cs_client     = @@character_set_client */;
/*!40101 SET character_set_client = utf8 */;
CREATE TABLE `fieldfilter_fieldfiltergroup` (
  `id` int(11) NOT NULL AUTO_INCREMENT,
  PRIMARY KEY (`id`)
) ENGINE=InnoDB AUTO_INCREMENT=3591 DEFAULT CHARSET=latin1;
/*!40101 SET character_set_client = @saved_cs_client */;

--
-- Dumping data for table `fieldfilter_fieldfiltergroup`
--

LOCK TABLES `fieldfilter_fieldfiltergroup` WRITE;
/*!40000 ALTER TABLE `fieldfilter_fieldfiltergroup` DISABLE KEYS */;
INSERT INTO `fieldfilter_fieldfiltergroup` VALUES (1),(2),(3),(4),(5),(8),(11),(14),(17),(20),(21),(24),(25),(28),(29),(32),(33),(36),(37),(40),(41),(44),(45),(48),(49),(52),(53),(56),(57),(60),(61),(64),(65),(68),(69),(105),(106),(231),(233),(242),(245),(252),(258),(269),(276),(279),(280),(284),(285),(288),(291),(294),(296),(320),(323),(324),(327),(328),(334),(337),(338),(341),(343),(345),(347),(348),(350),(352),(353),(355),(356),(358),(360),(362),(363),(365),(367),(368),(370),(371),(373),(375),(377),(379),(381),(383),(385),(387),(389),(391),(393),(394),(396),(398),(399),(402),(404),(411),(418),(420),(426),(430),(435),(440),(445),(450),(455),(460),(473),(476),(481),(484),(502),(506),(508),(513),(520),(527),(530),(533),(536),(539),(544),(549),(554),(559),(564),(569),(574),(579),(584),(589),(590),(595),(596),(601),(602),(607),(612),(613),(618),(619),(624),(625),(630),(631),(636),(637),(640),(641),(646),(647),(652),(653),(658),(663),(668),(673),(678),(683),(684),(689),(694),(695),(700),(701),(708),(709),(714),(719),(724),(729),(732),(737),(740),(745),(760),(801),(826),(1019),(1034),(1039),(1044),(1057),(1062),(1072),(1093),(1094),(1105),(1116),(1134),(1343),(1370),(1375),(1380),(1381),(1386),(1391),(1392),(1393),(1394),(1395),(1396),(1401),(1402),(1403),(1472),(1483),(1494),(1505),(1506),(1512),(1523),(1534),(1545),(1546),(1562),(1563),(1579),(1580),(1586),(1602),(1608),(1614),(1625),(1636),(1647),(1658),(1664),(1685),(1691),(1702),(1708),(1726),(1740),(1746),(1752),(1858),(1864),(1865),(1874),(1876),(1878),(1879),(1881),(1882),(1883),(1889),(1897),(1898),(1903),(1904),(1907),(1908),(1913),(1914),(1919),(1920),(1921),(1922),(1930),(1931),(1936),(1937),(1942),(1943),(1948),(1954),(1958),(1959),(1964),(1970),(1975),(2034),(2035),(2038),(2041),(2044),(2047),(2050),(2053),(2056),(2073),(2080),(2084),(2088),(2092),(2105),(2109),(2113),(2117),(2121),(2135),(2139),(2143),(2144),(2148),(2152),(2153),(2177),(2187),(2191),(2195),(2199),(2203),(2207),(2217),(2224),(2236),(2244),(2261),(2270),(2279),(2288),(2297),(2306),(2315),(2324),(2333),(2342),(2351),(2360),(2369),(2378),(2396),(2409),(2418),(2427),(2527),(2528),(2529),(2534),(2535),(2546),(2547),(2573),(2574),(2590),(2591),(2597),(2606),(2607),(2614),(2615),(2622),(2623),(2704),(2808),(2809),(2950),(2995),(2996),(3013),(3028),(3029),(3046),(3068),(3083),(3124),(3127),(3128),(3130),(3134),(3137),(3139),(3143),(3144),(3146),(3148),(3150),(3151),(3152),(3153),(3156),(3159),(3162),(3165),(3168),(3171),(3174),(3177),(3180),(3183),(3186),(3229),(3230),(3231),(3232),(3242),(3246),(3259),(3276),(3282),(3288),(3289),(3298),(3301),(3306),(3313),(3326),(3337),(3406),(3412),(3415),(3426),(3431),(3436),(3445),(3490),(3519),(3570),(3589),(3590);
/*!40000 ALTER TABLE `fieldfilter_fieldfiltergroup` ENABLE KEYS */;
UNLOCK TABLES;

--
-- Table structure for table `fieldfilter_fieldfiltervalue`
--

DROP TABLE IF EXISTS `fieldfilter_fieldfiltervalue`;
/*!40101 SET @saved_cs_client     = @@character_set_client */;
/*!40101 SET character_set_client = utf8 */;
CREATE TABLE `fieldfilter_fieldfiltervalue` (
  `id` int(11) NOT NULL AUTO_INCREMENT,
  `field_filter_id` int(11) NOT NULL,
  `value` varchar(1000) NOT NULL,
  PRIMARY KEY (`id`),
  KEY `fieldfilter_fieldfiltervalue_1170bf81` (`field_filter_id`),
  CONSTRAINT `field_filter_id_refs_id_57439c79d9d15783` FOREIGN KEY (`field_filter_id`) REFERENCES `fieldfilter_fieldfilter` (`id`)
) ENGINE=InnoDB AUTO_INCREMENT=5099 DEFAULT CHARSET=latin1;
/*!40101 SET character_set_client = @saved_cs_client */;

--
-- Dumping data for table `fieldfilter_fieldfiltervalue`
--

LOCK TABLES `fieldfilter_fieldfiltervalue` WRITE;
/*!40000 ALTER TABLE `fieldfilter_fieldfiltervalue` DISABLE KEYS */;
INSERT INTO `fieldfilter_fieldfiltervalue` VALUES (4,1,'httpd'),(5,3,'apache-access'),(6,4,'apache'),(7,5,'frontend'),(8,6,'frontend'),(9,7,'frontend'),(10,8,'frontend'),(13,11,'frontend'),(16,14,'frontend'),(19,17,'frontend'),(22,20,'frontend'),(25,23,'frontend'),(26,24,'frontend'),(29,27,'frontend'),(30,28,'frontend'),(31,29,'frontend'),(34,32,'frontend'),(35,33,'frontend'),(38,36,'frontend'),(39,37,'frontend'),(42,40,'frontend'),(43,41,'frontend'),(46,44,'frontend'),(47,45,'frontend'),(50,48,'frontend'),(51,49,'frontend'),(54,52,'frontend'),(55,53,'frontend'),(58,56,'frontend'),(59,57,'frontend'),(62,60,'frontend'),(63,61,'frontend'),(66,64,'frontend'),(67,65,'frontend'),(70,68,'frontend'),(71,69,'frontend'),(74,72,'frontend'),(75,73,'frontend'),(111,109,'frontend'),(112,110,'frontend'),(237,235,'frontend'),(239,237,'frontend'),(250,248,'frontend'),(251,249,'Informational'),(256,254,'frontend'),(257,255,'Informational'),(270,268,'frontend'),(271,269,'Informational'),(282,280,'frontend'),(283,281,'Informational'),(300,298,'Informational'),(308,306,'Informational'),(309,307,'134'),(314,312,'Informational'),(315,313,'134'),(316,314,'Informational'),(317,315,'134'),(324,322,'Informational'),(325,323,'134'),(326,324,'Informational'),(327,325,'134'),(332,330,'Informational'),(333,331,'134'),(338,336,'Informational'),(339,337,'134'),(343,341,'Informational'),(345,343,'Informational'),(391,380,'Informational'),(392,381,'updatedonSept8'),(393,381,'apache'),(394,382,'apache'),(403,389,'Informational'),(404,390,'updatedonSept8'),(405,390,'apache'),(406,391,'apache'),(407,392,'Informational'),(408,393,'updatedonSept8'),(409,393,'apache'),(410,394,'apache'),(419,401,'Informational'),(420,402,'updatedonSept8'),(421,402,'apache'),(422,403,'apache'),(423,404,'Informational'),(424,405,'updatedonSept8'),(425,405,'apache'),(426,406,'apache'),(445,420,'updatedonSept8'),(446,420,'apache'),(447,421,'apache'),(454,426,'updatedonSept8'),(455,426,'apache'),(456,427,'apache'),(457,428,'updatedonSept8'),(458,428,'apache'),(459,429,'apache'),(466,434,'updatedonSept8'),(467,434,'apache'),(468,435,'apache'),(472,438,'updatedonSept8'),(473,438,'apache'),(474,439,'apache'),(478,442,'updatedonSept8'),(479,442,'apache'),(480,443,'apache'),(484,446,'updatedonSept8'),(485,446,'apache'),(486,447,'apache'),(487,448,'updatedonSept8'),(488,448,'apache'),(489,449,'apache'),(493,452,'updatedonSept8'),(494,452,'apache'),(495,453,'apache'),(499,456,'updatedonSept8'),(500,456,'apache'),(501,457,'apache'),(502,458,'updatedonSept8'),(503,458,'apache'),(504,459,'apache'),(508,462,'updatedonSept8'),(509,462,'apache'),(510,463,'apache'),(511,464,'updatedonSept8'),(512,464,'apache'),(513,465,'apache'),(517,468,'updatedonSept8'),(518,468,'apache'),(519,469,'apache'),(523,472,'updatedonSept8'),(524,472,'apache'),(525,473,'apache'),(529,476,'updatedonSept8'),(530,476,'apache'),(531,477,'apache'),(532,478,'updatedonSept8'),(533,478,'apache'),(534,479,'apache'),(538,482,'updatedonSept8'),(539,482,'apache'),(540,483,'apache'),(544,486,'updatedonSept8'),(545,486,'apache'),(546,487,'apache'),(547,488,'updatedonSept8'),(548,488,'apache'),(549,489,'apache'),(553,492,'updatedonSept8'),(554,492,'apache'),(555,493,'apache'),(556,494,'updatedonSept8'),(557,494,'apache'),(558,495,'apache'),(562,498,'updatedonSept8'),(563,498,'apache'),(564,499,'apache'),(568,502,'updatedonSept8'),(569,502,'apache'),(570,503,'apache'),(574,506,'updatedonSept8'),(575,506,'apache'),(576,507,'apache'),(580,510,'updatedonSept8'),(581,510,'apache'),(582,511,'apache'),(586,514,'updatedonSept8'),(587,514,'apache'),(588,515,'apache'),(592,518,'updatedonSept8'),(593,518,'apache'),(594,519,'apache'),(598,522,'updatedonSept8'),(599,522,'apache'),(600,523,'apache'),(604,526,'updatedonSept8'),(605,526,'apache'),(606,527,'apache'),(610,530,'updatedonSept8'),(611,530,'apache'),(612,531,'apache'),(616,534,'updatedonSept8'),(617,534,'apache'),(618,535,'apache'),(622,538,'updatedonSept8'),(623,538,'apache'),(624,539,'apache'),(625,540,'updatedonSept8'),(626,540,'apache'),(627,541,'apache'),(631,544,'updatedonSept8'),(632,544,'apache'),(633,545,'apache'),(637,548,'updatedonSept8'),(638,548,'apache'),(639,549,'apache'),(640,550,'updatedonSept8'),(641,550,'apache'),(642,551,'apache'),(649,556,'updatedonSept8'),(650,556,'apache'),(651,557,'apache'),(655,560,'updatedonSept8'),(656,560,'apache'),(657,561,'apache'),(667,570,'apache'),(668,571,'B Rule'),(669,571,'syslog'),(678,580,'apache'),(679,581,'9th Sept'),(682,584,'apache'),(683,585,'9th Sept'),(691,593,'local use 0'),(692,594,'frontend'),(698,600,'local use 0'),(699,601,'frontend'),(708,610,'local use 0'),(709,611,'frontend'),(718,620,'local use 0'),(719,621,'frontend'),(728,630,'local use 0'),(729,631,'frontend'),(738,640,'local use 0'),(739,641,'frontend'),(748,650,'local use 0'),(749,651,'frontend'),(758,660,'local use 0'),(759,661,'frontend'),(783,685,'frontend'),(784,686,'Informational'),(785,687,'apache-access'),(792,694,'frontend'),(793,695,'Informational'),(794,696,'apache-access'),(807,709,'frontend'),(808,710,'Informational'),(809,711,'apache-access'),(816,718,'frontend'),(817,719,'Informational'),(818,720,'apache-access'),(860,762,'apache-access'),(861,763,'134'),(862,764,'Informational'),(870,772,'Informational'),(872,774,'apache-access'),(873,775,'134'),(874,776,'Informational'),(887,789,'apache-access'),(888,790,'134'),(889,791,'Informational'),(907,809,'apache-access'),(908,810,'134'),(924,826,'apache-access'),(925,827,'134'),(931,833,'apache-access'),(932,834,'134'),(938,840,'apache-access'),(939,841,'134'),(945,847,'apache-access'),(946,848,'134'),(952,854,'apache-access'),(953,855,'134'),(964,866,'apache-access'),(965,867,'134'),(976,878,'apache-access'),(977,879,'134'),(988,890,'apache-access'),(989,891,'134'),(990,892,'Informational'),(1003,905,'apache-access'),(1004,906,'134'),(1005,907,'Informational'),(1018,920,'apache-access'),(1019,921,'134'),(1020,922,'Informational'),(1033,935,'apache-access'),(1034,936,'134'),(1035,937,'Informational'),(1048,950,'apache-access'),(1049,951,'134'),(1050,952,'Informational'),(1063,965,'apache-access'),(1064,966,'134'),(1065,967,'Informational'),(1078,980,'apache-access'),(1079,981,'134'),(1080,982,'Informational'),(1093,995,'apache-access'),(1094,996,'134'),(1095,997,'Informational'),(1096,998,'apache-access'),(1097,999,'134'),(1098,1000,'Informational'),(1111,1013,'apache-access'),(1112,1014,'134'),(1113,1015,'Informational'),(1114,1016,'apache-access'),(1115,1017,'134'),(1116,1018,'Informational'),(1129,1031,'apache-access'),(1130,1032,'134'),(1131,1033,'Informational'),(1132,1034,'apache-access'),(1133,1035,'134'),(1134,1036,'Informational'),(1147,1049,'apache-access'),(1148,1050,'134'),(1149,1051,'Informational'),(1162,1064,'apache-access'),(1163,1065,'134'),(1164,1066,'Informational'),(1165,1067,'apache-access'),(1166,1068,'134'),(1167,1069,'Informational'),(1180,1082,'apache-access'),(1181,1083,'134'),(1182,1084,'Informational'),(1183,1085,'apache-access'),(1184,1086,'134'),(1185,1087,'Informational'),(1198,1100,'apache-access'),(1199,1101,'134'),(1200,1102,'Informational'),(1201,1103,'apache-access'),(1202,1104,'134'),(1203,1105,'Informational'),(1216,1118,'apache-access'),(1217,1119,'134'),(1218,1120,'Informational'),(1219,1121,'apache-access'),(1220,1122,'134'),(1221,1123,'Informational'),(1234,1136,'apache-access'),(1235,1137,'134'),(1236,1138,'Informational'),(1237,1139,'apache-access'),(1238,1140,'134'),(1239,1141,'Informational'),(1246,1148,'apache-access'),(1247,1149,'134'),(1248,1150,'Informational'),(1249,1151,'apache-access'),(1250,1152,'134'),(1251,1153,'Informational'),(1264,1166,'apache-access'),(1265,1167,'134'),(1266,1168,'Informational'),(1267,1169,'apache-access'),(1268,1170,'134'),(1269,1171,'Informational'),(1282,1184,'apache-access'),(1283,1185,'134'),(1284,1186,'Informational'),(1285,1187,'apache-access'),(1286,1188,'134'),(1287,1189,'Informational'),(1300,1202,'apache-access'),(1301,1203,'134'),(1302,1204,'Informational'),(1315,1217,'apache-access'),(1316,1218,'134'),(1317,1219,'Informational'),(1330,1232,'apache-access'),(1331,1233,'134'),(1332,1234,'Informational'),(1345,1247,'apache-access'),(1346,1248,'134'),(1347,1249,'Informational'),(1360,1262,'apache-access'),(1361,1263,'134'),(1362,1264,'Informational'),(1375,1277,'apache-access'),(1376,1278,'134'),(1377,1279,'Informational'),(1378,1280,'apache-access'),(1379,1281,'134'),(1380,1282,'Informational'),(1393,1295,'apache-access'),(1394,1296,'134'),(1395,1297,'Informational'),(1408,1310,'apache-access'),(1409,1311,'134'),(1410,1312,'Informational'),(1411,1313,'apache-access'),(1412,1314,'134'),(1413,1315,'Informational'),(1426,1328,'apache-access'),(1427,1329,'134'),(1428,1330,'Informational'),(1429,1331,'apache-access'),(1430,1332,'134'),(1431,1333,'Informational'),(1450,1352,'apache-access'),(1451,1353,'134'),(1452,1354,'Informational'),(1453,1355,'apache-access'),(1454,1356,'134'),(1455,1357,'Informational'),(1468,1370,'apache-access'),(1469,1371,'134'),(1470,1372,'Informational'),(1483,1385,'apache-access'),(1484,1386,'134'),(1485,1387,'Informational'),(1498,1400,'apache-access'),(1499,1401,'134'),(1500,1402,'Informational'),(1513,1415,'apache-access'),(1514,1416,'134'),(1515,1417,'Informational'),(1522,1424,'apache-access'),(1523,1425,'134'),(1524,1426,'Informational'),(1537,1439,'apache-access'),(1538,1440,'134'),(1539,1441,'Informational'),(1546,1448,'apache-access'),(1547,1449,'134'),(1548,1450,'Informational'),(1561,1463,'apache-access'),(1562,1464,'134'),(1563,1465,'Informational'),(1603,1505,'apache-access'),(1604,1506,'134'),(1605,1507,'Informational'),(1719,1621,'apache-access'),(1720,1622,'134'),(1721,1623,'Informational'),(1790,1692,'b1'),(2285,2185,'9th Sept'),(2316,2216,'9th Sept'),(2325,2225,'9th Sept'),(2326,2225,'syslog'),(2336,2234,'9th Sept'),(2337,2234,'syslog'),(2338,2234,'tiemstamptest1'),(2369,2259,'9th Sept'),(2370,2259,'syslog'),(2380,2268,'9th Sept'),(2402,2290,'9th Sept'),(2403,2290,'syslog'),(2448,2327,'9th Sept'),(2449,2327,'syslog'),(2450,2328,'9th Sept'),(2451,2328,'syslog'),(2474,2347,'9th Sept'),(2475,2347,'syslog'),(2498,2366,'9th Sept'),(2536,2400,'9th Sept'),(3019,2877,'9th Sept'),(3078,2936,'UntitledRulesdfdsfsd'),(3087,2945,'UntitledRulesdfdsfsd'),(3088,2945,'syslog'),(3098,2954,'UntitledRulesdfdsfsd'),(3099,2954,'syslog'),(3100,2954,'9th Sept'),(3101,2955,'syslog'),(3102,2955,'9th Sept'),(3112,2964,'9th Sept'),(3121,2973,'9th Sept'),(3122,2973,'UntitledRulesdfdsfsd'),(3123,2974,'UntitledRulesdfdsfsd'),(3124,2975,'tiemstamptest1'),(3125,2976,'tiemstamptest1'),(3126,2976,'UntitledRulesdfdsfsd'),(3127,2977,'tiemstamptest1'),(3128,2977,'UntitledRulesdfdsfsd'),(3129,2977,'9th Sept'),(3130,2978,'tiemstamptest1'),(3131,2978,'UntitledRulesdfdsfsd'),(3141,2987,'tiemstamptest1'),(3142,2988,'tiemstamptest1'),(3143,2988,'syslog'),(3144,2989,'tiemstamptest1'),(3145,2989,'syslog'),(3146,2989,'9th Sept'),(3317,3126,'UntitledRulesdfdsfsd'),(3336,3145,'UntitledRulesdfdsfsd'),(3355,3164,'UntitledRulesdfdsfsd'),(3374,3183,'UntitledRulesdfdsfsd'),(3375,3184,'UntitledRulesdfdsfsd'),(3385,3194,'UntitledRulesdfdsfsd'),(3404,3213,'UntitledRulesdfdsfsd'),(3423,3232,'UntitledRulesdfdsfsd'),(3442,3251,'UntitledRulesdfdsfsd'),(3443,3252,'UntitledRulesdfdsfsd'),(3471,3280,'UntitledRulesdfdsfsd'),(3472,3281,'UntitledRulesdfdsfsd'),(3500,3309,'UntitledRulesdfdsfsd'),(3501,3310,'UntitledRulesdfdsfsd'),(3511,3320,'UntitledRulesdfdsfsd'),(3539,3348,'UntitledRulesdfdsfsd'),(3549,3358,'UntitledRulesdfdsfsd'),(3559,3368,'UntitledRulesdfdsfsd'),(3578,3387,'UntitledRulesdfdsfsd'),(3597,3406,'UntitledRulesdfdsfsd'),(3616,3425,'UntitledRulesdfdsfsd'),(3635,3444,'UntitledRulesdfdsfsd'),(3645,3454,'UntitledRulesdfdsfsd'),(3682,3491,'UntitledRulesdfdsfsd'),(3692,3501,'UntitledRulesdfdsfsd'),(3711,3520,'UntitledRulesdfdsfsd'),(3712,3521,'apache'),(3723,3532,'apache'),(3757,3566,'apache'),(3783,3592,'9th Sept'),(3793,3602,'9th Sept'),(3794,3602,'syslog'),(3805,3612,'9th Sept'),(4047,3854,'134'),(4050,3860,'200'),(4055,3872,'*'),(4057,3874,'*'),(4058,3874,'/'),(4059,3875,'*'),(4061,3877,'*'),(4062,3877,'/'),(4063,3878,'*'),(4064,3879,'*'),(4065,3879,'/'),(4076,3885,'*'),(4077,3885,'/'),(4078,3886,'200'),(4094,3899,'*'),(4095,3899,'/'),(4096,3900,'200'),(4103,3908,'*'),(4104,3908,'/'),(4105,3909,'200'),(4109,3914,'*'),(4110,3914,'/'),(4111,3915,'200'),(4118,3923,'*'),(4119,3923,'/'),(4120,3924,'200'),(4127,3932,'*'),(4128,3932,'/'),(4129,3933,'200'),(4130,3935,'*'),(4131,3935,'/'),(4132,3936,'200'),(4145,3949,'*'),(4146,3949,'/'),(4147,3950,'200'),(4154,3958,'*'),(4155,3958,'/'),(4161,3965,'*'),(4172,3984,'*'),(4173,4099,'134'),(4176,4106,'134'),(4178,4110,'134'),(4180,4114,'134'),(4182,4118,'134'),(4185,4131,'Testrule'),(4187,4135,'Testrule'),(4188,4135,'UntitledRulesdfsadfs'),(4191,4139,'Testrule'),(4192,4139,'UntitledRulesdfsadfs'),(4193,4139,'syslog'),(4197,4143,'Testrule'),(4198,4143,'UntitledRulesdfsadfs'),(4201,4147,'Testrule'),(4203,4161,'test1'),(4205,4165,'test1'),(4206,4165,'syslog'),(4209,4169,'test1'),(4210,4169,'syslog'),(4211,4169,'tiemstamptest1'),(4212,4170,'test1'),(4213,4170,'syslog'),(4214,4170,'tiemstamptest1'),(4215,4170,'Sept22'),(4220,4174,'test1'),(4221,4174,'syslog'),(4222,4174,'tiemstamptest1'),(4226,4178,'test1'),(4227,4178,'syslog'),(4228,4179,'test1'),(4230,4203,'apache-access'),(4234,4213,'apache-access'),(4235,4214,'10.30.5.211 - - [22/Sep/2015:11:36:01 +0000] \"-\" 408 - \"-\" \"-\" - 23 host=-'),(4238,4219,'10.30.5.211 - - [22/Sep/2015:11:36:01 +0000] \"-\" 408 - \"-\" \"-\" - 23 host=-'),(4240,4223,'10.30.5.211 - - [22/Sep/2015:11:36:01 +0000] \"-\" 408 - \"-\" \"-\" - 23 host=-'),(4242,4227,'10.30.5.211 - - [22/Sep/2015:11:36:01 +0000] \"-\" 408 - \"-\" \"-\" - 23 host=-'),(4244,4231,'10.30.5.211 - - [22/Sep/2015:11:36:01 +0000] \"-\" 408 - \"-\" \"-\" - 23 host=-'),(4246,4235,'10.30.5.211 - - [22/Sep/2015:11:36:01 +0000] \"-\" 408 - \"-\" \"-\" - 23 host=-'),(4248,4245,'134'),(4251,4252,'134'),(4257,4264,'134'),(4261,4272,'134'),(4270,4289,'134'),(4275,4298,'134'),(4280,4307,'134'),(4285,4316,'134'),(4290,4325,'134'),(4295,4334,'134'),(4300,4343,'134'),(4305,4352,'134'),(4310,4361,'134'),(4315,4370,'134'),(4320,4379,'134'),(4325,4388,'134'),(4330,4397,'134'),(4335,4406,'134'),(4343,4424,'frontend'),(4350,4437,'frontend'),(4351,4438,'2406:da00:ff00::6b15:5c5c'),(4358,4449,'2406:da00:ff00::6b15:5c5c'),(4363,4458,'2406:da00:ff00::6b15:5c5c'),(4395,4558,'127.0.0.1'),(4397,4565,'/'),(4402,4577,'/'),(4403,4578,'local use 0'),(4419,4610,'/'),(4420,4611,'local use 0'),(4430,4631,'/'),(4431,4632,'local use 0'),(4435,4649,'/'),(4436,4650,'local use 0'),(4441,4660,'/'),(4442,4661,'local use 0'),(4447,4671,'/'),(4448,4672,'local use 0'),(4565,4916,'apache-access'),(4660,5096,'apache-access'),(4691,5153,'apache-access'),(4702,5175,'apache-access'),(4713,5194,'apache-access'),(4724,5216,'apache-access'),(4740,5244,'apache-access'),(4741,5245,'local use 0'),(4754,5266,'apache-access'),(4755,5267,'local use 0'),(4788,5324,'apache-access'),(4789,5325,'local use 0'),(4790,5329,'apache'),(4792,5331,'apache'),(4796,5335,'apache'),(4799,5338,'apache'),(4801,5340,'apache'),(4805,5344,'131'),(4806,5499,'frontend'),(4809,5502,'frontend'),(4814,5507,'frontend'),(4821,5514,'frontend'),(4834,5527,'frontend'),(4845,5538,'frontend'),(4914,5607,'frontend'),(4920,5613,'frontend'),(4923,5616,'frontend'),(4934,5627,'frontend'),(4939,5632,'frontend'),(4944,5637,'frontend'),(4953,5646,'frontend'),(4998,5691,'frontend'),(5027,5720,'frontend'),(5078,5771,'frontend'),(5097,5790,'frontend'),(5098,5791,'apache');
/*!40000 ALTER TABLE `fieldfilter_fieldfiltervalue` ENABLE KEYS */;
UNLOCK TABLES;

--
-- Table structure for table `fieldfilter_numericfiltervalue`
--

DROP TABLE IF EXISTS `fieldfilter_numericfiltervalue`;
/*!40101 SET @saved_cs_client     = @@character_set_client */;
/*!40101 SET character_set_client = utf8 */;
CREATE TABLE `fieldfilter_numericfiltervalue` (
  `id` int(11) NOT NULL AUTO_INCREMENT,
  `field_filter_id` int(11) NOT NULL,
  `value` bigint(20) NOT NULL,
  PRIMARY KEY (`id`),
  KEY `fieldfilter_numericfiltervalue_1170bf81` (`field_filter_id`),
  CONSTRAINT `field_filter_id_refs_id_1298e96ca89a804c` FOREIGN KEY (`field_filter_id`) REFERENCES `fieldfilter_fieldfilter` (`id`)
) ENGINE=InnoDB AUTO_INCREMENT=943 DEFAULT CHARSET=latin1;
/*!40101 SET character_set_client = @saved_cs_client */;

--
-- Dumping data for table `fieldfilter_numericfiltervalue`
--

LOCK TABLES `fieldfilter_numericfiltervalue` WRITE;
/*!40000 ALTER TABLE `fieldfilter_numericfiltervalue` DISABLE KEYS */;
INSERT INTO `fieldfilter_numericfiltervalue` VALUES (4,3861,125),(9,3870,126),(13,3901,125),(16,3910,125),(18,3916,125),(21,3925,125),(24,3934,125),(25,3937,125),(29,3951,125),(32,3959,125),(35,3966,125),(38,3972,125),(42,3980,125),(46,3985,125),(49,3990,125),(53,3996,125),(58,4001,125),(117,4060,125),(118,4061,125),(121,4064,125),(124,4067,125),(127,4070,125),(130,4073,125),(133,4076,125),(136,4079,125),(139,4082,125),(416,4559,187),(417,4560,187),(421,4566,187),(428,4579,187),(446,4612,187),(447,4612,188),(459,4633,187),(463,4640,187),(472,4651,187),(477,4662,187),(482,4673,187),(537,4780,2),(609,4917,2),(720,5154,2),(739,5195,2),(796,5328,125),(797,5345,2),(799,5347,2),(801,5349,2),(803,5351,2),(804,5352,2),(805,5353,2),(806,5354,2),(809,5357,2),(812,5360,2),(815,5363,2),(818,5366,2),(821,5369,2),(824,5372,2),(827,5375,2),(830,5378,2),(833,5381,2),(836,5384,2),(839,5387,2),(882,5430,2),(883,5431,2),(884,5432,2),(885,5433,2),(895,5443,2),(899,5447,2),(912,5460,2),(929,5477,2),(935,5483,2),(941,5489,2),(942,5490,2);
/*!40000 ALTER TABLE `fieldfilter_numericfiltervalue` ENABLE KEYS */;
UNLOCK TABLES;

--
-- Table structure for table `loggly_loggly`
--

DROP TABLE IF EXISTS `loggly_loggly`;
/*!40101 SET @saved_cs_client     = @@character_set_client */;
/*!40101 SET character_set_client = utf8 */;
CREATE TABLE `loggly_loggly` (
  `id` int(11) NOT NULL AUTO_INCREMENT,
  PRIMARY KEY (`id`)
) ENGINE=InnoDB DEFAULT CHARSET=latin1;
/*!40101 SET character_set_client = @saved_cs_client */;

--
-- Dumping data for table `loggly_loggly`
--

LOCK TABLES `loggly_loggly` WRITE;
/*!40000 ALTER TABLE `loggly_loggly` DISABLE KEYS */;
/*!40000 ALTER TABLE `loggly_loggly` ENABLE KEYS */;
UNLOCK TABLES;

--
-- Table structure for table `loggly_runtimeflag`
--

DROP TABLE IF EXISTS `loggly_runtimeflag`;
/*!40101 SET @saved_cs_client     = @@character_set_client */;
/*!40101 SET character_set_client = utf8 */;
CREATE TABLE `loggly_runtimeflag` (
  `id` int(11) NOT NULL AUTO_INCREMENT,
  `name` varchar(80) NOT NULL,
  `value` longtext NOT NULL,
  PRIMARY KEY (`id`),
  UNIQUE KEY `name` (`name`)
) ENGINE=InnoDB DEFAULT CHARSET=latin1;
/*!40101 SET character_set_client = @saved_cs_client */;

--
-- Dumping data for table `loggly_runtimeflag`
--

LOCK TABLES `loggly_runtimeflag` WRITE;
/*!40000 ALTER TABLE `loggly_runtimeflag` DISABLE KEYS */;
/*!40000 ALTER TABLE `loggly_runtimeflag` ENABLE KEYS */;
UNLOCK TABLES;

--
-- Table structure for table `notifications_notification`
--

DROP TABLE IF EXISTS `notifications_notification`;
/*!40101 SET @saved_cs_client     = @@character_set_client */;
/*!40101 SET character_set_client = utf8 */;
CREATE TABLE `notifications_notification` (
  `id` int(11) NOT NULL AUTO_INCREMENT,
  `level` varchar(200) NOT NULL,
  `text` varchar(2048) NOT NULL,
  `expires` datetime NOT NULL,
  `customer_id` int(11) DEFAULT NULL,
  `msg_key` varchar(256) NOT NULL,
  `msg_type` varchar(256) NOT NULL,
  PRIMARY KEY (`id`),
  UNIQUE KEY `notifications_notification_customer_id_49ddba085da924dd_uniq` (`customer_id`,`msg_key`),
  KEY `notifications_notification_edc991fc` (`customer_id`),
  CONSTRAINT `customer_id_refs_id_23c8676e22652029` FOREIGN KEY (`customer_id`) REFERENCES `customer_customer` (`id`)
) ENGINE=InnoDB DEFAULT CHARSET=latin1;
/*!40101 SET character_set_client = @saved_cs_client */;

--
-- Dumping data for table `notifications_notification`
--

LOCK TABLES `notifications_notification` WRITE;
/*!40000 ALTER TABLE `notifications_notification` DISABLE KEYS */;
/*!40000 ALTER TABLE `notifications_notification` ENABLE KEYS */;
UNLOCK TABLES;

--
-- Table structure for table `notifications_notification_dismissals`
--

DROP TABLE IF EXISTS `notifications_notification_dismissals`;
/*!40101 SET @saved_cs_client     = @@character_set_client */;
/*!40101 SET character_set_client = utf8 */;
CREATE TABLE `notifications_notification_dismissals` (
  `id` int(11) NOT NULL AUTO_INCREMENT,
  `notification_id` int(11) NOT NULL,
  `notificationdismissal_id` int(11) NOT NULL,
  PRIMARY KEY (`id`),
  UNIQUE KEY `notifications_notificatio_notification_id_4c797bbb38ce9a8a_uniq` (`notification_id`,`notificationdismissal_id`),
  KEY `notifications_notification_dismissals_ca24cde3` (`notification_id`),
  KEY `notifications_notification_dismissals_5a9585eb` (`notificationdismissal_id`),
  CONSTRAINT `notificationdismissal_id_refs_id_1d53d7b814179225` FOREIGN KEY (`notificationdismissal_id`) REFERENCES `notifications_notificationdismissal` (`id`),
  CONSTRAINT `notification_id_refs_id_6464d7bc8d622949` FOREIGN KEY (`notification_id`) REFERENCES `notifications_notification` (`id`)
) ENGINE=InnoDB DEFAULT CHARSET=latin1;
/*!40101 SET character_set_client = @saved_cs_client */;

--
-- Dumping data for table `notifications_notification_dismissals`
--

LOCK TABLES `notifications_notification_dismissals` WRITE;
/*!40000 ALTER TABLE `notifications_notification_dismissals` DISABLE KEYS */;
/*!40000 ALTER TABLE `notifications_notification_dismissals` ENABLE KEYS */;
UNLOCK TABLES;

--
-- Table structure for table `notifications_notificationdismissal`
--

DROP TABLE IF EXISTS `notifications_notificationdismissal`;
/*!40101 SET @saved_cs_client     = @@character_set_client */;
/*!40101 SET character_set_client = utf8 */;
CREATE TABLE `notifications_notificationdismissal` (
  `id` int(11) NOT NULL AUTO_INCREMENT,
  `created_at` datetime NOT NULL,
  `created_by_id` int(11) NOT NULL,
  `expires` datetime NOT NULL,
  PRIMARY KEY (`id`),
  KEY `notifications_notificationdismissal_b5de30be` (`created_by_id`),
  CONSTRAINT `created_by_id_refs_id_65f17cbd4b273cb6` FOREIGN KEY (`created_by_id`) REFERENCES `auth_user` (`id`)
) ENGINE=InnoDB DEFAULT CHARSET=latin1;
/*!40101 SET character_set_client = @saved_cs_client */;

--
-- Dumping data for table `notifications_notificationdismissal`
--

LOCK TABLES `notifications_notificationdismissal` WRITE;
/*!40000 ALTER TABLE `notifications_notificationdismissal` DISABLE KEYS */;
/*!40000 ALTER TABLE `notifications_notificationdismissal` ENABLE KEYS */;
UNLOCK TABLES;

--
-- Table structure for table `parser_customrulemetadata`
--

DROP TABLE IF EXISTS `parser_customrulemetadata`;
/*!40101 SET @saved_cs_client     = @@character_set_client */;
/*!40101 SET character_set_client = utf8 */;
CREATE TABLE `parser_customrulemetadata` (
  `id` int(11) NOT NULL AUTO_INCREMENT,
  `name` varchar(100) NOT NULL,
  `customer_id` int(11) NOT NULL,
  `created_by_id` int(11),
  `last_modified_by_id` int(11),
  `created` datetime NOT NULL,
  `updated` datetime NOT NULL,
  PRIMARY KEY (`id`),
  UNIQUE KEY `parser_customrulemetadata_customer_id_19faaa1199c1e681_uniq` (`customer_id`,`name`),
  KEY `parser_customrulemetadata_edc991fc` (`customer_id`),
  KEY `parser_customrulemetadata_b5de30be` (`created_by_id`),
  KEY `parser_customrulemetadata_bcd6c6d2` (`last_modified_by_id`),
  CONSTRAINT `created_by_id_refs_id_4193d3c02606983c` FOREIGN KEY (`created_by_id`) REFERENCES `profile_profile` (`id`),
  CONSTRAINT `customer_id_refs_id_364d5f0540e8c030` FOREIGN KEY (`customer_id`) REFERENCES `customer_customer` (`id`),
  CONSTRAINT `last_modified_by_id_refs_id_4193d3c02606983c` FOREIGN KEY (`last_modified_by_id`) REFERENCES `profile_profile` (`id`)
) ENGINE=InnoDB DEFAULT CHARSET=latin1;
/*!40101 SET character_set_client = @saved_cs_client */;

--
-- Dumping data for table `parser_customrulemetadata`
--

LOCK TABLES `parser_customrulemetadata` WRITE;
/*!40000 ALTER TABLE `parser_customrulemetadata` DISABLE KEYS */;
/*!40000 ALTER TABLE `parser_customrulemetadata` ENABLE KEYS */;
UNLOCK TABLES;

--
-- Table structure for table `profile_profile`
--

DROP TABLE IF EXISTS `profile_profile`;
/*!40101 SET @saved_cs_client     = @@character_set_client */;
/*!40101 SET character_set_client = utf8 */;
CREATE TABLE `profile_profile` (
  `id` int(11) NOT NULL AUTO_INCREMENT,
  `user_id` int(11) NOT NULL,
  `customer_id` int(11) NOT NULL,
  `username` varchar(30) NOT NULL,
  `context` longtext NOT NULL,
  `first_name` varchar(30),
  `last_name` varchar(30),
  `use_local_time` tinyint(1) NOT NULL,
  `previous_url_path` varchar(200),
  PRIMARY KEY (`id`),
  UNIQUE KEY `user_id` (`user_id`),
  UNIQUE KEY `profile_profile_customer_id_13c00188f1860c3d_uniq` (`customer_id`,`username`),
  KEY `profile_profile_edc991fc` (`customer_id`),
  CONSTRAINT `customer_id_refs_id_5336994803b549b` FOREIGN KEY (`customer_id`) REFERENCES `customer_customer` (`id`),
  CONSTRAINT `user_id_refs_id_43a642227ec54afa` FOREIGN KEY (`user_id`) REFERENCES `auth_user` (`id`)
) ENGINE=InnoDB AUTO_INCREMENT=9 DEFAULT CHARSET=latin1;
/*!40101 SET character_set_client = @saved_cs_client */;

--
-- Dumping data for table `profile_profile`
--

LOCK TABLES `profile_profile` WRITE;
/*!40000 ALTER TABLE `profile_profile` DISABLE KEYS */;
INSERT INTO `profile_profile` VALUES (6,6,1,'api','',NULL,NULL,1,NULL),(7,9,101,'prageet','{}','','',0,NULL),(8,10,102,'test','{}','PSQ','PSQ',1,NULL);
/*!40000 ALTER TABLE `profile_profile` ENABLE KEYS */;
UNLOCK TABLES;

--
-- Table structure for table `profile_profile_allowed_source_groups`
--

DROP TABLE IF EXISTS `profile_profile_allowed_source_groups`;
/*!40101 SET @saved_cs_client     = @@character_set_client */;
/*!40101 SET character_set_client = utf8 */;
CREATE TABLE `profile_profile_allowed_source_groups` (
  `id` int(11) NOT NULL AUTO_INCREMENT,
  `profile_id` int(11) NOT NULL,
  `sourcegroup_id` int(11) NOT NULL,
  PRIMARY KEY (`id`),
  UNIQUE KEY `profile_profile_allowed_source_profile_id_39199cb2e877742d_uniq` (`profile_id`,`sourcegroup_id`),
  KEY `profile_profile_allowed_source_groups_141c6eec` (`profile_id`),
  KEY `profile_profile_allowed_source_groups_3ba73b51` (`sourcegroup_id`),
  CONSTRAINT `profile_id_refs_id_323a7fb77727a979` FOREIGN KEY (`profile_id`) REFERENCES `profile_profile` (`id`),
  CONSTRAINT `sourcegroup_id_refs_id_558f53b3ce38f8c1` FOREIGN KEY (`sourcegroup_id`) REFERENCES `source_sourcegroup` (`id`)
) ENGINE=InnoDB DEFAULT CHARSET=latin1;
/*!40101 SET character_set_client = @saved_cs_client */;

--
-- Dumping data for table `profile_profile_allowed_source_groups`
--

LOCK TABLES `profile_profile_allowed_source_groups` WRITE;
/*!40000 ALTER TABLE `profile_profile_allowed_source_groups` DISABLE KEYS */;
/*!40000 ALTER TABLE `profile_profile_allowed_source_groups` ENABLE KEYS */;
UNLOCK TABLES;

--
-- Table structure for table `rate_limit`
--

DROP TABLE IF EXISTS `rate_limit`;
/*!40101 SET @saved_cs_client     = @@character_set_client */;
/*!40101 SET character_set_client = utf8 */;
CREATE TABLE `rate_limit` (
  `cache_key` varchar(255) NOT NULL,
  `value` longtext NOT NULL,
  `expires` datetime NOT NULL,
  PRIMARY KEY (`cache_key`),
  KEY `rate_limit_expires` (`expires`)
) ENGINE=InnoDB DEFAULT CHARSET=latin1;
/*!40101 SET character_set_client = @saved_cs_client */;

--
-- Dumping data for table `rate_limit`
--

LOCK TABLES `rate_limit` WRITE;
/*!40000 ALTER TABLE `rate_limit` DISABLE KEYS */;
/*!40000 ALTER TABLE `rate_limit` ENABLE KEYS */;
UNLOCK TABLES;

--
-- Table structure for table `receiver_accessrule`
--

DROP TABLE IF EXISTS `receiver_accessrule`;
/*!40101 SET @saved_cs_client     = @@character_set_client */;
/*!40101 SET character_set_client = utf8 */;
CREATE TABLE `receiver_accessrule` (
  `id` int(11) NOT NULL AUTO_INCREMENT,
  `created` datetime NOT NULL,
  `receiver_id` int(11) NOT NULL,
  `ipcidr` varchar(100) NOT NULL,
  `allow` tinyint(1) NOT NULL,
  PRIMARY KEY (`id`),
  UNIQUE KEY `receiver_accessrule_receiver_id_34cffa6d5d9f058a_uniq` (`receiver_id`,`ipcidr`),
  KEY `receiver_accessrule_6828e8a9` (`receiver_id`),
  CONSTRAINT `receiver_id_refs_id_547f171ba5340382` FOREIGN KEY (`receiver_id`) REFERENCES `receiver_receiver` (`id`)
) ENGINE=InnoDB DEFAULT CHARSET=latin1;
/*!40101 SET character_set_client = @saved_cs_client */;

--
-- Dumping data for table `receiver_accessrule`
--

LOCK TABLES `receiver_accessrule` WRITE;
/*!40000 ALTER TABLE `receiver_accessrule` DISABLE KEYS */;
/*!40000 ALTER TABLE `receiver_accessrule` ENABLE KEYS */;
UNLOCK TABLES;

--
-- Table structure for table `receiver_receiver`
--

DROP TABLE IF EXISTS `receiver_receiver`;
/*!40101 SET @saved_cs_client     = @@character_set_client */;
/*!40101 SET character_set_client = utf8 */;
CREATE TABLE `receiver_receiver` (
  `id` int(11) NOT NULL AUTO_INCREMENT,
  `customer_id` int(11) NOT NULL,
  `owner_id` int(11) NOT NULL,
  `created` datetime NOT NULL,
  `enabled` tinyint(1) NOT NULL,
  `name` varchar(100) NOT NULL,
  `description` varchar(1000) NOT NULL,
  `identifier` varchar(50) NOT NULL,
  `port` int(11) DEFAULT NULL,
  `protocol` varchar(50),
  `secure` tinyint(1),
  `visibility` varchar(50) NOT NULL,
  PRIMARY KEY (`id`),
  UNIQUE KEY `identifier` (`identifier`),
  UNIQUE KEY `port` (`port`),
  KEY `receiver_receiver_edc991fc` (`customer_id`),
  KEY `receiver_receiver_5d52dd10` (`owner_id`),
  CONSTRAINT `customer_id_refs_id_4c60b1a784390ded` FOREIGN KEY (`customer_id`) REFERENCES `customer_customer` (`id`),
  CONSTRAINT `owner_id_refs_id_b145d6d1ec3ddf9` FOREIGN KEY (`owner_id`) REFERENCES `profile_profile` (`id`)
) ENGINE=InnoDB AUTO_INCREMENT=5 DEFAULT CHARSET=latin1;
/*!40101 SET character_set_client = @saved_cs_client */;

--
-- Dumping data for table `receiver_receiver`
--

LOCK TABLES `receiver_receiver` WRITE;
/*!40000 ALTER TABLE `receiver_receiver` DISABLE KEYS */;
INSERT INTO `receiver_receiver` VALUES (1,101,7,'2015-05-15 18:48:58',1,'','Internal token for psqprageet','5fed7929-1ab6-496d-b77c-0b5c00f4c297',NULL,NULL,NULL,'internal'),(2,101,7,'2015-05-15 18:49:17',1,'','','f505a7a4-d91b-40cb-bdf0-ce1962c3ea25',NULL,NULL,NULL,'customer'),(3,102,8,'2015-12-02 12:52:40',1,'','Internal token for abc','8a1bd22d-73fd-4421-aa70-9721090d3668',NULL,NULL,NULL,'internal'),(4,102,8,'2015-12-02 12:52:48',1,'','','f65bc022-5739-46dd-86d2-a947c5db81f4',NULL,NULL,NULL,'customer');
/*!40000 ALTER TABLE `receiver_receiver` ENABLE KEYS */;
UNLOCK TABLES;

--
-- Table structure for table `savedsearch_savedsearch`
--

DROP TABLE IF EXISTS `savedsearch_savedsearch`;
/*!40101 SET @saved_cs_client     = @@character_set_client */;
/*!40101 SET character_set_client = utf8 */;
CREATE TABLE `savedsearch_savedsearch` (
  `id` int(11) NOT NULL AUTO_INCREMENT,
  `customer_id` int(11) NOT NULL,
  `created_by_id` int(11) NOT NULL,
  `name` varchar(100) NOT NULL,
  `created_at` datetime NOT NULL,
  `last_run` datetime DEFAULT NULL,
  `description` longtext,
  `quick_pick` longtext NOT NULL,
  `is_pinned` tinyint(1) NOT NULL,
  `context_id` int(11) DEFAULT NULL,
  `source_group_id` int(11),
  `is_customer_visible` tinyint(1) NOT NULL,
  `tab_id` int(11),
  PRIMARY KEY (`id`),
  UNIQUE KEY `savedsearch_savedsearch_customer_id_fbf83f0ee7043ea_uniq` (`customer_id`,`name`),
  UNIQUE KEY `tab_id` (`tab_id`),
  KEY `savedsearch_savedsearch_edc991fc` (`customer_id`),
  KEY `savedsearch_savedsearch_b5de30be` (`created_by_id`),
  KEY `savedsearch_savedsearch_252b1998` (`context_id`),
  KEY `savedsearch_savedsearch_26bc7919` (`source_group_id`),
  CONSTRAINT `context_id_refs_id_28bf0601562ff24f` FOREIGN KEY (`context_id`) REFERENCES `savedsearch_searchcontext` (`id`),
  CONSTRAINT `created_by_id_refs_id_6b169f9c2f0d4a15` FOREIGN KEY (`created_by_id`) REFERENCES `profile_profile` (`id`),
  CONSTRAINT `customer_id_refs_id_13edcadd4fe6b539` FOREIGN KEY (`customer_id`) REFERENCES `customer_customer` (`id`),
  CONSTRAINT `source_group_id_refs_id_3d5a10c452514c25` FOREIGN KEY (`source_group_id`) REFERENCES `source_sourcegroup` (`id`),
  CONSTRAINT `tab_id_refs_id_156d5729a9a8da7` FOREIGN KEY (`tab_id`) REFERENCES `tabmanager_tab` (`id`)
) ENGINE=InnoDB AUTO_INCREMENT=60 DEFAULT CHARSET=latin1;
/*!40101 SET character_set_client = @saved_cs_client */;

--
-- Dumping data for table `savedsearch_savedsearch`
--

LOCK TABLES `savedsearch_savedsearch` WRITE;
/*!40000 ALTER TABLE `savedsearch_savedsearch` DISABLE KEYS */;
INSERT INTO `savedsearch_savedsearch` VALUES (1,101,7,'Syslog Errors','2015-05-15 18:49:17',NULL,'Default Saved Search','',0,1,NULL,1,NULL),(2,101,7,'Web Server Client Errors','2015-05-15 18:49:17',NULL,'Default Saved Search','',0,2,NULL,1,NULL),(3,101,7,'Web Server Internal Errors','2015-05-15 18:49:17',NULL,'Default Saved Search','',0,3,NULL,1,NULL),(4,101,7,'hostSearch','2015-05-22 04:15:21',NULL,NULL,'',0,34,NULL,1,3),(5,101,7,'10 mins','2015-07-13 17:42:40',NULL,NULL,'',1,317,NULL,1,6),(7,101,7,'test2','2015-07-30 19:52:46',NULL,NULL,'',0,1059,NULL,1,38),(8,101,7,'test3','2015-07-30 19:56:19',NULL,NULL,'',0,1064,NULL,1,39),(9,101,7,'test4','2015-07-30 19:58:04',NULL,NULL,'',0,1069,NULL,1,40),(11,101,7,'test12','2015-08-03 09:17:03',NULL,NULL,'',0,1114,NULL,1,67),(12,101,7,'test14','2015-08-03 09:43:00',NULL,NULL,'',0,1117,NULL,1,68),(13,101,7,'test15','2015-08-03 09:45:01',NULL,NULL,'',0,1122,NULL,1,69),(14,101,7,'test16','2015-08-03 09:48:45',NULL,NULL,'',0,1127,NULL,1,70),(15,101,7,'test25','2015-08-03 12:12:50',NULL,NULL,'',0,1170,NULL,1,71),(16,101,7,'test26','2015-08-03 12:14:14',NULL,NULL,'',0,1175,NULL,1,72),(17,101,7,'test27','2015-08-03 12:15:12',NULL,NULL,'',0,1180,NULL,1,73),(18,101,7,'test28','2015-08-03 12:15:38',NULL,NULL,'',0,1185,NULL,1,74),(21,101,7,'test61','2015-08-10 19:18:52',NULL,NULL,'',0,1618,NULL,1,91),(22,101,7,'testsept','2015-09-03 12:01:41',NULL,NULL,'Last 10 minutes',0,2734,NULL,1,146),(23,101,7,'testsept1','2015-09-03 12:02:47',NULL,NULL,'Last 10 minutes',0,2739,NULL,1,147),(24,101,7,'testsept2','2015-09-03 12:04:16',NULL,NULL,'Last 10 minutes',0,2744,NULL,1,148),(25,101,7,'sept1','2015-09-03 12:05:27',NULL,NULL,'Last 10 minutes',0,2747,NULL,1,149),(26,101,7,'sept2','2015-09-03 12:27:35',NULL,NULL,'Last 10 minutes',0,2750,NULL,1,150),(27,101,7,'sept4','2015-09-03 12:34:48',NULL,NULL,'Last 10 minutes',0,2753,NULL,1,151),(28,101,7,'abcd','2015-09-06 17:16:48',NULL,NULL,'Last 10 minutes',0,2800,NULL,1,152),(37,101,7,'asd12','2015-09-08 06:09:57',NULL,NULL,'Last 10 minutes',0,3852,NULL,1,165),(38,101,7,'asd14','2015-09-08 06:11:48',NULL,NULL,'Last 10 minutes',0,3859,NULL,1,166),(39,101,7,'as1','2015-09-08 06:12:23',NULL,NULL,'',0,3871,NULL,1,167),(40,101,7,'as2','2015-09-08 06:18:33',NULL,NULL,'',0,3878,NULL,1,168),(41,101,7,'as4','2015-09-08 06:31:17',NULL,NULL,'',0,3885,NULL,1,169),(42,101,7,'as5','2015-09-08 06:32:05',NULL,NULL,'',0,3892,NULL,1,170),(43,101,7,'as6','2015-09-08 06:32:14',NULL,NULL,'',0,3899,NULL,1,171),(44,101,7,'as7','2015-09-08 06:35:55',NULL,NULL,'',0,3911,NULL,1,172),(45,101,7,'az1','2015-09-08 09:25:26',NULL,NULL,'',0,3975,NULL,1,173),(46,101,7,'az2','2015-09-08 09:30:15',NULL,NULL,'',0,3988,NULL,1,174),(47,101,7,'asasa','2015-09-08 09:35:39',NULL,NULL,'',0,3995,NULL,1,175),(48,101,7,'ssdsf','2015-09-08 09:42:28',NULL,NULL,'',0,4002,NULL,1,176),(49,101,7,'sasas','2015-09-08 09:46:10',NULL,NULL,'',0,4009,NULL,1,177),(50,101,7,'ghgjgh','2015-09-08 10:05:51',NULL,NULL,'',0,4044,NULL,1,178),(51,101,7,'adasda','2015-09-08 10:06:55',NULL,NULL,'',0,4071,NULL,1,179),(52,101,7,'ad','2015-09-08 11:46:57',NULL,NULL,'',0,4120,NULL,1,187),(53,101,7,'az12','2015-09-08 11:54:41',NULL,NULL,'',0,4131,NULL,1,189),(54,101,7,'asas','2015-09-08 13:19:39',NULL,NULL,'',0,4205,NULL,1,190),(55,101,7,'fsfdsf','2015-09-08 13:21:18',NULL,NULL,'',0,4214,NULL,1,191),(56,101,7,'sdsdad','2015-09-08 13:22:37',NULL,NULL,'',0,4217,NULL,1,192),(57,102,8,'Syslog Errors','2015-12-02 12:52:48',NULL,'Default Saved Search','',0,11999,NULL,1,NULL),(58,102,8,'Web Server Client Errors','2015-12-02 12:52:48',NULL,'Default Saved Search','',0,12000,NULL,1,NULL),(59,102,8,'Web Server Internal Errors','2015-12-02 12:52:48',NULL,'Default Saved Search','',0,12001,NULL,1,NULL);
/*!40000 ALTER TABLE `savedsearch_savedsearch` ENABLE KEYS */;
UNLOCK TABLES;

--
-- Table structure for table `savedsearch_savedtrend`
--

DROP TABLE IF EXISTS `savedsearch_savedtrend`;
/*!40101 SET @saved_cs_client     = @@character_set_client */;
/*!40101 SET character_set_client = utf8 */;
CREATE TABLE `savedsearch_savedtrend` (
  `id` int(11) NOT NULL AUTO_INCREMENT,
  `name` varchar(100) NOT NULL,
  `description` longtext,
  `context_id` int(11) DEFAULT NULL,
  `customer_id` int(11) NOT NULL,
  `graph_type` longtext NOT NULL,
  `created_at` datetime NOT NULL,
  PRIMARY KEY (`id`),
  UNIQUE KEY `savedsearch_savedtrend_customer_id_537b9aaccdd35f30_uniq` (`customer_id`,`name`),
  KEY `savedsearch_savedtrend_252b1998` (`context_id`),
  KEY `savedsearch_savedtrend_edc991fc` (`customer_id`),
  CONSTRAINT `context_id_refs_id_4eb9af809c135f17` FOREIGN KEY (`context_id`) REFERENCES `savedsearch_searchcontext` (`id`),
  CONSTRAINT `customer_id_refs_id_2b3fd67e65e9e75f` FOREIGN KEY (`customer_id`) REFERENCES `customer_customer` (`id`)
) ENGINE=InnoDB DEFAULT CHARSET=latin1;
/*!40101 SET character_set_client = @saved_cs_client */;

--
-- Dumping data for table `savedsearch_savedtrend`
--

LOCK TABLES `savedsearch_savedtrend` WRITE;
/*!40000 ALTER TABLE `savedsearch_savedtrend` DISABLE KEYS */;
/*!40000 ALTER TABLE `savedsearch_savedtrend` ENABLE KEYS */;
UNLOCK TABLES;

--
-- Table structure for table `savedsearch_savedtrend_trends`
--

DROP TABLE IF EXISTS `savedsearch_savedtrend_trends`;
/*!40101 SET @saved_cs_client     = @@character_set_client */;
/*!40101 SET character_set_client = utf8 */;
CREATE TABLE `savedsearch_savedtrend_trends` (
  `id` int(11) NOT NULL AUTO_INCREMENT,
  `savedtrend_id` int(11) NOT NULL,
  `trenddata_id` int(11) NOT NULL,
  PRIMARY KEY (`id`),
  UNIQUE KEY `savedsearch_savedtrend_tren_savedtrend_id_1ed080aaf6382bce_uniq` (`savedtrend_id`,`trenddata_id`),
  KEY `savedsearch_savedtrend_trends_69f4576c` (`savedtrend_id`),
  KEY `savedsearch_savedtrend_trends_cd1c390c` (`trenddata_id`),
  CONSTRAINT `savedtrend_id_refs_id_3b09c7a18b6edbc3` FOREIGN KEY (`savedtrend_id`) REFERENCES `savedsearch_savedtrend` (`id`),
  CONSTRAINT `trenddata_id_refs_id_236150421ca316ed` FOREIGN KEY (`trenddata_id`) REFERENCES `savedsearch_trenddata` (`id`)
) ENGINE=InnoDB DEFAULT CHARSET=latin1;
/*!40101 SET character_set_client = @saved_cs_client */;

--
-- Dumping data for table `savedsearch_savedtrend_trends`
--

LOCK TABLES `savedsearch_savedtrend_trends` WRITE;
/*!40000 ALTER TABLE `savedsearch_savedtrend_trends` DISABLE KEYS */;
/*!40000 ALTER TABLE `savedsearch_savedtrend_trends` ENABLE KEYS */;
UNLOCK TABLES;

--
-- Table structure for table `savedsearch_searchcontext`
--

DROP TABLE IF EXISTS `savedsearch_searchcontext`;
/*!40101 SET @saved_cs_client     = @@character_set_client */;
/*!40101 SET character_set_client = utf8 */;
CREATE TABLE `savedsearch_searchcontext` (
  `id` int(11) NOT NULL AUTO_INCREMENT,
  `from_date` longtext NOT NULL,
  `until_date` longtext NOT NULL,
  `rows` int(10) unsigned NOT NULL,
  `order` longtext NOT NULL,
  `terms` longtext NOT NULL,
  `start` longtext NOT NULL,
  `hi` longtext NOT NULL,
  `field_filter_group_id` int(11),
  `source_group_id` int(11),
  `numeric_filter_group_id` int(11),
  PRIMARY KEY (`id`),
  KEY `savedsearch_searchcontext_7ee1101` (`field_filter_group_id`),
  KEY `savedsearch_searchcontext_26bc7919` (`source_group_id`),
  KEY `savedsearch_searchcontext_79d86daa` (`numeric_filter_group_id`),
  CONSTRAINT `field_filter_group_id_refs_id_753f4a5dde6cc4e7` FOREIGN KEY (`field_filter_group_id`) REFERENCES `fieldfilter_fieldfiltergroup` (`id`),
  CONSTRAINT `numeric_filter_group_id_refs_id_753f4a5dde6cc4e7` FOREIGN KEY (`numeric_filter_group_id`) REFERENCES `fieldfilter_fieldfiltergroup` (`id`),
  CONSTRAINT `source_group_id_refs_id_64c4356568b1d11f` FOREIGN KEY (`source_group_id`) REFERENCES `source_sourcegroup` (`id`)
) ENGINE=InnoDB AUTO_INCREMENT=16013 DEFAULT CHARSET=latin1;
/*!40101 SET character_set_client = @saved_cs_client */;

--
-- Dumping data for table `savedsearch_searchcontext`
--

LOCK TABLES `savedsearch_searchcontext` WRITE;
/*!40000 ALTER TABLE `savedsearch_searchcontext` DISABLE KEYS */;
INSERT INTO `savedsearch_searchcontext` VALUES (1,'-1d','',20,'desc','syslog.severity:Error','','',NULL,NULL,NULL),(2,'-1d','',20,'desc','apache.status:[400 TO 499] OR nginx.status:[400 TO 499]','','',NULL,NULL,NULL),(3,'-1d','',20,'desc','apache.status:>=500 OR nginx.status:>=500','','',NULL,NULL,NULL),(34,'2015-05-22t03:04:58.177z','now',20,'desc','host','0','false',NULL,NULL,NULL),(67,'2015-06-04t18:00:00.000z','2015-07-03t18:00:00.000z',20,'desc','','','',NULL,NULL,NULL),(68,'2015-05-22t03:04:58.177z','now',20,'desc','host','0','',NULL,NULL,NULL),(153,'2015-07-06t05:35:22.031z','2015-07-10t05:35:22.031z',20,'desc','','','',NULL,NULL,NULL),(154,'-1h','now',20,'desc','','0','',NULL,NULL,NULL),(317,'-10m','now',20,'desc','','0','false',NULL,NULL,NULL),(318,'-10m','now',20,'desc','','','',NULL,NULL,NULL),(319,'-1h','now',20,'desc','','0','',NULL,NULL,NULL),(320,'-10m','now',20,'desc','','','',NULL,NULL,NULL),(321,'-10m','now',20,'desc','','','',NULL,NULL,NULL),(322,'-10m','now',20,'desc','','','',NULL,NULL,NULL),(323,'-10m','now',20,'desc','','0','false',NULL,NULL,NULL),(324,'-1d','now',20,'desc','','0','false',NULL,NULL,NULL),(325,'-10m','now',20,'desc','','','',NULL,NULL,NULL),(326,'-10m','now',20,'desc','','0','false',NULL,NULL,NULL),(327,'-1d','now',20,'desc','','','',NULL,NULL,NULL),(328,'-1d','now',20,'desc','','','',NULL,NULL,NULL),(329,'-10m','now',20,'desc','','','',NULL,NULL,NULL),(330,'-1d','now',20,'desc','','','',NULL,NULL,NULL),(331,'-10m','now',20,'desc','','','',NULL,NULL,NULL),(332,'-10m','now',20,'desc','','0','false',NULL,NULL,NULL),(333,'-1d','now',20,'desc','','','',NULL,NULL,NULL),(334,'-1d','now',20,'desc','','0','false',NULL,NULL,NULL),(335,'-1d','now',20,'desc','','','',NULL,NULL,NULL),(336,'-1d','now',20,'desc','','0','false',NULL,NULL,NULL),(337,'-10m','now',20,'desc','','','',NULL,NULL,NULL),(338,'-10m','now',20,'desc','','0','false',NULL,NULL,NULL),(339,'-1d','now',20,'desc','','','',NULL,NULL,NULL),(340,'-1d','now',20,'desc','','0','false',NULL,NULL,NULL),(341,'-1d','now',20,'desc','test','','',NULL,NULL,NULL),(342,'-1d','now',20,'desc','','0','false',NULL,NULL,NULL),(343,'-1d','now',20,'desc','test1','','',NULL,NULL,NULL),(344,'-1d','now',20,'desc','','0','false',NULL,NULL,NULL),(345,'-1d','now',20,'desc','test2','','',NULL,NULL,NULL),(346,'-1d','now',20,'desc','','0','false',NULL,NULL,NULL),(347,'-1d','now',20,'desc','test3','','',NULL,NULL,NULL),(348,'-1d','now',20,'desc','','0','false',NULL,NULL,NULL),(349,'-2d','now',20,'desc','test3','','',NULL,NULL,NULL),(350,'-1d','now',20,'desc','','0','false',NULL,NULL,NULL),(351,'-3d','now',20,'desc','test3','','',NULL,NULL,NULL),(352,'-1d','now',20,'desc','','0','false',NULL,NULL,NULL),(353,'-5d','now',20,'desc','test3','','',NULL,NULL,NULL),(354,'-1d','now',20,'desc','','0','false',NULL,NULL,NULL),(355,'-5d','now',20,'desc','test3','','',NULL,NULL,NULL),(356,'-1d','now',20,'desc','','0','false',NULL,NULL,NULL),(445,'-10m','now',20,'desc','','','',NULL,NULL,NULL),(446,'-1d','now',20,'desc','','0','false',NULL,NULL,NULL),(449,'-1h','now',20,'desc','','','',NULL,NULL,NULL),(450,'-1h','now',20,'desc','','0','',NULL,NULL,NULL),(605,'2015-07-15T00:36:20.000Z','2015-07-23T06:36:20.000Z',20,'desc','','','',NULL,NULL,NULL),(606,'-1h','now',20,'desc','','0','',NULL,NULL,NULL),(965,'2015-07-01T16:36:19.000Z','2015-07-23T16:36:19.000Z',20,'desc','','','',NULL,NULL,NULL),(966,'-1h','now',20,'desc','','0','',NULL,NULL,NULL),(969,'2015-07-23T12:02:56.000Z','2015-07-23T12:12:56.000Z',20,'desc','','0','',NULL,NULL,NULL),(970,'-1h','now',20,'desc','','0','',NULL,NULL,NULL),(971,'2015-07-23T12:02:46.000Z','2015-07-23T12:12:46.000Z',20,'desc','','','',NULL,NULL,NULL),(972,'-1h','now',20,'desc','','0','',NULL,NULL,NULL),(973,'-3h','now',20,'desc','','','',NULL,NULL,NULL),(974,'-1h','now',20,'desc','','0','',NULL,NULL,NULL),(1012,'-3h','now',20,'desc','test','','',NULL,NULL,NULL),(1013,'-1h','now',20,'desc','','0','',NULL,NULL,NULL),(1014,'-1d','now',20,'desc','','','',NULL,NULL,NULL),(1015,'-1d','now',20,'desc','','0','false',NULL,NULL,NULL),(1016,'-1d','now',20,'desc','','','',NULL,NULL,NULL),(1017,'-1d','now',20,'desc','','0','false',NULL,NULL,NULL),(1018,'-1d','now',20,'desc','','','',NULL,NULL,NULL),(1019,'-1d','now',20,'desc','','0','false',NULL,NULL,NULL),(1054,'2015-07-28T13:11:38.000Z','2015-07-29T13:11:38.000Z',20,'desc','','0','false',NULL,NULL,NULL),(1055,'2015-07-28T13:11:38.000Z','2015-07-29T13:11:38.000Z',20,'desc','','','',NULL,NULL,NULL),(1056,'-1d','now',20,'desc','','0','false',NULL,NULL,NULL),(1059,'2015-07-28T13:11:38.000Z','2015-07-29T13:11:38.000Z',20,'desc','','0','false',NULL,NULL,NULL),(1060,'2015-07-28T13:11:38.000Z','2015-07-29T13:11:38.000Z',20,'desc','','','',NULL,NULL,NULL),(1061,'2015-07-28T13:11:38.000Z','2015-07-29T13:11:38.000Z',20,'desc','','','',NULL,NULL,NULL),(1064,'2015-07-28T13:11:38.000Z','2015-07-29T13:11:38.000Z',20,'desc','','0','false',NULL,NULL,NULL),(1065,'2015-07-28T13:11:38.000Z','2015-07-29T13:11:38.000Z',20,'desc','','','',NULL,NULL,NULL),(1066,'2015-07-28T13:11:38.000Z','2015-07-29T13:11:38.000Z',20,'desc','','','',NULL,NULL,NULL),(1069,'2015-07-28T13:11:38.000Z','2015-07-29T13:11:38.000Z',20,'desc','','0','false',NULL,NULL,NULL),(1070,'2015-07-28T13:11:38.000Z','2015-07-29T13:11:38.000Z',20,'desc','','','',NULL,NULL,NULL),(1071,'2015-07-28T13:11:38.000Z','2015-07-29T13:11:38.000Z',20,'desc','','','',NULL,NULL,NULL),(1087,'2015-07-28T13:11:38.000Z','2015-07-29T13:11:38.000Z',20,'desc','','','',NULL,NULL,NULL),(1088,'2015-07-28T13:11:38.000Z','2015-07-29T13:11:38.000Z',20,'desc','','0','',NULL,NULL,NULL),(1102,'2015-07-28T13:11:38.000Z','2015-07-29T13:11:38.000Z',20,'desc','','0','false',NULL,NULL,NULL),(1103,'2015-07-28T13:11:38.000Z','2015-07-29T13:11:38.000Z',20,'desc','','','',NULL,NULL,NULL),(1104,'-1h','now',20,'desc','','0','',NULL,NULL,NULL),(1107,'2015-07-28T13:11:38.000Z','2015-07-29T13:11:38.000Z',20,'desc','','0','false',NULL,NULL,NULL),(1108,'2015-07-28T13:11:38.000Z','2015-07-29T13:11:38.000Z',20,'desc','','','',NULL,NULL,NULL),(1109,'2015-07-28T13:11:38.000Z','2015-07-29T13:11:38.000Z',20,'desc','','','',NULL,NULL,NULL),(1112,'2015-07-28T13:11:38.000Z','2015-07-29T13:11:38.000Z',20,'desc','','','',NULL,NULL,NULL),(1113,'2015-07-28T13:11:38.000Z','2015-07-29T13:11:38.000Z',20,'desc','','','',NULL,NULL,NULL),(1114,'2015-07-28T13:11:38.000Z','2015-07-29T13:11:38.000Z',20,'desc','','0','false',NULL,NULL,NULL),(1117,'2015-07-28T13:11:38.000Z','2015-07-29T13:11:38.000Z',20,'desc','','0','false',NULL,NULL,NULL),(1118,'2015-07-28T13:11:38.000Z','2015-07-29T13:11:38.000Z',20,'desc','','','',NULL,NULL,NULL),(1119,'2015-07-28T13:11:38.000Z','2015-07-29T13:11:38.000Z',20,'desc','','','',NULL,NULL,NULL),(1122,'2015-07-28T13:11:38.000Z','2015-07-29T13:11:38.000Z',20,'desc','','0','false',NULL,NULL,NULL),(1123,'2015-07-28T13:11:38.000Z','2015-07-29T13:11:38.000Z',20,'desc','','','',NULL,NULL,NULL),(1124,'2015-07-28T13:11:38.000Z','2015-07-29T13:11:38.000Z',20,'desc','','','',NULL,NULL,NULL),(1127,'2015-07-28T13:11:38.000Z','2015-07-29T13:11:38.000Z',20,'desc','','0','false',NULL,NULL,NULL),(1128,'2015-07-28T13:11:38.000Z','2015-07-29T13:11:38.000Z',20,'desc','','','',NULL,NULL,NULL),(1129,'2015-07-28T13:11:38.000Z','2015-07-29T13:11:38.000Z',20,'desc','','','',NULL,NULL,NULL),(1170,'2015-07-28T13:11:38.000Z','2015-08-02T13:11:38.000Z',20,'desc','','0','false',NULL,NULL,NULL),(1171,'2015-07-28T13:11:38.000Z','2015-08-02T13:11:38.000Z',20,'desc','','','',NULL,NULL,NULL),(1172,'2015-07-28T13:11:38.000Z','2015-07-29T13:11:38.000Z',20,'desc','','0','',NULL,NULL,NULL),(1175,'2015-07-28T13:11:38.000Z','2015-08-02T13:11:38.000Z',20,'desc','','0','false',NULL,NULL,NULL),(1176,'2015-07-28T13:11:38.000Z','2015-08-02T13:11:38.000Z',20,'desc','','','',NULL,NULL,NULL),(1177,'2015-07-28T13:11:38.000Z','2015-08-02T13:11:38.000Z',20,'desc','','','',NULL,NULL,NULL),(1180,'2015-07-28T13:11:38.000Z','2015-08-02T13:11:38.000Z',20,'desc','','0','false',NULL,NULL,NULL),(1181,'2015-07-28T13:11:38.000Z','2015-08-02T13:11:38.000Z',20,'desc','','','',NULL,NULL,NULL),(1182,'2015-07-28T13:11:38.000Z','2015-08-02T13:11:38.000Z',20,'desc','','','',NULL,NULL,NULL),(1185,'2015-07-28T13:11:38.000Z','2015-08-02T13:11:38.000Z',20,'desc','','0','false',NULL,NULL,NULL),(1186,'2015-07-28T13:11:38.000Z','2015-08-02T13:11:38.000Z',20,'desc','','','',NULL,NULL,NULL),(1187,'2015-07-28T13:11:38.000Z','2015-08-02T13:11:38.000Z',20,'desc','','','',NULL,NULL,NULL),(1278,'','',20,'desc',' syslog.severity:\"Informational\" syslog.severity:\"Informational\"','0','false',NULL,NULL,NULL),(1484,'2015-08-09T18:05:37.000Z','2015-08-09T18:35:37.000Z',20,'desc','','','',NULL,1,NULL),(1485,'-1h','now',20,'desc','','0','',NULL,NULL,NULL),(1486,'-1h','now',20,'desc','host','','',NULL,NULL,NULL),(1487,'2015-07-28T13:11:38.000Z','2015-08-02T13:11:38.000Z',20,'desc','','0','',NULL,NULL,NULL),(1512,'2015-08-09T17:57:23.000Z','2015-08-09T18:57:23.000Z',20,'desc','','','',NULL,NULL,NULL),(1513,'-1h','now',20,'desc','','0','',NULL,NULL,NULL),(1514,'-10m','now',20,'desc','','','',NULL,NULL,NULL),(1515,'-10m','now',20,'desc','','0','false',NULL,NULL,NULL),(1516,'-10m','now',20,'desc','','','',NULL,NULL,NULL),(1517,'-10m','now',20,'desc','','0','false',NULL,NULL,NULL),(1534,'2015-08-10T10:10:46.000Z','2015-08-10T10:20:46.000Z',20,'desc','','','',NULL,NULL,NULL),(1535,'-10m','now',20,'desc','','0','false',NULL,NULL,NULL),(1536,'-10m','now',20,'desc','','','',NULL,NULL,NULL),(1537,'-10m','now',20,'desc','','0','false',NULL,NULL,NULL),(1538,'-10m','now',20,'desc','','','',NULL,NULL,NULL),(1539,'-10m','now',20,'desc','','0','false',NULL,NULL,NULL),(1544,'2015-08-10T15:16:02.000Z','2015-08-10T15:26:02.000Z',20,'desc','','','',NULL,NULL,NULL),(1545,'-10m','now',20,'desc','','0','false',NULL,NULL,NULL),(1598,'2015-08-10T17:12:54.000Z','2015-08-10T17:22:54.000Z',20,'desc','','','',NULL,1,NULL),(1599,'2015-08-10T17:12:54.000Z','2015-08-10T17:22:54.000Z',20,'desc','','0','',NULL,1,NULL),(1600,'-10m','now',20,'desc','','','',NULL,NULL,NULL),(1601,'-10m','now',20,'desc','','0','false',NULL,NULL,NULL),(1602,'2015-05-22T03:04:58.000Z','now',20,'desc','host','','',NULL,NULL,NULL),(1603,'2015-05-22t03:04:58.177z','now',20,'desc','host','0','false',NULL,NULL,NULL),(1604,'2015-07-28T13:11:38.000Z','2015-07-29T13:11:38.000Z',20,'desc','','','',NULL,NULL,NULL),(1605,'2015-07-28T13:11:38.000Z','2015-07-29T13:11:38.000Z',20,'desc','','0','false',NULL,NULL,NULL),(1606,'2015-05-22T03:04:58.000Z','now',20,'desc','host','','',NULL,NULL,NULL),(1607,'2015-05-22t03:04:58.177z','now',20,'desc','host','0','false',NULL,NULL,NULL),(1608,'2015-05-22T03:04:58.000Z','now',20,'desc','host','','',NULL,NULL,NULL),(1609,'2015-05-22t03:04:58.177z','now',20,'desc','host','0','false',NULL,NULL,NULL),(1612,'2015-05-22T03:04:58.000Z','now',20,'desc','host','','',NULL,NULL,NULL),(1613,'2015-05-22t03:04:58.177z','now',20,'desc','host','0','false',NULL,NULL,NULL),(1614,'2015-07-28T13:11:38.000Z','2015-07-29T13:11:38.000Z',20,'desc','','','',NULL,NULL,NULL),(1615,'2015-07-28T13:11:38.000Z','2015-07-29T13:11:38.000Z',20,'desc','','0','false',NULL,NULL,NULL),(1616,'2015-07-28T13:11:38.000Z','2015-07-29T13:11:38.000Z',20,'desc','','','',NULL,NULL,NULL),(1617,'2015-07-28T13:11:38.000Z','2015-07-29T13:11:38.000Z',20,'desc','','0','false',NULL,NULL,NULL),(1618,'2015-07-28T13:11:38.000Z','2015-07-29T13:11:38.000Z',20,'desc','','0','false',NULL,NULL,NULL),(1619,'2015-07-28T13:11:38.000Z','2015-07-29T13:11:38.000Z',20,'desc','','','',NULL,NULL,NULL),(1620,'2015-07-28T13:11:38.000Z','2015-07-29T13:11:38.000Z',20,'desc','','0','false',NULL,NULL,NULL),(1647,'2015-08-11T04:56:54.000Z','2015-08-11T05:06:54.000Z',20,'desc','','','',NULL,NULL,NULL),(1648,'2015-07-28T13:11:38.000Z','2015-07-29T13:11:38.000Z',20,'desc','','0','',NULL,NULL,NULL),(1665,'-3h','now',20,'desc','','','',NULL,NULL,NULL),(1666,'-1h','now',20,'desc','','','',NULL,NULL,NULL),(1705,'2015-08-11T09:14:31.000Z','2015-08-11T12:14:31.000Z',20,'desc','host','','',NULL,1,NULL),(1706,'-3h','now',20,'desc','','0','',NULL,NULL,NULL),(1707,'-10m','now',20,'desc','','','',NULL,NULL,NULL),(1708,'-10m','now',20,'desc','','0','false',NULL,NULL,NULL),(1713,'-1h','now',20,'desc','','','',NULL,NULL,NULL),(1714,'-1h','now',20,'desc','','','',NULL,NULL,NULL),(1717,'-10m','now',20,'desc','','','',NULL,NULL,NULL),(1718,'-10m','now',20,'desc','','0','false',NULL,NULL,NULL),(1721,'-10m','now',20,'desc','','','',NULL,NULL,NULL),(1722,'-10m','now',20,'desc','','0','false',NULL,NULL,NULL),(1725,'-10m','now',20,'desc','','','',NULL,NULL,NULL),(1726,'-10m','now',20,'desc','','0','false',NULL,NULL,NULL),(1729,'-10m','now',20,'desc','','','',NULL,NULL,NULL),(1730,'-10m','now',20,'desc','','0','false',NULL,NULL,NULL),(1733,'-10m','now',20,'desc','','','',NULL,NULL,NULL),(1734,'-10m','now',20,'desc','','0','false',NULL,NULL,NULL),(1751,'-1h','now',20,'desc','','','',NULL,NULL,NULL),(1752,'-1h','now',20,'desc','','','',NULL,NULL,NULL),(1755,'-1h','now',20,'desc','','','',NULL,NULL,NULL),(1756,'-1h','now',20,'desc','','','',NULL,NULL,NULL),(1759,'-1h','now',20,'desc','','','',NULL,NULL,NULL),(1760,'-1h','now',20,'desc','','','',NULL,NULL,NULL),(1763,'-1h','now',20,'desc','','','',NULL,NULL,NULL),(1764,'-1h','now',20,'desc','','','',NULL,NULL,NULL),(1767,'-1h','now',20,'desc','','','',NULL,NULL,NULL),(1768,'-1h','now',20,'desc','','','',NULL,NULL,NULL),(1771,'-1h','now',20,'desc','','','',NULL,NULL,NULL),(1772,'-1h','now',20,'desc','','','',NULL,NULL,NULL),(1775,'-1h','now',20,'desc','','','',NULL,NULL,NULL),(1776,'-1h','now',20,'desc','','','',NULL,NULL,NULL),(2090,'-1h','now',20,'desc','','0','',NULL,NULL,NULL),(2091,'-1h','now',20,'desc','','0','',NULL,NULL,NULL),(2222,'-1h','now',20,'desc','','','',NULL,NULL,NULL),(2223,'-1h','now',20,'desc','','','',NULL,NULL,NULL),(2228,'-1h','now',20,'desc','','','',NULL,1,NULL),(2229,'-1h','now',20,'desc','','','',NULL,NULL,NULL),(2234,'-1h','now',20,'desc','','','',NULL,1,NULL),(2235,'-1h','now',20,'desc','','','',NULL,NULL,NULL),(2240,'-1h','now',20,'desc','','','',NULL,1,NULL),(2241,'-1h','now',20,'desc','','','',NULL,NULL,NULL),(2246,'-1h','now',20,'desc','','','',NULL,NULL,NULL),(2247,'-1h','now',20,'desc','','','',NULL,NULL,NULL),(2252,'-1h','now',20,'desc','','','',NULL,NULL,NULL),(2253,'-1h','now',20,'desc','','','',NULL,NULL,NULL),(2258,'2015-08-13T14:14:46.962Z','2015-08-13T15:14:46.962Z',20,'desc','','','',2,NULL,NULL),(2259,'-1h','now',20,'desc','','','',NULL,NULL,NULL),(2264,'2015-08-13T14:14:46.962Z','2015-08-13T15:14:46.962Z',20,'desc','','','',3,NULL,NULL),(2265,'-1h','now',20,'desc','','','',NULL,NULL,NULL),(2270,'2015-08-13T14:14:46.962Z','2015-08-13T15:14:46.962Z',20,'desc','','','',4,NULL,NULL),(2271,'-1h','now',20,'desc','','','',NULL,NULL,NULL),(2276,'2015-08-13T14:14:46.962Z','2015-08-13T15:14:46.962Z',20,'desc','','','',5,NULL,NULL),(2277,'-1h','now',20,'desc','','','',NULL,NULL,NULL),(2282,'2015-08-13T14:14:46.962Z','2015-08-13T15:14:46.962Z',20,'desc','','','',8,NULL,NULL),(2283,'-1h','now',20,'desc','','','',NULL,NULL,NULL),(2288,'2015-08-13T14:14:46.962Z','2015-08-13T15:14:46.962Z',20,'desc','','','',11,NULL,NULL),(2289,'-1h','now',20,'desc','','','',NULL,NULL,NULL),(2294,'2015-08-13T14:14:46.962Z','2015-08-13T15:14:46.962Z',20,'desc','','','',14,NULL,NULL),(2295,'-1h','now',20,'desc','','','',NULL,NULL,NULL),(2300,'2015-08-13T14:14:46.962Z','2015-08-13T15:14:46.962Z',20,'desc','','','',17,NULL,NULL),(2301,'-1h','now',20,'desc','','','',NULL,NULL,NULL),(2306,'2015-08-13T14:14:46.000Z','2015-08-13T15:14:46.000Z',20,'desc','','','',20,NULL,NULL),(2307,'2015-08-13T14:14:46.962Z','2015-08-13T15:14:46.962Z',20,'desc','','0','',21,NULL,NULL),(2312,'2015-08-13T14:14:46.000Z','2015-08-13T15:14:46.000Z',20,'desc','','','',24,NULL,NULL),(2313,'2015-08-13T14:14:46.962Z','2015-08-13T15:14:46.962Z',20,'desc','','0','',25,NULL,NULL),(2318,'2015-08-13T14:14:46.000Z','2015-08-13T15:14:46.000Z',20,'desc','','','',28,NULL,NULL),(2319,'2015-08-13T14:14:46.962Z','2015-08-13T15:14:46.962Z',20,'desc','','0','',29,NULL,NULL),(2324,'2015-08-13T14:14:46.000Z','2015-08-13T15:14:46.000Z',20,'desc','','','',32,NULL,NULL),(2325,'2015-08-13T14:14:46.962Z','2015-08-13T15:14:46.962Z',20,'desc','','0','',33,NULL,NULL),(2330,'2015-08-13T14:14:46.000Z','2015-08-13T15:14:46.000Z',20,'desc','','','',36,NULL,NULL),(2331,'2015-08-13T14:14:46.962Z','2015-08-13T15:14:46.962Z',20,'desc','','0','',37,NULL,NULL),(2336,'2015-08-13T14:14:46.000Z','2015-08-13T15:14:46.000Z',20,'desc','','','',40,NULL,NULL),(2337,'2015-08-13T14:14:46.962Z','2015-08-13T15:14:46.962Z',20,'desc','','0','',41,NULL,NULL),(2342,'2015-08-13T14:14:46.000Z','2015-08-13T15:14:46.000Z',20,'desc','','','',44,NULL,NULL),(2343,'2015-08-13T14:14:46.962Z','2015-08-13T15:14:46.962Z',20,'desc','','0','',45,NULL,NULL),(2348,'2015-08-13T14:14:46.000Z','2015-08-13T15:14:46.000Z',20,'desc','','','',48,NULL,NULL),(2349,'2015-08-13T14:14:46.962Z','2015-08-13T15:14:46.962Z',20,'desc','','0','',49,NULL,NULL),(2354,'2015-08-13T14:14:46.000Z','2015-08-13T15:14:46.000Z',20,'desc','','','',52,NULL,NULL),(2355,'2015-08-13T14:14:46.962Z','2015-08-13T15:14:46.962Z',20,'desc','','0','',53,NULL,NULL),(2360,'2015-08-13T14:14:46.000Z','2015-08-13T15:14:46.000Z',20,'desc','','','',56,NULL,NULL),(2361,'2015-08-13T14:14:46.962Z','2015-08-13T15:14:46.962Z',20,'desc','','0','',57,NULL,NULL),(2366,'2015-08-13T14:14:46.000Z','2015-08-13T15:14:46.000Z',20,'desc','','','',60,NULL,NULL),(2367,'2015-08-13T14:14:46.962Z','2015-08-13T15:14:46.962Z',20,'desc','','0','',61,NULL,NULL),(2372,'2015-08-13T14:14:46.000Z','2015-08-13T15:14:46.000Z',20,'desc','','','',64,NULL,NULL),(2373,'2015-08-13T14:14:46.962Z','2015-08-13T15:14:46.962Z',20,'desc','','0','',65,NULL,NULL),(2378,'2015-08-05T18:30:00.000Z','now',20,'desc','','','',68,NULL,NULL),(2379,'2015-08-13T14:14:46.962Z','2015-08-13T15:14:46.962Z',20,'desc','','0','',69,NULL,NULL),(2440,'-3h','now',20,'desc','','0','',NULL,NULL,NULL),(2441,'-1h','now',20,'desc','','0','',NULL,NULL,NULL),(2442,'2015-08-13T14:14:46.000Z','2015-08-13T15:14:46.000Z',20,'desc','','0','',105,NULL,NULL),(2443,'2015-08-13T14:14:46.962Z','2015-08-13T15:14:46.962Z',20,'desc','','0','',106,NULL,NULL),(2734,'-10m','now',20,'desc','','0','false',NULL,NULL,NULL),(2735,'-10m','now',20,'desc','','','',NULL,NULL,NULL),(2736,'2015-08-13T14:14:46.962Z','2015-08-13T15:14:46.962Z',20,'desc','','0','',NULL,NULL,NULL),(2739,'-10m','now',20,'desc','','0','false',NULL,NULL,NULL),(2740,'-10m','now',20,'desc','','','',NULL,NULL,NULL),(2741,'-10m','now',20,'desc','','','',NULL,NULL,NULL),(2744,'-10m','now',20,'desc','','0','false',NULL,NULL,NULL),(2745,'-10m','now',20,'desc','','','',NULL,NULL,NULL),(2746,'2015-08-13T14:14:46.962Z','2015-08-13T15:14:46.962Z',20,'desc','','0','',231,NULL,NULL),(2747,'-10m','now',20,'desc','','0','false',NULL,NULL,NULL),(2748,'-10m','now',20,'desc','','','',NULL,NULL,NULL),(2749,'-10m','now',20,'desc','','','',NULL,NULL,NULL),(2750,'-10m','now',20,'desc','','0','false',NULL,NULL,NULL),(2751,'-10m','now',20,'desc','','','',NULL,NULL,NULL),(2752,'-10m','now',20,'desc','','','',NULL,NULL,NULL),(2753,'-10m','now',20,'desc','','0','false',NULL,NULL,NULL),(2754,'-10m','now',20,'desc','','','',NULL,NULL,NULL),(2755,'-10m','now',20,'desc','','','',NULL,NULL,NULL),(2800,'-10m','now',20,'desc','','0','false',NULL,NULL,NULL),(2801,'-10m','now',20,'desc','','','',NULL,NULL,NULL),(2802,'2015-08-13T14:14:46.962Z','2015-08-13T15:14:46.962Z',20,'desc','','0','',NULL,NULL,NULL),(3057,'2015-09-07T06:50:12.437Z','2015-09-07T07:00:12.437Z',20,'desc','','0','false',NULL,NULL,NULL),(3058,'2015-09-07T06:50:12.437Z','2015-09-07T07:00:12.437Z',20,'desc','','','',NULL,NULL,NULL),(3059,'-1h','now',20,'desc','','0','',NULL,NULL,NULL),(3092,'2015-09-07T06:50:12.437Z','2015-09-07T07:00:12.437Z',20,'desc','','','',NULL,NULL,NULL),(3097,'-10m','now',20,'desc','','','',NULL,NULL,NULL),(3102,'-10m','now',20,'desc','','','',NULL,NULL,NULL),(3131,'','',20,'desc','','','',NULL,NULL,NULL),(3136,'','',20,'desc','','','',NULL,NULL,NULL),(3141,'','',20,'desc','','','',NULL,NULL,NULL),(3146,'','',20,'desc','','','',NULL,NULL,NULL),(3151,'','',20,'desc','','','',NULL,NULL,NULL),(3156,'','',20,'desc','','','',NULL,NULL,NULL),(3161,'','',20,'desc','','','',NULL,NULL,NULL),(3166,'','',20,'desc','','','',NULL,NULL,NULL),(3171,'','',20,'desc','','','',NULL,NULL,NULL),(3176,'','',20,'desc','','','',NULL,NULL,NULL),(3185,'','',20,'desc','','','',NULL,NULL,NULL),(3190,'','',20,'desc','','','',NULL,NULL,NULL),(3195,'','',20,'desc','','','',NULL,NULL,NULL),(3200,'','',20,'desc','','','',NULL,NULL,NULL),(3205,'','',20,'desc','','','',NULL,NULL,NULL),(3210,'','',20,'desc','','','',NULL,NULL,NULL),(3215,'','',20,'desc','','','',NULL,NULL,NULL),(3220,'','',20,'desc','','','',NULL,NULL,NULL),(3225,'','',20,'desc','','','',NULL,NULL,NULL),(3230,'','',20,'desc','','','',NULL,NULL,NULL),(3235,'','',20,'desc','','','',NULL,NULL,NULL),(3240,'','',20,'desc','','','',NULL,NULL,NULL),(3245,'','',20,'desc','','','',NULL,NULL,NULL),(3250,'','',20,'desc','','','',NULL,NULL,NULL),(3255,'','',20,'desc','','','',NULL,NULL,NULL),(3260,'','',20,'desc','','','',NULL,NULL,NULL),(3265,'','',20,'desc','','','',NULL,NULL,NULL),(3270,'','',20,'desc','','','',NULL,NULL,NULL),(3275,'','',20,'desc','','','',NULL,NULL,NULL),(3280,'','',20,'desc','','','',NULL,NULL,NULL),(3285,'','',20,'desc','','','',NULL,NULL,NULL),(3290,'','',20,'desc','','','',NULL,NULL,NULL),(3295,'','',20,'desc','','','',NULL,NULL,NULL),(3300,'','',20,'desc','','','',NULL,NULL,NULL),(3305,'','',20,'desc','','','',NULL,NULL,NULL),(3310,'','',20,'desc','','','',NULL,NULL,NULL),(3315,'','',20,'desc','','','',NULL,NULL,NULL),(3316,'','',20,'desc','','','',NULL,NULL,NULL),(3321,'','',20,'desc','','','',NULL,NULL,NULL),(3326,'','',20,'desc','','','',NULL,NULL,NULL),(3331,'','',20,'desc','','','',NULL,NULL,NULL),(3336,'','',20,'desc','','','',NULL,NULL,NULL),(3341,'','',20,'desc','','','',NULL,NULL,NULL),(3346,'','',20,'desc','','','',NULL,NULL,NULL),(3351,'','',20,'desc','','','',NULL,NULL,NULL),(3356,'','',20,'desc','','','',NULL,NULL,NULL),(3361,'','',20,'desc','','','',NULL,NULL,NULL),(3366,'','',20,'desc','','','',NULL,NULL,NULL),(3371,'','',20,'desc','','','',NULL,NULL,NULL),(3376,'','',20,'desc','','','',NULL,NULL,NULL),(3381,'','',20,'desc','','','',NULL,NULL,NULL),(3386,'','',20,'desc','','','',NULL,NULL,NULL),(3391,'','',20,'desc','','','',NULL,NULL,NULL),(3396,'','',20,'desc','','','',NULL,NULL,NULL),(3397,'','',20,'desc','','','',NULL,NULL,NULL),(3434,'','',20,'desc','','','',NULL,NULL,NULL),(3439,'','',20,'desc','','','',NULL,NULL,NULL),(3444,'','',20,'desc','','','',NULL,NULL,NULL),(3449,'','',20,'desc','','','',NULL,NULL,NULL),(3454,'','',20,'desc','','','',NULL,NULL,NULL),(3459,'','',20,'desc','','','',NULL,NULL,NULL),(3464,'-10m','now',20,'desc','','','',NULL,NULL,NULL),(3469,'-10m','now',20,'desc','','','',NULL,NULL,NULL),(3474,'-10m','now',20,'desc','','','',NULL,NULL,NULL),(3479,'-10m','now',20,'desc','','','',NULL,NULL,NULL),(3484,'-10m','now',20,'desc','','0','false',NULL,NULL,NULL),(3485,'-10m','now',20,'desc','','','',NULL,NULL,NULL),(3486,'2015-09-07T06:50:12.437Z','2015-09-07T07:00:12.437Z',20,'desc','','0','',NULL,NULL,NULL),(3491,'-10m','now',20,'desc','','0','false',NULL,NULL,NULL),(3492,'-10m','now',20,'desc','','','',NULL,NULL,NULL),(3493,'-10m','now',20,'desc','','','',NULL,NULL,NULL),(3498,'-10m','now',20,'desc','','','',NULL,NULL,NULL),(3503,'-10m','now',20,'desc','','','',NULL,NULL,NULL),(3508,'-10m','now',20,'desc','','','',NULL,NULL,NULL),(3513,'-10m','now',20,'desc','','','',NULL,NULL,NULL),(3518,'-10m','now',20,'desc','','','',NULL,NULL,NULL),(3523,'-10m','now',20,'desc','','','',NULL,NULL,NULL),(3528,'-10m','now',20,'desc','','','',NULL,NULL,NULL),(3533,'-10m','now',20,'desc','','','',NULL,NULL,NULL),(3538,'-10m','now',20,'desc','','','',NULL,NULL,NULL),(3543,'-10m','now',20,'desc','','','',NULL,NULL,NULL),(3548,'-10m','now',20,'desc','','','',NULL,NULL,NULL),(3553,'-10m','now',20,'desc','','0','false',NULL,NULL,NULL),(3554,'-10m','now',20,'desc','','','',NULL,NULL,NULL),(3555,'-10m','now',20,'desc','','','',NULL,NULL,NULL),(3560,'-10m','now',20,'desc','','','',NULL,NULL,NULL),(3565,'-10m','now',20,'desc','','','',NULL,NULL,NULL),(3570,'2015-09-07T20:39:04.778Z','2015-09-07T20:49:04.778Z',20,'desc','','','',NULL,NULL,NULL),(3571,'2015-09-07T20:39:04.778Z','2015-09-07T20:49:04.778Z',20,'desc','','','',NULL,NULL,NULL),(3576,'2015-09-07T20:39:04.778Z','2015-09-07T20:49:04.778Z',20,'desc','','0','false',NULL,NULL,NULL),(3577,'2015-09-07T20:39:04.778Z','2015-09-07T20:49:04.778Z',20,'desc','','','',NULL,NULL,NULL),(3578,'-10m','now',20,'desc','','0','',NULL,NULL,NULL),(3583,'2015-09-07T20:39:04.778Z','2015-09-07T20:49:04.778Z',20,'desc','','0','false',NULL,NULL,NULL),(3584,'2015-09-07T20:39:04.778Z','2015-09-07T20:49:04.778Z',20,'desc','','','',NULL,NULL,NULL),(3585,'2015-09-07T20:39:04.778Z','2015-09-07T20:49:04.778Z',20,'desc','','','',NULL,NULL,NULL),(3586,'2015-09-07T20:39:04.778Z','2015-09-07T20:49:04.778Z',20,'desc','','0','false',NULL,NULL,NULL),(3587,'2015-09-07T20:39:04.778Z','2015-09-07T20:49:04.778Z',20,'desc','','','',NULL,NULL,NULL),(3588,'2015-09-07T20:39:04.778Z','2015-09-07T20:49:04.778Z',20,'desc','','','',NULL,NULL,NULL),(3589,'2015-09-07T20:39:04.778Z','2015-09-07T20:49:04.778Z',20,'desc','','','',NULL,NULL,NULL),(3594,'2015-09-07T20:39:04.778Z','2015-09-07T20:49:04.778Z',20,'desc','','','',NULL,NULL,NULL),(3599,'2015-09-07T20:39:04.778Z','2015-09-07T20:49:04.778Z',20,'desc','','','',NULL,NULL,NULL),(3604,'2015-09-07T20:39:04.778Z','2015-09-07T20:49:04.778Z',20,'desc','','','',NULL,NULL,NULL),(3609,'2015-09-07T20:39:04.778Z','2015-09-07T20:49:04.778Z',20,'desc','','','',NULL,NULL,NULL),(3614,'2015-09-07T20:39:04.778Z','2015-09-07T20:49:04.778Z',20,'desc','','','',NULL,NULL,NULL),(3619,'-10m','now',20,'desc','','','',NULL,NULL,NULL),(3624,'-10m','now',20,'desc','','','',NULL,NULL,NULL),(3629,'-10m','now',20,'desc','','','',NULL,NULL,NULL),(3634,'-10m','now',20,'desc','','','',NULL,NULL,NULL),(3639,'-10m','now',20,'desc','','','',NULL,NULL,NULL),(3644,'-10m','now',20,'desc','','','',NULL,NULL,NULL),(3649,'-10m','now',20,'desc','','','',NULL,NULL,NULL),(3654,'-10m','now',20,'desc','','','',NULL,NULL,NULL),(3659,'-10m','now',20,'desc','','','',NULL,NULL,NULL),(3664,'-10m','now',20,'desc','','','',NULL,NULL,NULL),(3669,'-10m','now',20,'desc','','','',NULL,NULL,NULL),(3674,'-10m','now',20,'desc','','','',NULL,NULL,NULL),(3679,'-10m','now',20,'desc','','','',NULL,NULL,NULL),(3684,'-10m','now',20,'desc','','','',NULL,NULL,NULL),(3689,'-10m','now',20,'desc','','','',NULL,NULL,NULL),(3694,'-10m','now',20,'desc','','','',NULL,NULL,NULL),(3695,'2015-09-07T20:39:04.778Z','2015-09-07T20:49:04.778Z',20,'desc','','0','',NULL,NULL,NULL),(3696,'-10m','now',20,'desc','','0','false',NULL,NULL,NULL),(3701,'-10m','now',20,'desc','','','',NULL,NULL,NULL),(3706,'-10m','now',20,'desc','','','',NULL,NULL,NULL),(3711,'-10m','now',20,'desc','','','',NULL,NULL,NULL),(3716,'-10m','now',20,'desc','','','',NULL,NULL,NULL),(3721,'-10m','now',20,'desc','','','',NULL,NULL,NULL),(3726,'-10m','now',20,'desc','','','',NULL,NULL,NULL),(3731,'-10m','now',20,'desc','','','',NULL,NULL,NULL),(3736,'-10m','now',20,'desc','','','',NULL,NULL,NULL),(3741,'-10m','now',20,'desc','','','',NULL,NULL,NULL),(3746,'-10m','now',20,'desc','','','',NULL,NULL,NULL),(3751,'-10m','now',20,'desc','','','',NULL,NULL,NULL),(3756,'-10m','now',20,'desc','','','',NULL,NULL,NULL),(3761,'-10m','now',20,'desc','','','',NULL,NULL,NULL),(3766,'-10m','now',20,'desc','','','',NULL,NULL,NULL),(3771,'-10m','now',20,'desc','','','',NULL,NULL,NULL),(3776,'-10m','now',20,'desc','','','',NULL,NULL,NULL),(3781,'-10m','now',20,'desc','','','',NULL,NULL,NULL),(3786,'-10m','now',20,'desc','','','',NULL,NULL,NULL),(3791,'-10m','now',20,'desc','','','',NULL,NULL,NULL),(3796,'-10m','now',20,'desc','','','',NULL,NULL,NULL),(3801,'-10m','now',20,'desc','','','',NULL,NULL,NULL),(3806,'-10m','now',20,'desc','','','',NULL,NULL,NULL),(3811,'-10m','now',20,'desc','','','',NULL,NULL,NULL),(3816,'-10m','now',20,'desc','','','',NULL,NULL,NULL),(3821,'-10m','now',20,'desc','','','',NULL,NULL,NULL),(3826,'-10m','now',20,'desc','','0','false',NULL,NULL,NULL),(3827,'-10m','now',20,'desc','','','',NULL,NULL,NULL),(3828,'-10m','now',20,'desc','','','',NULL,NULL,NULL),(3833,'-10m','now',20,'desc','','','',NULL,NULL,NULL),(3838,'-10m','now',20,'desc','','0','false',NULL,NULL,NULL),(3839,'-10m','now',20,'desc','','','',NULL,NULL,NULL),(3840,'-10m','now',20,'desc','','','',NULL,NULL,NULL),(3845,'-10m','now',20,'desc','','0','false',NULL,NULL,NULL),(3846,'-10m','now',20,'desc','','','',NULL,NULL,NULL),(3847,'-10m','now',20,'desc','','','',NULL,NULL,NULL),(3852,'-10m','now',20,'desc','','0','false',NULL,NULL,NULL),(3853,'-10m','now',20,'desc','','','',NULL,NULL,NULL),(3854,'-10m','now',20,'desc','','','',NULL,NULL,NULL),(3859,'-10m','now',20,'desc','','0','false',NULL,NULL,NULL),(3860,'-10m','now',20,'desc','','','',NULL,NULL,NULL),(3861,'-10m','now',20,'desc','','','',NULL,NULL,NULL),(3866,'-1h','now',20,'desc','','','',NULL,NULL,NULL),(3871,'-1h','now',20,'desc','','0','false',NULL,NULL,NULL),(3872,'-1h','now',20,'desc','','','',NULL,NULL,NULL),(3873,'-1h','now',20,'desc','','0','',NULL,NULL,NULL),(3878,'-1h','now',20,'desc','','0','false',NULL,NULL,NULL),(3879,'-1h','now',20,'desc','','','',NULL,NULL,NULL),(3880,'-1h','now',20,'desc','','','',NULL,NULL,NULL),(3885,'-1h','now',20,'desc','','0','false',NULL,NULL,NULL),(3886,'-1h','now',20,'desc','','','',NULL,NULL,NULL),(3887,'-1h','now',20,'desc','','','',NULL,NULL,NULL),(3892,'2015-09-02T18:30:00.000Z','2015-09-02T18:30:00.000Z',20,'desc','','0','false',NULL,NULL,NULL),(3893,'-1h','now',20,'desc','','','',NULL,NULL,NULL),(3894,'-1h','now',20,'desc','','','',NULL,NULL,NULL),(3899,'2015-09-02T18:30:00.000Z','2015-09-02T18:30:00.000Z',20,'desc','','0','false',NULL,NULL,NULL),(3900,'2015-09-02T18:30:00.000Z','2015-09-02T18:30:00.000Z',20,'desc','','','',NULL,NULL,NULL),(3901,'2015-09-02T18:30:00.000Z','2015-09-02T18:30:00.000Z',20,'desc','','','',NULL,NULL,NULL),(3906,'2015-09-02T18:30:00.000Z','2015-09-03T18:30:00.000Z',20,'desc','','','',NULL,NULL,NULL),(3911,'2015-09-02T18:30:00.000Z','2015-09-03T18:30:00.000Z',20,'desc','','0','false',NULL,NULL,NULL),(3912,'2015-09-02T18:30:00.000Z','2015-09-03T18:30:00.000Z',20,'desc','','','',NULL,NULL,NULL),(3913,'2015-09-02T18:30:00.000Z','2015-09-02T18:30:00.000Z',20,'desc','','','',NULL,NULL,NULL),(3918,'2015-09-02T18:30:00.000Z','2015-09-03T18:30:00.000Z',20,'desc','','','',NULL,NULL,NULL),(3923,'2015-09-02T18:30:00.000Z','2015-09-03T18:30:00.000Z',20,'desc','','','',NULL,NULL,NULL),(3944,'2015-09-02T18:30:00.000Z','2015-09-03T18:30:00.000Z',20,'desc','','','',NULL,NULL,NULL),(3949,'2015-09-02T18:30:00.000Z','2015-09-03T18:30:00.000Z',20,'desc','','','',NULL,NULL,NULL),(3954,'2015-09-02T18:30:00.000Z','2015-09-03T18:30:00.000Z',20,'desc','','','',NULL,NULL,NULL),(3959,'2015-09-02T18:30:00.000Z','2015-09-03T18:30:00.000Z',20,'desc','','','',NULL,NULL,NULL),(3960,'2015-09-02T18:30:00.000Z','2015-09-03T18:30:00.000Z',20,'desc','','','',NULL,NULL,NULL),(3965,'2015-09-02T18:30:00.000Z','2015-09-03T18:30:00.000Z',20,'desc','','','',NULL,NULL,NULL),(3970,'2015-09-02T18:30:00.000Z','2015-09-03T18:30:00.000Z',20,'desc','','','',NULL,NULL,NULL),(3975,'2015-09-02T18:30:00.000Z','2015-09-03T18:30:00.000Z',20,'desc','','0','false',NULL,NULL,NULL),(3976,'2015-09-02T18:30:00.000Z','2015-09-03T18:30:00.000Z',20,'desc','','','',NULL,NULL,NULL),(3977,'2015-09-02T18:30:00.000Z','2015-09-03T18:30:00.000Z',20,'desc','','0','',NULL,NULL,NULL),(3982,'2015-09-02T18:30:00.000Z','2015-09-03T18:30:00.000Z',20,'desc','','','',NULL,NULL,NULL),(3983,'2015-09-02T18:30:00.000Z','2015-09-03T18:30:00.000Z',20,'desc','','','',NULL,NULL,NULL),(3988,'2015-09-02T18:30:00.000Z','2015-09-03T18:30:00.000Z',20,'desc','','0','false',NULL,NULL,NULL),(3989,'2015-09-02T18:30:00.000Z','2015-09-03T18:30:00.000Z',20,'desc','','','',NULL,NULL,NULL),(3990,'2015-09-02T18:30:00.000Z','2015-09-03T18:30:00.000Z',20,'desc','','0','',NULL,NULL,NULL),(3995,'2015-09-02T18:30:00.000Z','2015-09-03T18:30:00.000Z',20,'desc','','0','false',NULL,NULL,NULL),(3996,'2015-09-02T18:30:00.000Z','2015-09-03T18:30:00.000Z',20,'desc','','','',NULL,NULL,NULL),(3997,'2015-09-02T18:30:00.000Z','2015-09-03T18:30:00.000Z',20,'desc','','','',NULL,NULL,NULL),(4002,'2015-09-02T18:30:00.000Z','2015-09-03T18:30:00.000Z',20,'desc','','0','false',NULL,NULL,NULL),(4003,'2015-09-02T18:30:00.000Z','2015-09-03T18:30:00.000Z',20,'desc','','','',NULL,NULL,NULL),(4004,'2015-09-02T18:30:00.000Z','2015-09-03T18:30:00.000Z',20,'desc','','','',NULL,NULL,NULL),(4009,'2015-09-02T18:30:00.000Z','2015-09-03T18:30:00.000Z',20,'desc','','0','false',NULL,NULL,NULL),(4010,'2015-09-02T18:30:00.000Z','2015-09-03T18:30:00.000Z',20,'desc','','','',NULL,NULL,NULL),(4011,'2015-09-02T18:30:00.000Z','2015-09-03T18:30:00.000Z',20,'desc','','','',NULL,NULL,NULL),(4044,'2015-09-02T18:30:00.000Z','2015-09-03T18:30:00.000Z',20,'desc','','0','false',NULL,NULL,NULL),(4045,'2015-09-02T18:30:00.000Z','2015-09-03T18:30:00.000Z',20,'desc','','','',NULL,NULL,NULL),(4046,'2015-09-02T18:30:00.000Z','2015-09-03T18:30:00.000Z',20,'desc','','0','',NULL,NULL,NULL),(4071,'2015-09-02T18:30:00.000Z','2015-09-03T18:30:00.000Z',20,'desc','','0','false',NULL,NULL,NULL),(4072,'2015-09-02T18:30:00.000Z','2015-09-03T18:30:00.000Z',20,'desc','','','',NULL,NULL,NULL),(4073,'2015-09-02T18:30:00.000Z','2015-09-03T18:30:00.000Z',20,'desc','','0','',NULL,NULL,NULL),(4120,'2015-09-08T11:12:19.105Z','2015-09-08T11:22:19.105Z',20,'desc','','0','false',NULL,NULL,NULL),(4121,'2015-09-08T11:12:19.105Z','2015-09-08T11:22:19.105Z',20,'desc','','','',NULL,NULL,NULL),(4122,'-10m','now',20,'desc','','0','false',NULL,NULL,NULL),(4131,'2015-09-08T11:43:29.775Z','2015-09-08T11:53:29.775Z',20,'desc','','0','false',NULL,NULL,NULL),(4132,'2015-09-08T11:43:29.775Z','2015-09-08T11:53:29.775Z',20,'desc','','','',NULL,NULL,NULL),(4133,'-10m','now',20,'desc','','0','false',NULL,NULL,NULL),(4150,'2015-09-08T11:43:29.775Z','2015-09-08T11:53:29.775Z',20,'desc','','','',NULL,NULL,NULL),(4151,'2015-09-08T11:43:29.775Z','2015-09-08T11:53:29.775Z',20,'desc','','','',NULL,NULL,NULL),(4154,'2015-09-08T11:43:29.775Z','2015-09-08T11:53:29.775Z',20,'desc','','','',NULL,NULL,NULL),(4157,'2015-09-08T11:43:29.775Z','2015-09-08T11:53:29.775Z',20,'desc','','','',NULL,NULL,NULL),(4160,'2015-09-08T11:43:29.775Z','2015-09-08T11:53:29.775Z',20,'desc','','','',NULL,NULL,NULL),(4163,'2015-09-08T11:43:29.775Z','2015-09-08T11:53:29.775Z',20,'desc','','','',NULL,NULL,NULL),(4166,'2015-09-08T11:43:29.775Z','2015-09-08T11:53:29.775Z',20,'desc','','','',NULL,NULL,NULL),(4169,'2015-09-08T11:43:29.775Z','2015-09-08T11:53:29.775Z',20,'desc','','','',NULL,NULL,NULL),(4172,'2015-09-08T11:43:29.775Z','2015-09-08T11:53:29.775Z',20,'desc','','','',NULL,NULL,NULL),(4175,'2015-09-08T11:43:29.775Z','2015-09-08T11:53:29.775Z',20,'desc','','','',NULL,NULL,NULL),(4176,'2015-09-08T11:43:29.775Z','2015-09-08T11:53:29.775Z',20,'desc','','','',NULL,NULL,NULL),(4179,'2015-09-08T11:43:29.775Z','2015-09-08T11:53:29.775Z',20,'desc','','','',NULL,NULL,NULL),(4180,'2015-09-08T11:43:29.775Z','2015-09-08T11:53:29.775Z',20,'desc','','','',NULL,NULL,NULL),(4189,'2015-09-08T11:43:29.775Z','2015-09-08T11:53:29.775Z',20,'desc','','','',NULL,NULL,NULL),(4190,'2015-09-08T11:43:29.775Z','2015-09-08T11:53:29.775Z',20,'desc','','','',NULL,NULL,NULL),(4193,'2015-09-08T11:43:29.775Z','2015-09-08T11:53:29.775Z',20,'desc','','','',NULL,NULL,NULL),(4194,'2015-09-08T11:43:29.775Z','2015-09-08T11:53:29.775Z',20,'desc','','','',NULL,NULL,NULL),(4197,'2015-09-08T11:43:29.775Z','2015-09-08T11:53:29.775Z',20,'desc','','','',NULL,NULL,NULL),(4198,'2015-09-08T11:43:29.775Z','2015-09-08T11:53:29.775Z',20,'desc','','','',NULL,NULL,NULL),(4201,'2015-09-08T11:43:29.775Z','2015-09-08T11:53:29.775Z',20,'desc','','','',NULL,NULL,NULL),(4202,'2015-09-08T11:43:29.775Z','2015-09-08T11:53:29.775Z',20,'desc','','','',NULL,NULL,NULL),(4205,'2015-09-08T11:43:29.775Z','2015-09-08T11:53:29.775Z',20,'desc','','0','false',NULL,NULL,NULL),(4206,'2015-09-08T11:43:29.775Z','2015-09-08T11:53:29.775Z',20,'desc','','','',NULL,NULL,NULL),(4207,'2015-09-08T11:43:29.775Z','2015-09-08T11:53:29.775Z',20,'desc','','0','',NULL,NULL,NULL),(4210,'2015-09-08T11:43:29.775Z','2015-09-08T11:53:29.775Z',20,'desc','','','',NULL,NULL,NULL),(4211,'2015-09-08T11:43:29.775Z','2015-09-08T11:53:29.775Z',20,'desc','','','',NULL,NULL,NULL),(4214,'2015-09-08T11:43:29.775Z','2015-09-08T11:53:29.775Z',20,'desc','','0','false',NULL,NULL,NULL),(4215,'2015-09-08T11:43:29.775Z','2015-09-08T11:53:29.775Z',20,'desc','','','',NULL,NULL,NULL),(4216,'2015-09-08T11:43:29.775Z','2015-09-08T11:53:29.775Z',20,'desc','','','',NULL,NULL,NULL),(4217,'2015-09-08T11:43:29.775Z','2015-09-08T11:53:29.775Z',20,'desc','','0','false',NULL,NULL,NULL),(4218,'2015-09-08T11:43:29.775Z','2015-09-08T11:53:29.775Z',20,'desc','','','',NULL,NULL,NULL),(4219,'2015-09-08T11:43:29.775Z','2015-09-08T11:53:29.775Z',20,'desc','','','',NULL,NULL,NULL),(4222,'2015-09-08T11:43:29.775Z','2015-09-08T11:53:29.775Z',20,'desc','','','',NULL,NULL,NULL),(4223,'2015-09-08T11:43:29.775Z','2015-09-08T11:53:29.775Z',20,'desc','','','',NULL,NULL,NULL),(4226,'2015-09-08T11:43:29.775Z','2015-09-08T11:53:29.775Z',20,'desc','','','',NULL,NULL,NULL),(4229,'2015-09-08T11:43:29.775Z','2015-09-08T11:53:29.775Z',20,'desc','','','',NULL,NULL,NULL),(4232,'2015-09-08T11:43:29.775Z','2015-09-08T11:53:29.775Z',20,'desc','','','',NULL,NULL,NULL),(4235,'2015-09-08T11:43:29.775Z','2015-09-08T11:53:29.775Z',20,'desc','','','',NULL,NULL,NULL),(4238,'2015-09-08T11:43:29.775Z','2015-09-08T11:53:29.775Z',20,'desc','','','',NULL,NULL,NULL),(4241,'2015-09-08T11:43:29.775Z','2015-09-08T11:53:29.775Z',20,'desc','','','',NULL,NULL,NULL),(4244,'2015-09-08T11:43:29.775Z','2015-09-08T11:53:29.775Z',20,'desc','','','',NULL,NULL,NULL),(4247,'2015-09-08T11:43:29.775Z','2015-09-08T11:53:29.775Z',20,'desc','','','',NULL,NULL,NULL),(4250,'2015-09-08T11:43:29.775Z','2015-09-08T11:53:29.775Z',20,'desc','','','',NULL,NULL,NULL),(4253,'2015-09-08T11:43:29.775Z','2015-09-08T11:53:29.775Z',20,'desc','','','',NULL,NULL,NULL),(4256,'2015-09-08T11:43:29.775Z','2015-09-08T11:53:29.775Z',20,'desc','','','',NULL,NULL,NULL),(4259,'2015-09-08T11:43:29.775Z','2015-09-08T11:53:29.775Z',20,'desc','','','',NULL,NULL,NULL),(4262,'2015-09-08T11:43:29.775Z','2015-09-08T11:53:29.775Z',20,'desc','','','',NULL,NULL,NULL),(4265,'2015-09-08T11:43:29.775Z','2015-09-08T11:53:29.775Z',20,'desc','','','',NULL,NULL,NULL),(4268,'2015-09-08T11:43:29.775Z','2015-09-08T11:53:29.775Z',20,'desc','','','',NULL,NULL,NULL),(4271,'2015-09-08T11:43:29.775Z','2015-09-08T11:53:29.775Z',20,'desc','','','',NULL,NULL,NULL),(4274,'2015-09-08T11:43:29.775Z','2015-09-08T11:53:29.775Z',20,'desc','','','',NULL,NULL,NULL),(4277,'2015-09-08T11:43:29.775Z','2015-09-08T11:53:29.775Z',20,'desc','','','',NULL,NULL,NULL),(4278,'2015-09-08T11:43:29.775Z','2015-09-08T11:53:29.775Z',20,'desc','','','',NULL,NULL,NULL),(4281,'2015-09-08T11:43:29.775Z','2015-09-08T11:53:29.775Z',20,'desc','','','',NULL,NULL,NULL),(4284,'2015-09-08T11:43:29.775Z','2015-09-08T11:53:29.775Z',20,'desc','','','',NULL,NULL,NULL),(4287,'2015-09-08T11:43:29.775Z','2015-09-08T11:53:29.775Z',20,'desc','','','',NULL,NULL,NULL),(4290,'2015-09-08T11:43:29.775Z','2015-09-08T11:53:29.775Z',20,'desc','','','',NULL,NULL,NULL),(4293,'-10m','now',20,'desc','','','',NULL,NULL,NULL),(4296,'-10m','now',20,'desc','','','',NULL,NULL,NULL),(4299,'-10m','now',20,'desc','','','',NULL,NULL,NULL),(4302,'-10m','now',20,'desc','','','',NULL,NULL,NULL),(4305,'-10m','now',20,'desc','','','',NULL,NULL,NULL),(4306,'-10m','now',20,'desc','','','',NULL,NULL,NULL),(4309,'-10m','now',20,'desc','','','',NULL,NULL,NULL),(4310,'-10m','now',20,'desc','','','',NULL,NULL,NULL),(4313,'-10m','now',20,'desc','','','',NULL,NULL,NULL),(4314,'-10m','now',20,'desc','','','',NULL,NULL,NULL),(4317,'-1h','now',20,'desc','','','',NULL,NULL,NULL),(4318,'-1h','now',20,'desc','','','',NULL,NULL,NULL),(4321,'-1h','now',20,'desc','','','',NULL,NULL,NULL),(4322,'-1h','now',20,'desc','','','',NULL,NULL,NULL),(4325,'-1h','now',20,'desc','','','',NULL,NULL,NULL),(4326,'-1h','now',20,'desc','','','',NULL,NULL,NULL),(4329,'-1h','now',20,'desc','','','',NULL,NULL,NULL),(4330,'-1h','now',20,'desc','','','',NULL,NULL,NULL),(4341,'-1h','now',20,'desc','','','',NULL,NULL,NULL),(4344,'2015-09-08T17:17:52.657Z','2015-09-08T18:17:52.657Z',20,'desc','','','',NULL,NULL,NULL),(4345,'2015-09-08T17:17:52.657Z','2015-09-08T18:17:52.657Z',20,'desc','','','',NULL,NULL,NULL),(4365,'-1h','now',20,'desc','','','',NULL,NULL,NULL),(4368,'-1h','now',20,'desc','','','',NULL,NULL,NULL),(4371,'-10m','now',20,'desc','','','',NULL,NULL,NULL),(4374,'-10m','now',20,'desc','','','',NULL,NULL,NULL),(4377,'-10m','now',20,'desc','','','',NULL,NULL,NULL),(4380,'-10m','now',20,'desc','','','',NULL,NULL,NULL),(4383,'-10m','now',20,'desc','','','',NULL,NULL,NULL),(4386,'-10m','now',20,'desc','','','',NULL,NULL,NULL),(4389,'-10m','now',20,'desc','','','',NULL,1,NULL),(4392,'-10m','now',20,'desc','host','','',NULL,1,NULL),(4395,'-10m','now',20,'desc','host','','',NULL,NULL,NULL),(4402,'-10m','now',20,'desc','host','','',233,NULL,NULL),(4419,'-10m','now',20,'desc','host','','',242,NULL,NULL),(4424,'-10m','now',20,'desc','host','','',245,NULL,NULL),(4437,'-10m','now',20,'desc','host','','',252,NULL,NULL),(4448,'-10m','now',20,'desc','','','',258,NULL,NULL),(4455,'-1h','now',20,'desc','','','',NULL,NULL,NULL),(4482,'2015-09-09T08:56:47.719Z','2015-09-09T09:06:47.719Z',20,'desc','','','',269,NULL,NULL),(4499,'2015-09-09T08:56:47.719Z','2015-09-09T09:06:47.719Z',20,'desc','','','',276,NULL,NULL),(4504,'2015-09-09T08:56:47.719Z','2015-09-09T09:06:47.719Z',20,'desc','','','',279,NULL,NULL),(4505,'2015-09-09T08:56:47.719Z','2015-09-09T09:06:47.719Z',20,'desc','','','',280,NULL,NULL),(4512,'2015-09-09T08:56:47.719Z','2015-09-09T09:06:47.719Z',20,'desc','','','',284,NULL,NULL),(4513,'2015-09-09T08:56:47.719Z','2015-09-09T09:06:47.719Z',20,'desc','','','',285,NULL,NULL),(4518,'2015-09-09T08:56:47.719Z','2015-09-09T09:06:47.719Z',20,'desc','','','',288,NULL,NULL),(4523,'2015-09-09T08:56:47.719Z','2015-09-09T09:06:47.719Z',20,'desc','','','',291,1,NULL),(4528,'2015-09-09T08:56:47.719Z','2015-09-09T09:06:47.719Z',20,'desc','','','',294,1,NULL),(4531,'2015-09-09T08:56:47.719Z','2015-09-09T09:06:47.719Z',20,'desc','','','',296,NULL,NULL),(4578,'2015-09-09T08:56:47.719Z','2015-09-09T09:06:47.719Z',20,'desc','','','',320,NULL,NULL),(4583,'2015-09-09T08:56:47.719Z','2015-09-09T09:06:47.719Z',20,'desc','','','',323,NULL,NULL),(4584,'2015-09-09T08:56:47.719Z','2015-09-09T09:06:47.719Z',20,'desc','','','',324,NULL,NULL),(4589,'2015-09-09T08:56:47.719Z','2015-09-09T09:06:47.719Z',20,'desc','','','',327,NULL,NULL),(4590,'2015-09-09T08:56:47.719Z','2015-09-09T09:06:47.719Z',20,'desc','','','',328,NULL,NULL),(4601,'2015-09-09T08:56:47.719Z','2015-09-09T09:06:47.719Z',20,'desc','','','',334,NULL,NULL),(4606,'2015-09-09T08:56:47.719Z','2015-09-09T09:06:47.719Z',20,'desc','','','',337,NULL,NULL),(4607,'2015-09-09T08:56:47.719Z','2015-09-09T09:06:47.719Z',20,'desc','','','',338,NULL,NULL),(4612,'2015-09-09T08:56:47.719Z','2015-09-09T09:06:47.719Z',20,'desc','host','','',341,1,NULL),(4615,'2015-09-09T08:56:47.719Z','2015-09-09T09:06:47.719Z',20,'desc','host','','',343,1,NULL),(4618,'-10m','now',20,'desc','host','','',345,1,NULL),(4621,'2015-09-10T09:58:41.519Z','2015-09-10T10:08:41.519Z',20,'desc','host','','',347,1,NULL),(4622,'2015-09-10T09:58:41.519Z','2015-09-10T10:08:41.519Z',20,'desc','host','','',348,1,NULL),(4625,'2015-09-10T09:58:41.519Z','2015-09-10T10:08:41.519Z',20,'desc','host','','',350,1,NULL),(4628,'2015-09-10T09:58:41.519Z','2015-09-10T10:08:41.519Z',20,'desc','host','','',352,1,NULL),(4629,'2015-09-10T09:58:41.519Z','2015-09-10T10:08:41.519Z',20,'desc','host','','',353,1,NULL),(4632,'2015-09-10T09:58:41.519Z','2015-09-10T10:08:41.519Z',20,'desc','host','','',355,1,NULL),(4633,'2015-09-10T09:58:41.519Z','2015-09-10T10:08:41.519Z',20,'desc','host','','',356,1,NULL),(4636,'2015-09-10T09:58:41.519Z','2015-09-10T10:08:41.519Z',20,'desc','host','','',358,1,NULL),(4639,'2015-09-10T09:58:41.519Z','2015-09-10T10:08:41.519Z',20,'desc','host','','',360,1,NULL),(4642,'2015-09-10T09:58:41.519Z','2015-09-10T10:08:41.519Z',20,'desc','host','','',362,1,NULL),(4643,'2015-09-10T09:58:41.519Z','2015-09-10T10:08:41.519Z',20,'desc','host','','',363,1,NULL),(4646,'2015-09-10T09:58:41.519Z','2015-09-10T10:08:41.519Z',20,'desc','host','','',365,1,NULL),(4649,'2015-09-10T09:58:41.519Z','2015-09-10T10:08:41.519Z',20,'desc','host','','',367,1,NULL),(4650,'2015-09-10T09:58:41.519Z','2015-09-10T10:08:41.519Z',20,'desc','host','','',368,1,NULL),(4653,'2015-09-10T09:58:41.519Z','2015-09-10T10:08:41.519Z',20,'desc','host','','',370,1,NULL),(4654,'2015-09-10T09:58:41.519Z','2015-09-10T10:08:41.519Z',20,'desc','host','','',371,1,NULL),(4657,'2015-09-10T09:58:41.519Z','2015-09-10T10:08:41.519Z',20,'desc','host','','',373,1,NULL),(4660,'2015-09-10T09:58:41.519Z','2015-09-10T10:08:41.519Z',20,'desc','host','','',375,1,NULL),(4663,'2015-09-10T09:58:41.519Z','2015-09-10T10:08:41.519Z',20,'desc','host','','',377,1,NULL),(4666,'2015-09-10T09:58:41.519Z','2015-09-10T10:08:41.519Z',20,'desc','host','','',379,1,NULL),(4669,'2015-09-10T09:58:41.519Z','2015-09-10T10:08:41.519Z',20,'desc','host','','',381,1,NULL),(4672,'2015-09-10T09:58:41.519Z','2015-09-10T10:08:41.519Z',20,'desc','host','','',383,1,NULL),(4675,'2015-09-10T09:58:41.519Z','2015-09-10T10:08:41.519Z',20,'desc','host','','',385,1,NULL),(4678,'2015-09-10T09:58:41.519Z','2015-09-10T10:08:41.519Z',20,'desc','host','','',387,1,NULL),(4681,'2015-09-10T09:58:41.519Z','2015-09-10T10:08:41.519Z',20,'desc','host','','',389,1,NULL),(4684,'2015-09-10T09:58:41.519Z','2015-09-10T10:08:41.519Z',20,'desc','host','','',391,1,NULL),(4687,'2015-09-10T09:58:41.519Z','2015-09-10T10:08:41.519Z',20,'desc','host','','',393,1,NULL),(4688,'2015-09-10T09:58:41.519Z','2015-09-10T10:08:41.519Z',20,'desc','host','','',394,1,NULL),(4691,'2015-09-10T09:58:41.519Z','2015-09-10T10:08:41.519Z',20,'desc','host','','',396,1,NULL),(4694,'2015-09-10T09:58:41.519Z','2015-09-10T10:08:41.519Z',20,'desc','host','','',398,1,NULL),(4695,'2015-09-10T09:58:41.519Z','2015-09-10T10:08:41.519Z',20,'desc','host','','',399,1,NULL),(4700,'2015-09-10T09:58:41.519Z','2015-09-10T10:08:41.519Z',20,'desc','host','','',402,1,NULL),(4703,'2015-09-10T09:58:41.519Z','2015-09-10T10:08:41.519Z',20,'desc','host','','',404,1,NULL),(4706,'-1h','now',20,'desc','','','',NULL,NULL,NULL),(4709,'-1h','now',20,'desc','','','',NULL,NULL,NULL),(4712,'-1h','now',20,'desc','','','',NULL,NULL,NULL),(4715,'-1h','now',20,'desc','','','',NULL,NULL,NULL),(4718,'-1h','now',20,'desc','','','',NULL,NULL,NULL),(4721,'-1h','now',20,'desc','','','',NULL,NULL,NULL),(4724,'-10m','now',20,'desc','','','',NULL,NULL,NULL),(4727,'-1h','now',20,'desc','','','',NULL,NULL,NULL),(4730,'-1h','now',20,'desc','','','',NULL,NULL,NULL),(4733,'-1h','now',20,'desc','','','',NULL,NULL,NULL),(4736,'-1h','now',20,'desc','','','',NULL,NULL,NULL),(4739,'-1h','now',20,'desc','','','',NULL,NULL,NULL),(4742,'-1h','now',20,'desc','','','',NULL,NULL,NULL),(4745,'2015-09-10T16:07:53.023Z','2015-09-10T17:07:53.023Z',20,'desc','','','',NULL,NULL,NULL),(4746,'2015-09-10T16:07:53.023Z','2015-09-10T17:07:53.023Z',20,'desc','','','',NULL,NULL,NULL),(4751,'-1h','now',20,'desc','','','',NULL,NULL,NULL),(4754,'-1h','now',20,'desc','','','',NULL,NULL,NULL),(4757,'-1h','now',20,'desc','','','',NULL,NULL,NULL),(4760,'-1h','now',20,'desc','','','',NULL,NULL,NULL),(4763,'-1h','now',20,'desc','','','',NULL,NULL,NULL),(4766,'-1h','now',20,'desc','','','',NULL,NULL,NULL),(4769,'-1h','now',20,'desc','','','',NULL,NULL,NULL),(4772,'-1h','now',20,'desc','','','',NULL,NULL,NULL),(4775,'-1h','now',20,'desc','','','',NULL,NULL,NULL),(4778,'2015-09-10T16:35:16.986Z','2015-09-10T17:35:16.986Z',20,'desc','','','',NULL,NULL,NULL),(4779,'2015-09-10T16:35:16.986Z','2015-09-10T17:35:16.986Z',20,'desc','','','',NULL,NULL,NULL),(4786,'2015-09-10T16:35:16.986Z','2015-09-10T17:35:16.986Z',20,'desc','','','',NULL,1,NULL),(4789,'-1h','now',20,'desc','','','',NULL,NULL,NULL),(4792,'2015-09-10T18:01:52.877Z','2015-09-10T19:01:52.877Z',20,'desc','','','',NULL,NULL,NULL),(4793,'2015-09-10T18:01:52.877Z','2015-09-10T19:01:52.877Z',20,'desc','','','',NULL,NULL,NULL),(4798,'2015-09-10T18:01:52.877Z','2015-09-10T19:01:52.877Z',20,'desc','','','',NULL,NULL,NULL),(4799,'2015-09-10T18:01:52.877Z','2015-09-10T19:01:52.877Z',20,'desc','','','',NULL,NULL,NULL),(4804,'2015-09-10T18:01:52.877Z','2015-09-10T19:01:52.877Z',20,'desc','','','',NULL,NULL,NULL),(4809,'-1h','now',20,'desc','','','',NULL,NULL,NULL),(4812,'-1h','now',20,'desc','','','',NULL,NULL,NULL),(4814,'-10m','now',20,'desc','','','',NULL,NULL,NULL),(4818,'-1h','now',20,'desc','','','',NULL,NULL,NULL),(4821,'-1h','now',20,'desc','','','',NULL,1,NULL),(4823,'-1h','now',20,'desc','','','',NULL,NULL,NULL),(4832,'2015-09-11T04:08:10.263Z','2015-09-11T05:08:10.263Z',20,'desc','','','',411,NULL,NULL),(4833,'-1h','now',20,'desc','','','',NULL,NULL,NULL),(4850,'2015-09-11T04:33:53.888Z','2015-09-11T05:33:53.888Z',20,'desc','','','',418,NULL,NULL),(4853,'2015-09-11T04:33:53.888Z','2015-09-11T05:33:53.888Z',20,'desc','host','','',420,1,NULL),(4856,'-1h','now',20,'desc','','','',NULL,NULL,NULL),(4858,'-1h','now',20,'desc','','','',NULL,NULL,NULL),(4860,'-1h','now',20,'desc','','','',NULL,NULL,NULL),(4862,'2015-08-31T18:30:00.000Z','2015-09-01T18:30:00.000Z',20,'desc','','','',NULL,NULL,NULL),(4864,'-1h','now',20,'desc','','','',NULL,NULL,NULL),(4866,'-1h','now',20,'desc','','','',NULL,NULL,NULL),(4869,'-1h','now',20,'desc','','','',NULL,NULL,NULL),(4871,'-1h','now',20,'desc','','','',NULL,NULL,NULL),(4873,'-10m','now',20,'desc','','','',NULL,NULL,NULL),(4875,'-3h','now',20,'desc','','','',NULL,NULL,NULL),(4877,'-1h','now',20,'desc','','','',NULL,NULL,NULL),(4879,'-1h','now',20,'desc','','','',NULL,NULL,NULL),(4882,'-10m','now',20,'desc','','','',NULL,NULL,NULL),(4885,'-30m','now',20,'desc','','','',NULL,NULL,NULL),(4888,'-10m','now',20,'desc','','','',NULL,NULL,NULL),(4891,'-30m','now',20,'desc','','','',NULL,NULL,NULL),(4894,'-3h','now',20,'desc','','','',NULL,NULL,NULL),(4897,'-30m','now',20,'desc','','','',NULL,NULL,NULL),(4900,'-3h','now',20,'desc','','','',NULL,NULL,NULL),(4903,'-30m','now',20,'desc','','','',NULL,NULL,NULL),(4906,'-1h','now',20,'desc','','','',NULL,NULL,NULL),(4909,'-30m','now',20,'desc','','','',NULL,NULL,NULL),(4912,'-30m','now',20,'desc','host','','',NULL,NULL,NULL),(4915,'-10m','now',20,'desc','host','','',NULL,1,NULL),(4918,'-30m','now',20,'desc','host','','',NULL,NULL,NULL),(4921,'-10m','now',20,'desc','host','','',NULL,1,NULL),(4924,'-10m','now',20,'desc','host','','',NULL,NULL,NULL),(4927,'-10m','now',20,'desc','host','','',NULL,1,NULL),(4930,'-10m','now',20,'desc','host','','',NULL,NULL,NULL),(4945,'2015-09-11T08:45:05.153Z','2015-09-11T08:55:05.153Z',20,'desc','host','','',426,NULL,NULL),(4956,'2015-09-11T08:45:05.153Z','2015-09-11T08:55:05.153Z',20,'desc','host','','',430,NULL,NULL),(4961,'2015-09-11T08:45:05.153Z','2015-09-11T08:55:05.153Z',20,'desc','host','','',435,NULL,NULL),(4966,'-10m','now',20,'desc','host','','',NULL,1,NULL),(4969,'2015-09-11T08:45:05.153Z','2015-09-11T08:55:05.153Z',20,'desc','host','','',440,NULL,NULL),(4974,'2015-09-11T08:45:05.153Z','2015-09-11T08:55:05.153Z',20,'desc','host','','',445,NULL,NULL),(4979,'2015-09-11T08:45:05.153Z','2015-09-11T08:55:05.153Z',20,'desc','host','','',450,NULL,NULL),(4984,'-10m','now',20,'desc','host','','',NULL,1,NULL),(4987,'2015-09-11T08:45:05.153Z','2015-09-11T08:55:05.153Z',20,'desc','host','','',455,NULL,NULL),(4992,'-10m','now',20,'desc','host','','',NULL,1,NULL),(4995,'2015-09-05T18:30:00.000Z','2015-09-07T18:30:00.000Z',20,'desc','host','','',NULL,1,NULL),(4998,'-10m','now',20,'desc','host','','',NULL,1,NULL),(5001,'2015-09-05T18:30:00.000Z','2015-09-07T18:30:00.000Z',20,'desc','host','','',NULL,1,NULL),(5004,'2015-09-05T18:30:00.000Z','2015-09-07T18:30:00.000Z',20,'desc','user','','',NULL,1,NULL),(5007,'2015-09-05T18:30:00.000Z','2015-09-07T18:30:00.000Z',20,'desc','user','','',NULL,1,NULL),(5010,'2015-09-11T08:45:05.153Z','2015-09-11T08:55:05.153Z',20,'desc','host','','',460,NULL,NULL),(5015,'2015-09-05T18:30:00.000Z','2015-09-07T18:30:00.000Z',20,'desc','user','','',NULL,1,NULL),(5018,'2015-09-05T18:30:00.000Z','2015-09-07T18:30:00.000Z',20,'desc','user','','',NULL,1,NULL),(5021,'2015-09-05T18:30:00.000Z','2015-09-07T18:30:00.000Z',20,'desc','user','','',NULL,1,NULL),(5024,'2015-09-05T18:30:00.000Z','2015-09-07T18:30:00.000Z',20,'desc','host','','',NULL,1,NULL),(5027,'2015-09-05T18:30:00.000Z','2015-09-07T18:30:00.000Z',20,'desc','host','','',NULL,1,NULL),(5030,'2015-09-05T18:30:00.000Z','2015-09-07T18:30:00.000Z',20,'desc','host','','',NULL,1,NULL),(5033,'2015-09-05T18:30:00.000Z','2015-09-07T18:30:00.000Z',20,'desc','host','','',NULL,1,NULL),(5034,'2015-09-05T18:30:00.000Z','2015-09-07T18:30:00.000Z',20,'desc','host','','',NULL,1,NULL),(5037,'-3h','now',20,'desc','host','','',NULL,1,NULL),(5040,'-3h','now',20,'desc','host','','',NULL,1,NULL),(5043,'2015-09-05T18:30:00.000Z','2015-09-07T18:30:00.000Z',20,'desc','host','','',NULL,1,NULL),(5046,'-3h','now',20,'desc','host','','',NULL,1,NULL),(5049,'-3h','now',20,'desc','host','','',NULL,1,NULL),(5052,'-3h','now',20,'desc','host','','',NULL,1,NULL),(5055,'-3h','now',20,'desc','host','','',NULL,NULL,NULL),(5068,'-3h','now',20,'desc','host','','',NULL,NULL,NULL),(5089,'2015-09-06T18:30:00.000Z','2015-09-07T18:30:00.000Z',20,'desc','host','','',473,NULL,NULL),(5094,'-3h','now',20,'desc','host','','',NULL,NULL,NULL),(5099,'2015-09-06T18:30:00.000Z','2015-09-07T18:30:00.000Z',20,'desc','host','','',476,NULL,NULL),(5104,'2015-09-06T18:30:00.000Z','2015-09-07T18:30:00.000Z',20,'desc','host','','',481,1,NULL),(5107,'-3h','now',20,'desc','host','','',NULL,NULL,NULL),(5112,'2015-09-06T18:30:00.000Z','2015-09-07T18:30:00.000Z',20,'desc','host','','',484,1,NULL),(5119,'-10m','now',20,'desc','','','',NULL,NULL,NULL),(5124,'-10m','now',20,'desc','host','','',NULL,NULL,NULL),(5129,'-10m','now',20,'desc','host','','',NULL,NULL,NULL),(5154,'2015-09-06T18:30:00.000Z','2015-09-07T18:30:00.000Z',20,'desc','host','','',502,NULL,NULL),(5159,'-10m','now',20,'desc','host','','',NULL,NULL,NULL),(5166,'-10m','now',20,'desc','host','','',506,1,NULL),(5169,'2015-09-06T18:30:00.000Z','2015-09-07T18:30:00.000Z',20,'desc','host','','',508,NULL,NULL),(5174,'2015-09-06T18:30:00.000Z','2015-09-07T18:30:00.000Z',20,'desc','host','','',513,NULL,NULL),(5181,'2015-09-06T18:30:00.000Z','2015-09-07T18:30:00.000Z',20,'desc','host','','',520,NULL,NULL),(5188,'2015-09-06T18:30:00.000Z','2015-09-07T18:30:00.000Z',20,'desc','user','','',527,NULL,NULL),(5191,'2015-09-06T18:30:00.000Z','2015-09-07T18:30:00.000Z',20,'desc','user','','',530,NULL,NULL),(5194,'2015-09-06T18:30:00.000Z','2015-09-07T18:30:00.000Z',20,'desc','user','','',533,NULL,NULL),(5197,'2015-09-06T18:30:00.000Z','2015-09-07T18:30:00.000Z',20,'desc','user','','',536,NULL,NULL),(5200,'2015-09-06T18:30:00.000Z','2015-09-07T18:30:00.000Z',20,'desc','host','','',539,NULL,NULL),(5205,'2015-09-06T18:30:00.000Z','2015-09-07T18:30:00.000Z',20,'desc','host','','',544,NULL,NULL),(5210,'2015-09-06T18:30:00.000Z','2015-09-07T18:30:00.000Z',20,'desc','host','','',549,NULL,NULL),(5215,'2015-09-06T18:30:00.000Z','2015-09-07T18:30:00.000Z',20,'desc','host','','',554,NULL,NULL),(5220,'2015-09-06T18:30:00.000Z','2015-09-07T18:30:00.000Z',20,'desc','host','','',559,NULL,NULL),(5225,'2015-09-06T18:30:00.000Z','2015-09-07T18:30:00.000Z',20,'desc','host','','',564,NULL,NULL),(5230,'-10m','now',20,'desc','host','','',569,NULL,NULL),(5235,'-10m','now',20,'desc','host','','',574,NULL,NULL),(5240,'-10m','now',20,'desc','host','','',579,NULL,NULL),(5245,'-10m','now',20,'desc','host','','',584,NULL,NULL),(5250,'2015-09-14T11:23:27.220Z','2015-09-14T11:33:27.220Z',20,'desc','host','','',589,NULL,NULL),(5251,'2015-09-14T11:23:27.220Z','2015-09-14T11:33:27.220Z',20,'desc','host','','',590,NULL,NULL),(5256,'2015-09-14T11:23:27.220Z','2015-09-14T11:33:27.220Z',20,'desc','host','','',595,NULL,NULL),(5257,'2015-09-14T11:23:27.220Z','2015-09-14T11:33:27.220Z',20,'desc','host','','',596,NULL,NULL),(5262,'2015-09-14T11:23:27.220Z','2015-09-14T11:33:27.220Z',20,'desc','host','','',601,NULL,NULL),(5263,'2015-09-14T11:23:27.220Z','2015-09-14T11:33:27.220Z',20,'desc','host','','',602,NULL,NULL),(5268,'2015-09-14T11:23:27.220Z','2015-09-14T11:33:27.220Z',20,'desc','host','','',607,NULL,NULL),(5273,'2015-09-14T11:23:27.220Z','2015-09-14T11:33:27.220Z',20,'desc','host','','',612,NULL,NULL),(5274,'2015-09-14T11:23:27.220Z','2015-09-14T11:33:27.220Z',20,'desc','host','','',613,NULL,NULL),(5279,'2015-09-14T11:23:27.220Z','2015-09-14T11:33:27.220Z',20,'desc','host','','',618,NULL,NULL),(5280,'2015-09-14T11:23:27.220Z','2015-09-14T11:33:27.220Z',20,'desc','host','','',619,NULL,NULL),(5285,'2015-09-14T11:23:27.220Z','2015-09-14T11:33:27.220Z',20,'desc','host','','',624,NULL,NULL),(5286,'2015-09-14T11:23:27.220Z','2015-09-14T11:33:27.220Z',20,'desc','host','','',625,NULL,NULL),(5291,'2015-09-14T11:23:27.220Z','2015-09-14T11:33:27.220Z',20,'desc','host','','',630,NULL,NULL),(5292,'2015-09-14T11:23:27.220Z','2015-09-14T11:33:27.220Z',20,'desc','host','','',631,NULL,NULL),(5297,'2015-09-14T11:23:27.220Z','2015-09-14T11:33:27.220Z',20,'desc','host','','',636,NULL,NULL),(5298,'2015-09-14T11:23:27.220Z','2015-09-14T11:33:27.220Z',20,'desc','host','','',637,NULL,NULL),(5301,'2015-09-14T11:23:27.220Z','2015-09-14T11:33:27.220Z',20,'desc','host','','',640,NULL,NULL),(5302,'2015-09-14T11:23:27.220Z','2015-09-14T11:33:27.220Z',20,'desc','host','','',641,NULL,NULL),(5307,'2015-09-14T11:23:27.220Z','2015-09-14T11:33:27.220Z',20,'desc','host','','',646,NULL,NULL),(5308,'2015-09-14T11:23:27.220Z','2015-09-14T11:33:27.220Z',20,'desc','host','','',647,NULL,NULL),(5313,'2015-09-14T11:23:27.220Z','2015-09-14T11:33:27.220Z',20,'desc','host','','',652,NULL,NULL),(5314,'2015-09-14T11:23:27.220Z','2015-09-14T11:33:27.220Z',20,'desc','host','','',653,NULL,NULL),(5319,'2015-09-14T11:23:27.220Z','2015-09-14T11:33:27.220Z',20,'desc','host','','',658,NULL,NULL),(5324,'-10m','now',20,'desc','host','','',663,NULL,NULL),(5329,'2015-09-14T11:23:27.220Z','2015-09-14T11:33:27.220Z',20,'desc','host','','',668,NULL,NULL),(5334,'2015-09-14T11:23:27.220Z','2015-09-14T11:33:27.220Z',20,'desc','host','','',673,NULL,NULL),(5339,'-10m','now',20,'desc','host','','',678,NULL,NULL),(5344,'2015-09-14T12:50:22.898Z','2015-09-14T13:00:22.898Z',20,'desc','host','','',683,NULL,NULL),(5345,'2015-09-14T12:50:22.898Z','2015-09-14T13:00:22.898Z',20,'desc','host','','',684,NULL,NULL),(5350,'2015-09-14T12:50:22.898Z','2015-09-14T13:00:22.898Z',20,'desc','host','','',689,NULL,NULL),(5355,'2015-09-14T12:50:22.898Z','2015-09-14T13:00:22.898Z',20,'desc','host','','',694,NULL,NULL),(5356,'2015-09-14T12:50:22.898Z','2015-09-14T13:00:22.898Z',20,'desc','host','','',695,NULL,NULL),(5361,'2015-09-14T12:50:22.898Z','2015-09-14T13:00:22.898Z',20,'desc','host','','',700,NULL,NULL),(5362,'2015-09-14T12:50:22.898Z','2015-09-14T13:00:22.898Z',20,'desc','host','','',701,NULL,NULL),(5369,'2015-09-14T12:50:22.898Z','2015-09-14T13:00:22.898Z',20,'desc','host','','',708,NULL,NULL),(5370,'2015-09-14T12:50:22.898Z','2015-09-14T13:00:22.898Z',20,'desc','host','','',709,NULL,NULL),(5375,'-10m','now',20,'desc','host','','',714,NULL,NULL),(5380,'-10m','now',20,'desc','host','','',719,NULL,NULL),(5385,'-10m','now',20,'desc','host','','',724,NULL,NULL),(5390,'-10m','2015-09-13T18:30:00.000Z',20,'desc','host','','',729,NULL,NULL),(5393,'2015-09-12T18:30:00.000Z','2015-09-13T18:30:00.000Z',20,'desc','host','','',732,NULL,NULL),(5398,'2015-09-12T18:30:00.000Z','2015-09-13T18:30:00.000Z',20,'desc','user','','',737,NULL,NULL),(5401,'2015-09-14T12:50:22.898Z','2015-09-14T13:00:22.898Z',20,'desc','host','','',740,NULL,NULL),(5406,'-10m','now',20,'desc','host','','',745,NULL,NULL),(5425,'-10m','now',20,'desc','host','','',760,NULL,NULL),(5434,'-10m','now',20,'desc','host','','',NULL,NULL,NULL),(5455,'-10m','now',20,'desc','user','','',NULL,NULL,NULL),(5458,'-10m','now',20,'desc','user','','',NULL,NULL,NULL),(5461,'-10m','now',20,'desc','user','','',NULL,NULL,NULL),(5464,'-10m','now',20,'desc','','','',NULL,NULL,NULL),(5469,'-10m','now',20,'desc','','','',NULL,NULL,NULL),(5498,'-10m','now',20,'desc','','','',NULL,NULL,NULL),(5503,'-10m','now',20,'desc','','','',NULL,NULL,NULL),(5506,'-10m','now',20,'desc','host','','',NULL,NULL,NULL),(5511,'-10m','now',20,'desc','host','','',801,NULL,NULL),(5516,'-1h','now',20,'desc','','','',NULL,NULL,NULL),(5521,'-1h','now',20,'desc','188','','',NULL,NULL,NULL),(5554,'-1h','now',20,'desc','188','','',826,NULL,NULL),(5563,'-1h','now',20,'desc','','','',NULL,NULL,NULL),(5568,'2015-09-13T18:30:00.000Z','2015-09-14T18:30:00.000Z',20,'desc','','','',NULL,NULL,NULL),(5573,'2015-09-13T18:30:00.000Z','2015-09-14T18:30:00.000Z',20,'desc','','','',NULL,NULL,NULL),(5578,'2015-09-13T18:30:00.000Z','2015-09-14T18:30:00.000Z',20,'desc','','','',NULL,NULL,NULL),(5579,'2015-09-13T18:30:00.000Z','2015-09-14T18:30:00.000Z',20,'desc','','','',NULL,NULL,NULL),(5584,'-10m','now',20,'desc','','','',NULL,NULL,NULL),(5589,'-10m','now',20,'desc','','','',NULL,NULL,NULL),(5594,'-10m','now',20,'desc','','','',NULL,NULL,NULL),(5599,'-10m','now',20,'desc','','','',NULL,NULL,NULL),(5604,'-10m','now',20,'desc','','','',NULL,NULL,NULL),(5809,'-1h','now',20,'desc','','','',NULL,NULL,NULL),(5870,'-1h','now',20,'desc','','','',NULL,NULL,NULL),(5883,'2015-09-16T04:25:07.863Z','2015-09-16T05:25:07.863Z',20,'desc','','','',NULL,NULL,NULL),(5884,'2015-09-16T04:25:07.863Z','2015-09-16T05:25:07.863Z',20,'desc','','','',NULL,NULL,NULL),(5897,'2015-09-16T04:25:07.863Z','2015-09-16T05:25:07.863Z',20,'desc','','','',1019,NULL,NULL),(5910,'2015-09-16T04:25:07.863Z','2015-09-16T05:25:07.863Z',20,'desc','','','',NULL,NULL,NULL),(5923,'2015-09-16T04:25:07.863Z','2015-09-16T05:25:07.863Z',20,'desc','','','',1034,NULL,NULL),(5930,'2015-09-16T04:25:07.863Z','2015-09-16T05:25:07.863Z',20,'desc','','','',1039,NULL,NULL),(5937,'2015-09-16T04:25:07.863Z','2015-09-16T05:25:07.863Z',20,'desc','','','',1044,NULL,NULL),(5956,'2015-09-16T04:25:07.863Z','2015-09-16T05:25:07.863Z',20,'desc','','','',1057,NULL,NULL),(5963,'2015-09-16T04:25:07.863Z','2015-09-16T05:25:07.863Z',20,'desc','','','',1062,NULL,NULL),(5964,'2015-09-16T04:25:07.863Z','2015-09-16T05:25:07.863Z',20,'desc','','','',NULL,NULL,NULL),(5983,'2015-09-16T04:25:07.863Z','2015-09-16T05:25:07.863Z',20,'desc','','','',1072,NULL,NULL),(6008,'2015-09-16T04:25:07.863Z','2015-09-16T05:25:07.863Z',20,'desc','','','',1093,NULL,NULL),(6009,'2015-09-16T04:25:07.863Z','2015-09-16T05:25:07.863Z',20,'desc','','','',1094,NULL,NULL),(6022,'2015-09-16T04:25:07.863Z','2015-09-16T05:25:07.863Z',20,'desc','','','',1105,NULL,NULL),(6035,'2015-09-16T04:25:07.863Z','2015-09-16T05:25:07.863Z',20,'desc','','','',1116,NULL,NULL),(6042,'2015-09-16T04:25:07.863Z','2015-09-16T05:25:07.863Z',20,'desc','','','',NULL,NULL,NULL),(6061,'2015-09-16T04:25:07.863Z','2015-09-16T05:25:07.863Z',20,'desc','','','',1134,NULL,NULL),(6068,'2015-09-16T04:25:07.863Z','2015-09-16T05:25:07.863Z',20,'desc','','','',NULL,NULL,NULL),(6087,'2015-09-16T04:25:07.863Z','2015-09-16T05:25:07.863Z',20,'desc','','','',NULL,NULL,NULL),(6088,'2015-09-16T04:25:07.863Z','2015-09-16T05:25:07.863Z',20,'desc','','','',NULL,NULL,NULL),(6101,'2015-09-16T04:25:07.863Z','2015-09-16T05:25:07.863Z',20,'desc','','','',NULL,NULL,NULL),(6114,'2015-09-16T04:25:07.863Z','2015-09-16T05:25:07.863Z',20,'desc','','','',NULL,NULL,NULL),(6121,'2015-09-16T04:25:07.863Z','2015-09-16T05:25:07.863Z',20,'desc','','','',NULL,NULL,NULL),(6122,'2015-09-16T04:25:07.863Z','2015-09-16T05:25:07.863Z',20,'desc','','','',NULL,NULL,NULL),(6135,'2015-09-16T04:25:07.863Z','2015-09-16T05:25:07.863Z',20,'desc','','','',NULL,NULL,NULL),(6148,'2015-09-16T04:25:07.863Z','2015-09-16T05:25:07.863Z',20,'desc','','','',NULL,NULL,NULL),(6149,'2015-09-16T04:25:07.863Z','2015-09-16T05:25:07.863Z',20,'desc','','','',NULL,NULL,NULL),(6162,'2015-09-16T04:25:07.863Z','2015-09-16T05:25:07.863Z',20,'desc','','','',NULL,NULL,NULL),(6175,'2015-09-16T04:25:07.863Z','2015-09-16T05:25:07.863Z',20,'desc','','','',NULL,NULL,NULL),(6188,'2015-09-16T04:25:07.863Z','2015-09-16T05:25:07.863Z',20,'desc','','','',NULL,NULL,NULL),(6201,'2015-09-16T04:25:07.863Z','2015-09-16T05:25:07.863Z',20,'desc','','','',NULL,NULL,NULL),(6214,'2015-09-16T04:25:07.863Z','2015-09-16T05:25:07.863Z',20,'desc','','','',NULL,NULL,NULL),(6215,'2015-09-16T04:25:07.863Z','2015-09-16T05:25:07.863Z',20,'desc','','','',NULL,NULL,NULL),(6228,'2015-09-16T04:25:07.863Z','2015-09-16T05:25:07.863Z',20,'desc','','','',NULL,NULL,NULL),(6241,'2015-09-16T04:25:07.863Z','2015-09-16T05:25:07.863Z',20,'desc','','','',NULL,NULL,NULL),(6254,'2015-09-16T04:25:07.863Z','2015-09-16T05:25:07.863Z',20,'desc','','','',NULL,NULL,NULL),(6267,'2015-09-16T04:25:07.863Z','2015-09-16T05:25:07.863Z',20,'desc','','','',NULL,NULL,NULL),(6280,'2015-09-16T04:25:07.863Z','2015-09-16T05:25:07.863Z',20,'desc','','','',NULL,NULL,NULL),(6293,'2015-09-16T04:25:07.863Z','2015-09-16T05:25:07.863Z',20,'desc','','','',NULL,NULL,NULL),(6306,'2015-09-16T04:25:07.863Z','2015-09-16T05:25:07.863Z',20,'desc','','','',NULL,NULL,NULL),(6319,'2015-09-16T04:25:07.863Z','2015-09-16T05:25:07.863Z',20,'desc','','','',NULL,NULL,NULL),(6356,'2015-09-16T04:25:07.863Z','2015-09-16T05:25:07.863Z',20,'desc','','','',NULL,NULL,NULL),(6369,'2015-09-16T04:25:07.863Z','2015-09-16T05:25:07.863Z',20,'desc','','','',NULL,NULL,NULL),(6370,'2015-09-16T04:25:07.863Z','2015-09-16T05:25:07.863Z',20,'desc','','','',NULL,NULL,NULL),(6383,'2015-09-16T04:25:07.863Z','2015-09-16T05:25:07.863Z',20,'desc','','','',NULL,NULL,NULL),(6396,'2015-09-16T04:25:07.863Z','2015-09-16T05:25:07.863Z',20,'desc','','','',NULL,NULL,NULL),(6409,'2015-09-16T04:25:07.863Z','2015-09-16T05:25:07.863Z',20,'desc','','','',NULL,NULL,NULL),(6422,'2015-09-16T04:25:07.863Z','2015-09-16T05:25:07.863Z',20,'desc','','','',NULL,NULL,NULL),(6429,'2015-09-16T04:25:07.863Z','2015-09-16T05:25:07.863Z',20,'desc','','','',NULL,NULL,NULL),(6442,'2015-09-16T04:25:07.863Z','2015-09-16T05:25:07.863Z',20,'desc','','','',NULL,NULL,NULL),(6449,'2015-09-16T04:25:07.863Z','2015-09-16T05:25:07.863Z',20,'desc','','','',NULL,NULL,NULL),(6462,'2015-09-16T04:25:07.863Z','2015-09-16T05:25:07.863Z',20,'desc','','','',NULL,NULL,NULL),(6475,'2015-09-16T04:25:07.863Z','2015-09-16T05:25:07.863Z',20,'desc','','','',NULL,NULL,NULL),(6476,'2015-09-16T04:25:07.863Z','2015-09-16T05:25:07.863Z',20,'desc','','','',NULL,NULL,NULL),(6489,'2015-09-16T04:25:07.863Z','2015-09-16T05:25:07.863Z',20,'desc','','','',NULL,NULL,NULL),(6502,'2015-09-16T04:25:07.863Z','2015-09-16T05:25:07.863Z',20,'desc','','','',1343,NULL,NULL),(6515,'2015-09-16T04:25:07.863Z','2015-09-16T05:25:07.863Z',20,'desc','','','',NULL,NULL,NULL),(6528,'2015-09-16T04:25:07.863Z','2015-09-16T05:25:07.863Z',20,'desc','','','',NULL,NULL,NULL),(6541,'2015-09-16T04:25:07.863Z','2015-09-16T05:25:07.863Z',20,'desc','','','',NULL,NULL,NULL),(6554,'2015-09-16T04:25:07.863Z','2015-09-16T05:25:07.863Z',20,'desc','','','',1370,NULL,NULL),(6561,'2015-09-16T04:25:07.863Z','2015-09-16T05:25:07.863Z',20,'desc','','','',1375,NULL,NULL),(6568,'2015-09-16T04:25:07.863Z','2015-09-16T05:25:07.863Z',20,'desc','','','',1380,NULL,NULL),(6569,'2015-09-16T04:25:07.863Z','2015-09-16T05:25:07.863Z',20,'desc','','','',1381,NULL,NULL),(6576,'2015-09-16T04:25:07.863Z','2015-09-16T05:25:07.863Z',20,'desc','','','',1386,NULL,NULL),(6583,'2015-09-16T04:25:07.863Z','2015-09-16T05:25:07.863Z',20,'desc','','','',1391,NULL,NULL),(6584,'2015-09-16T04:25:07.863Z','2015-09-16T05:25:07.863Z',20,'desc','','','',1392,NULL,NULL),(6585,'2015-09-16T04:25:07.863Z','2015-09-16T05:25:07.863Z',20,'desc','','','',NULL,NULL,NULL),(6586,'2015-09-16T04:25:07.863Z','2015-09-16T05:25:07.863Z',20,'desc','','','',1393,NULL,NULL),(6587,'2015-09-16T04:25:07.863Z','2015-09-16T05:25:07.863Z',20,'desc','','','',1394,NULL,NULL),(6588,'2015-09-16T04:25:07.863Z','2015-09-16T05:25:07.863Z',20,'desc','','','',1395,NULL,NULL),(6589,'2015-09-16T04:25:07.863Z','2015-09-16T05:25:07.863Z',20,'desc','','','',1396,NULL,NULL),(6596,'2015-09-16T04:25:07.863Z','2015-09-16T05:25:07.863Z',20,'desc','','','',1401,NULL,NULL),(6597,'2015-09-16T04:25:07.863Z','2015-09-16T05:25:07.863Z',20,'desc','','','',1402,NULL,NULL),(6598,'2015-09-16T04:25:07.863Z','2015-09-16T05:25:07.863Z',20,'desc','','','',1403,NULL,NULL),(6701,'2015-09-16T04:25:07.863Z','2015-09-16T05:25:07.863Z',20,'desc','','','',1472,NULL,NULL),(6714,'2015-09-16T04:25:07.863Z','2015-09-16T05:25:07.863Z',20,'desc','','','',1483,NULL,NULL),(6727,'2015-09-16T04:25:07.863Z','2015-09-16T05:25:07.863Z',20,'desc','','','',1494,NULL,NULL),(6740,'2015-09-16T04:25:07.863Z','2015-09-16T05:25:07.863Z',20,'desc','','','',1505,NULL,NULL),(6741,'2015-09-16T04:25:07.863Z','2015-09-16T05:25:07.863Z',20,'desc','','','',1506,NULL,NULL),(6748,'2015-09-16T04:25:07.863Z','2015-09-16T05:25:07.863Z',20,'desc','','','',1512,NULL,NULL),(6761,'2015-09-16T04:25:07.863Z','2015-09-16T05:25:07.863Z',20,'desc','','','',1523,NULL,NULL),(6774,'2015-09-16T04:25:07.863Z','2015-09-16T05:25:07.863Z',20,'desc','','','',1534,NULL,NULL),(6787,'2015-09-16T04:25:07.863Z','2015-09-16T05:25:07.863Z',20,'desc','','','',1545,NULL,NULL),(6788,'2015-09-16T04:25:07.863Z','2015-09-16T05:25:07.863Z',20,'desc','','','',1546,NULL,NULL),(6807,'2015-09-16T04:25:07.863Z','2015-09-16T05:25:07.863Z',20,'desc','','','',1562,NULL,NULL),(6808,'2015-09-16T04:25:07.863Z','2015-09-16T05:25:07.863Z',20,'desc','','','',1563,NULL,NULL),(6827,'2015-09-16T04:25:07.863Z','2015-09-16T05:25:07.863Z',20,'desc','','','',1579,NULL,NULL),(6828,'2015-09-16T04:25:07.863Z','2015-09-16T05:25:07.863Z',20,'desc','','','',1580,NULL,NULL),(6835,'2015-09-16T04:25:07.863Z','2015-09-16T05:25:07.863Z',20,'desc','','','',1586,NULL,NULL),(6854,'2015-09-16T04:25:07.863Z','2015-09-16T05:25:07.863Z',20,'desc','','','',1602,NULL,NULL),(6861,'2015-09-16T04:25:07.863Z','2015-09-16T05:25:07.863Z',20,'desc','','','',1608,NULL,NULL),(6868,'2015-09-16T04:25:07.863Z','2015-09-16T05:25:07.863Z',20,'desc','','','',1614,NULL,NULL),(6881,'2015-09-16T04:25:07.863Z','2015-09-16T05:25:07.863Z',20,'desc','','','',1625,NULL,NULL),(6894,'2015-09-16T04:25:07.863Z','2015-09-16T05:25:07.863Z',20,'desc','','','',1636,NULL,NULL),(6907,'2015-09-16T04:25:07.863Z','2015-09-16T05:25:07.863Z',20,'desc','','','',1647,NULL,NULL),(6920,'2015-09-16T04:25:07.863Z','2015-09-16T05:25:07.863Z',20,'desc','syslog.priority : 134','','',1658,NULL,NULL),(6927,'2015-09-16T04:25:07.863Z','2015-09-16T05:25:07.863Z',20,'desc','syslog.priority : 134','','',1664,NULL,NULL),(6934,'-1h','now',20,'desc','','','',NULL,NULL,NULL),(6943,'2015-09-08T11:12:19.105Z','2015-09-08T11:22:19.105Z',20,'desc','','','',NULL,NULL,NULL),(6952,'2015-09-08T11:12:19.105Z','2015-09-08T11:22:19.105Z',20,'desc','','','',NULL,NULL,NULL),(6961,'2015-09-16T04:25:07.863Z','2015-09-16T05:25:07.863Z',20,'desc','syslog.priority : 134','','',1685,NULL,NULL),(6970,'2015-09-16T04:25:07.863Z','2015-09-16T05:25:07.863Z',20,'desc','','','',1691,NULL,NULL),(6987,'2015-09-16T04:25:07.863Z','2015-09-16T05:25:07.863Z',20,'desc','','','',1702,NULL,NULL),(6996,'2015-09-16T04:25:07.863Z','2015-09-16T05:25:07.863Z',20,'desc','','','',1708,NULL,NULL),(7005,'2015-09-16T04:25:07.863Z','2015-09-16T05:25:07.863Z',20,'desc','','','',NULL,NULL,NULL),(7030,'2015-09-16T04:25:07.863Z','2015-09-16T05:25:07.863Z',20,'desc','','','',1726,NULL,NULL),(7039,'2015-09-16T04:25:07.863Z','2015-09-16T05:25:07.863Z',20,'desc','','','',NULL,NULL,NULL),(7056,'2015-09-16T04:25:07.863Z','2015-09-16T05:25:07.863Z',20,'desc','','','',1740,NULL,NULL),(7065,'2015-09-16T04:25:07.863Z','2015-09-16T05:25:07.863Z',20,'desc','','','',1746,NULL,NULL),(7074,'2015-09-16T04:25:07.863Z','2015-09-16T05:25:07.863Z',20,'desc','','','',1752,NULL,NULL),(7083,'2015-09-16T04:25:07.863Z','2015-09-16T05:25:07.863Z',20,'desc','','','',NULL,NULL,NULL),(7100,'2015-09-16T04:25:07.863Z','2015-09-16T05:25:07.863Z',20,'desc','','','',NULL,NULL,NULL),(7117,'2015-09-16T04:25:07.863Z','2015-09-16T05:25:07.863Z',20,'desc','syslog.priority: 134','','',NULL,NULL,NULL),(7126,'2015-09-16T04:25:07.863Z','2015-09-16T05:25:07.863Z',20,'desc','syslog.priority: 134','','',NULL,NULL,NULL),(7135,'2015-09-08T11:12:19.105Z','2015-09-08T11:22:19.105Z',20,'desc','','','',NULL,NULL,NULL),(7144,'2015-09-08T11:12:19.105Z','2015-09-08T11:22:19.105Z',20,'desc','','','',NULL,NULL,NULL),(7145,'2015-09-08T11:12:19.105Z','2015-09-08T11:22:19.105Z',20,'desc','','','',NULL,NULL,NULL),(7154,'2015-09-08T11:12:19.105Z','2015-09-08T11:22:19.105Z',20,'desc','','','',NULL,NULL,NULL),(7155,'2015-09-08T11:12:19.105Z','2015-09-08T11:22:19.105Z',20,'desc','','','',NULL,NULL,NULL),(7164,'-1h','now',20,'desc','','','',NULL,NULL,NULL),(7183,'-1h','now',20,'desc','','','',NULL,NULL,NULL),(7194,'2015-09-08T11:12:19.105Z','2015-09-08T11:22:19.105Z',20,'desc','','','',NULL,NULL,NULL),(7205,'2015-09-08T11:12:19.105Z','2015-09-08T11:22:19.105Z',20,'desc','','','',NULL,NULL,NULL),(7206,'2015-09-08T11:12:19.105Z','2015-09-08T11:22:19.105Z',20,'desc','','','',NULL,NULL,NULL),(7217,'2015-09-08T11:12:19.105Z','2015-09-08T11:22:19.105Z',20,'desc','','','',NULL,NULL,NULL),(7228,'2015-09-08T11:12:19.105Z','2015-09-08T11:22:19.105Z',20,'desc','','','',NULL,NULL,NULL),(7237,'2015-09-08T11:12:19.105Z','2015-09-08T11:22:19.105Z',20,'desc','','','',NULL,NULL,NULL),(7246,'-1h','now',20,'desc','','','',NULL,NULL,NULL),(7257,'-1h','now',20,'desc','','','',NULL,NULL,NULL),(7268,'-1h','now',20,'desc','','','',NULL,NULL,NULL),(7281,'-1h','now',20,'desc','','','',NULL,NULL,NULL),(7294,'-1h','now',20,'desc','','','',NULL,NULL,NULL),(7307,'-1h','now',20,'desc','','','',NULL,NULL,NULL),(7320,'-1h','now',20,'desc','','','',NULL,NULL,NULL),(7333,'-1h','now',20,'desc','','','',NULL,NULL,NULL),(7348,'-1h','now',20,'desc','','','',NULL,NULL,NULL),(7363,'2015-09-21T15:11:40.166Z','2015-09-21T16:11:40.166Z',20,'desc','','','',NULL,NULL,NULL),(7364,'2015-09-21T15:11:40.166Z','2015-09-21T16:11:40.166Z',20,'desc','','','',NULL,NULL,NULL),(7379,'2015-09-21T15:11:40.166Z','2015-09-21T16:11:40.166Z',20,'desc','','','',NULL,NULL,NULL),(7436,'2015-09-21T15:11:40.166Z','2015-09-21T16:11:40.166Z',20,'desc','','','',NULL,NULL,NULL),(7439,'2015-09-21T15:11:40.166Z','2015-09-21T16:11:40.166Z',20,'desc','','','',NULL,NULL,NULL),(7440,'2015-09-21T15:11:40.166Z','2015-09-21T16:11:40.166Z',20,'desc','','','',NULL,NULL,NULL),(7453,'2015-09-21T15:11:40.166Z','2015-09-21T16:11:40.166Z',20,'desc','','','',1858,NULL,NULL),(7458,'2015-09-21T15:11:40.166Z','2015-09-21T16:11:40.166Z',20,'desc','','','',NULL,NULL,NULL),(7461,'2015-09-21T15:11:40.166Z','2015-09-21T16:11:40.166Z',20,'desc','apache','','',NULL,NULL,NULL),(7466,'-1d','now',20,'desc','','','',NULL,NULL,NULL),(7479,'-1d','now',20,'desc','','','',1864,NULL,1865),(7488,'-1d','now',20,'desc','','','',NULL,NULL,1874),(7497,'-1d','now',20,'desc','','','',1876,NULL,NULL),(7500,'-1d','now',20,'desc','','','',1878,NULL,NULL),(7501,'-1d','now',20,'desc','','','',1879,NULL,NULL),(7504,'-1d','now',20,'desc','','','',1881,NULL,NULL),(7505,'-1d','now',20,'desc','','','',1882,NULL,NULL),(7506,'-1d','now',20,'desc','','','',1883,NULL,NULL),(7517,'-1d','now',20,'desc','','','',1889,NULL,NULL),(7528,'-1d','now',20,'desc','','','',1897,NULL,1898),(7533,'-10m','now',20,'desc','','','',1903,NULL,1904),(7536,'-10m','now',20,'desc','','','',1907,NULL,1908),(7539,'-1d','now',20,'desc','','','',1913,NULL,1914),(7542,'2015-09-21T05:09:29.057Z','2015-09-22T05:09:29.057Z',20,'desc','','','',1919,NULL,1920),(7543,'2015-09-21T05:09:29.057Z','2015-09-22T05:09:29.057Z',20,'desc','','','',1921,NULL,1922),(7548,'-10m','now',20,'desc','','','',1930,NULL,1931),(7551,'-10m','now',20,'desc','','','',1936,NULL,1937),(7554,'-10m','now',20,'desc','','','',1942,NULL,1943),(7557,'-10m','now',20,'desc','','','',NULL,NULL,1948),(7562,'-10m','now',20,'desc','','','',NULL,NULL,1954),(7567,'-10m','now',20,'desc','','','',1958,NULL,1959),(7570,'-10m','now',20,'desc','','','',NULL,NULL,1964),(7575,'-10m','now',20,'desc','','','',NULL,NULL,1970),(7580,'-30m','now',20,'desc','','','',NULL,NULL,NULL),(7583,'-30m','now',20,'desc','','','',NULL,NULL,NULL),(7586,'-10m','now',20,'desc','','','',NULL,NULL,1975),(7589,'-1h','now',20,'desc','','','',NULL,NULL,NULL),(7594,'-10m','now',20,'desc','','','',NULL,NULL,NULL),(7599,'-1h','now',20,'desc','','','',NULL,NULL,NULL),(7606,'-10m','now',20,'desc','','','',NULL,NULL,NULL),(7613,'-1h','now',20,'desc','','','',NULL,NULL,NULL),(7622,'2015-09-08T11:12:19.105Z','2015-09-08T11:22:19.105Z',20,'desc','','','',NULL,NULL,NULL),(7631,'2015-09-08T11:12:19.105Z','2015-09-08T11:22:19.105Z',20,'desc','','','',NULL,NULL,NULL),(7640,'2015-09-08T11:12:19.105Z','2015-09-08T11:22:19.105Z',20,'desc','','','',NULL,NULL,NULL),(7649,'2015-09-08T11:12:19.105Z','2015-09-08T11:22:19.105Z',20,'desc','','','',NULL,NULL,NULL),(7658,'2015-09-08T11:12:19.105Z','2015-09-08T11:22:19.105Z',20,'desc','','','',NULL,NULL,NULL),(7667,'-1h','now',20,'desc','','','',NULL,NULL,NULL),(7678,'-1h','now',20,'desc','','','',NULL,NULL,NULL),(7691,'-1h','now',20,'desc','','','',NULL,NULL,NULL),(7704,'2015-09-08T11:12:19.105Z','2015-09-08T11:22:19.105Z',20,'desc','','','',NULL,NULL,NULL),(7717,'2015-09-08T11:12:19.105Z','2015-09-08T11:22:19.105Z',20,'desc','','','',NULL,NULL,NULL),(7730,'2015-09-08T11:12:19.105Z','2015-09-08T11:22:19.105Z',20,'desc','','','',NULL,NULL,NULL),(7743,'2015-09-08T11:12:19.105Z','2015-09-08T11:22:19.105Z',20,'desc','','','',NULL,NULL,NULL),(7756,'-10m','now',20,'desc','','','',NULL,NULL,NULL),(7769,'2015-09-08T11:12:19.105Z','2015-09-08T11:22:19.105Z',20,'desc','','','',NULL,NULL,NULL),(7782,'-10m','now',20,'desc','','','',NULL,NULL,NULL),(7795,'-10m','now',20,'desc','','','',NULL,NULL,NULL),(7808,'2015-09-08T11:12:19.105Z','2015-09-08T11:22:19.105Z',20,'desc','','','',NULL,NULL,NULL),(7821,'2015-09-08T11:12:19.105Z','2015-09-08T11:22:19.105Z',20,'desc','','','',NULL,NULL,NULL),(7822,'2015-09-08T11:12:19.105Z','2015-09-08T11:22:19.105Z',20,'desc','','','',NULL,NULL,NULL),(7835,'2015-09-08T11:12:19.105Z','2015-09-08T11:22:19.105Z',20,'desc','','','',NULL,NULL,NULL),(7836,'2015-09-08T11:12:19.105Z','2015-09-08T11:22:19.105Z',20,'desc','','','',NULL,NULL,NULL),(7849,'-10m','now',20,'desc','','','',NULL,NULL,NULL),(7862,'-10m','now',20,'desc','','','',NULL,NULL,NULL),(7875,'-1h','now',20,'desc','','','',NULL,NULL,NULL),(7890,'-10m','now',20,'desc','','','',NULL,NULL,NULL),(7901,'-1h','now',20,'desc','','','',NULL,NULL,NULL),(7902,'-1h','now',20,'desc','','','',NULL,NULL,NULL),(7903,'-10m','now',20,'desc','','','',NULL,NULL,NULL),(7904,'-10m','now',20,'desc','','','',NULL,NULL,2034),(7905,'-1h','now',20,'desc','','','',NULL,NULL,NULL),(7908,'-1h','now',20,'desc','','','',NULL,NULL,NULL),(7911,'-10m','now',20,'desc','','','',NULL,NULL,2035),(7914,'-10m','now',20,'desc','','','',NULL,NULL,2038),(7917,'-10m','now',20,'desc','','','',NULL,NULL,2041),(7920,'-10m','now',20,'desc','','','',NULL,NULL,2044),(7923,'-10m','now',20,'desc','','','',NULL,NULL,2047),(7926,'-10m','now',20,'desc','','','',NULL,NULL,2050),(7929,'-10m','now',20,'desc','','','',NULL,NULL,2053),(7932,'-10m','now',20,'desc','','','',NULL,NULL,2056),(7935,'-1h','now',20,'desc','','','',NULL,NULL,NULL),(7940,'-10m','now',20,'desc','','','',NULL,NULL,NULL),(7945,'-10m','now',20,'desc','','','',NULL,NULL,NULL),(7950,'-1h','now',20,'desc','','','',NULL,NULL,NULL),(7955,'-10m','now',20,'desc','','','',NULL,NULL,NULL),(7968,'-10m','now',20,'desc','','','',2073,NULL,NULL),(7977,'-10m','now',20,'desc','syslog.priority :\"134\"','','',2080,NULL,NULL),(7982,'-10m','now',20,'desc','syslog.priority :\"134\"','','',2084,NULL,NULL),(7987,'-10m','now',20,'desc','syslog.priority :\"134\"','','',2088,NULL,NULL),(7992,'-10m','now',20,'desc','host','','',2092,NULL,NULL),(8001,'-10m','now',20,'desc','host','','',NULL,NULL,NULL),(8014,'-10m','now',20,'desc','host','','',2105,NULL,NULL),(8019,'-10m','now',20,'desc','host','','',2109,NULL,NULL),(8024,'-10m','now',20,'desc','host','','',2113,NULL,NULL),(8029,'-10m','now',20,'desc','host','','',2117,NULL,NULL),(8034,'-10m','now',20,'desc','host','','',2121,NULL,NULL),(8039,'-10m','now',20,'desc','host','','',NULL,NULL,NULL),(8060,'-10m','now',20,'desc','host','','',2135,NULL,NULL),(8065,'-10m','now',20,'desc','host','','',2139,NULL,NULL),(8070,'-10m','now',20,'desc','host','','',2143,NULL,NULL),(8071,'-10m','now',20,'desc','host','','',2144,NULL,NULL),(8076,'-10m','now',20,'desc','host','','',2148,NULL,NULL),(8081,'-10m','now',20,'desc','host','','',2152,NULL,NULL),(8082,'-10m','now',20,'desc','host','','',2153,NULL,NULL),(8087,'-10m','now',20,'desc','host','','',NULL,NULL,NULL),(8092,'-10m','now',20,'desc','','','',NULL,NULL,NULL),(8101,'-10m','now',20,'desc','','','',NULL,NULL,NULL),(8110,'-10m','now',20,'desc','sys','','',NULL,NULL,NULL),(8115,'2015-09-22T11:35:56.166Z','2015-09-22T11:45:56.166Z',20,'desc','sys','','',NULL,NULL,NULL),(8116,'2015-09-22T11:35:56.166Z','2015-09-22T11:45:56.166Z',20,'desc','sys','','',NULL,NULL,NULL),(8121,'2015-09-22T11:35:56.166Z','2015-09-22T11:45:56.166Z',20,'desc','','','',NULL,NULL,NULL),(8134,'2015-09-22T11:35:56.166Z','2015-09-22T11:45:56.166Z',20,'desc','','','',2177,NULL,NULL),(8147,'2015-09-22T11:35:56.166Z','2015-09-22T11:45:56.166Z',20,'desc','','','',2187,NULL,NULL),(8152,'2015-09-22T11:35:56.166Z','2015-09-22T11:45:56.166Z',20,'desc','','','',2191,NULL,NULL),(8157,'2015-09-22T11:35:56.166Z','2015-09-22T11:45:56.166Z',20,'desc','','','',2195,NULL,NULL),(8162,'2015-09-22T11:35:56.166Z','2015-09-22T11:45:56.166Z',20,'desc','host','','',2199,NULL,NULL),(8167,'2015-09-22T11:35:56.166Z','2015-09-22T11:45:56.166Z',20,'desc','host','','',2203,NULL,NULL),(8172,'2015-09-22T11:35:56.166Z','2015-09-22T11:45:56.166Z',20,'desc','host','','',2207,NULL,NULL),(8177,'2015-09-22T11:35:56.166Z','2015-09-22T11:45:56.166Z',20,'desc','host','','',NULL,NULL,NULL),(8190,'2015-09-22T11:35:56.166Z','2015-09-22T11:45:56.166Z',20,'desc','host','','',2217,NULL,NULL),(8199,'2015-09-22T11:35:56.166Z','2015-09-22T11:45:56.166Z',20,'desc','host','','',2224,NULL,NULL),(8208,'2015-09-22T11:35:56.166Z','2015-09-22T11:45:56.166Z',20,'desc','host','','',NULL,NULL,NULL),(8213,'2015-09-22T11:35:56.166Z','2015-09-22T11:45:56.166Z',20,'desc','host','','',2236,NULL,NULL),(8218,'2015-09-22T11:35:56.166Z','2015-09-22T11:45:56.166Z',20,'desc','host','','',NULL,NULL,NULL),(8223,'2015-09-22T11:35:56.166Z','2015-09-22T11:45:56.166Z',20,'desc','host','','',2244,NULL,NULL),(8240,'2015-09-22T11:35:56.166Z','2015-09-22T11:45:56.166Z',20,'desc','host','','',2261,NULL,NULL),(8249,'2015-09-22T11:35:56.166Z','2015-09-22T11:45:56.166Z',20,'desc','host','','',2270,NULL,NULL),(8258,'2015-09-20T11:35:56.166Z','2015-09-22T11:45:56.166Z',20,'desc','host','','',2279,NULL,NULL),(8267,'2015-09-20T11:35:56.166Z','2015-09-22T11:45:56.166Z',20,'desc','host','','',2288,NULL,NULL),(8276,'-10m','now',20,'desc','host','','',2297,NULL,NULL),(8285,'-10m','now',20,'desc','host','','',2306,NULL,NULL),(8294,'2015-09-20T11:35:56.166Z','2015-09-22T11:45:56.166Z',20,'desc','host','','',2315,NULL,NULL),(8303,'2015-09-20T11:35:56.166Z','2015-09-22T11:45:56.166Z',20,'desc','host','','',2324,NULL,NULL),(8312,'-10m','now',20,'desc','host','','',2333,NULL,NULL),(8321,'2015-09-21T18:30:00.000Z','2015-09-22T18:30:00.000Z',20,'desc','host','','',2342,NULL,NULL),(8330,'-10m','now',20,'desc','host','','',2351,NULL,NULL),(8339,'2015-09-21T18:30:00.000Z','2015-09-22T18:30:00.000Z',20,'desc','host','','',2360,NULL,NULL),(8348,'2015-09-21T18:30:00.000Z','2015-09-22T18:30:00.000Z',20,'desc','host','','',2369,NULL,NULL),(8357,'2015-09-21T18:30:00.000Z','2015-09-22T18:30:00.000Z',20,'desc','host','','',2378,NULL,NULL),(8366,'2015-09-21T18:30:00.000Z','2015-09-22T18:30:00.000Z',20,'desc','host','','',NULL,NULL,NULL),(8379,'2015-09-21T18:30:00.000Z','2015-09-22T18:30:00.000Z',20,'desc','host','','',2396,NULL,NULL),(8392,'2015-09-21T18:30:00.000Z','2015-09-22T18:30:00.000Z',20,'desc','host','','',2409,NULL,NULL),(8401,'2015-09-21T18:30:00.000Z','2015-09-22T18:30:00.000Z',20,'desc','host','','',2418,NULL,NULL),(8410,'2015-09-21T18:30:00.000Z','2015-09-22T18:30:00.000Z',20,'desc','host','','',2427,NULL,NULL),(8415,'2015-09-21T18:30:00.000Z','2015-09-22T18:30:00.000Z',20,'desc','host','','',NULL,NULL,NULL),(8476,'2015-09-21T18:30:00.000Z','2015-09-22T18:30:00.000Z',20,'asc','','','',NULL,NULL,NULL),(8533,'2015-09-21T18:30:00.000Z','2015-09-22T18:30:00.000Z',20,'asc','','','',2527,NULL,2528),(8534,'2015-09-21T18:30:00.000Z','2015-09-22T18:30:00.000Z',20,'asc','','','',NULL,NULL,2529),(8539,'2015-09-21T18:30:00.000Z','2015-09-22T18:30:00.000Z',20,'asc','','','',2534,NULL,2535),(8548,'2015-09-21T18:30:00.000Z','2015-09-22T18:30:00.000Z',20,'asc','','','',2546,NULL,2547),(8569,'2015-09-21T18:30:00.000Z','2015-09-22T18:30:00.000Z',20,'asc','','','',2573,NULL,2574),(8582,'2015-09-21T18:30:00.000Z','2015-09-22T18:30:00.000Z',20,'asc','','','',2590,NULL,2591),(8587,'2015-09-21T18:30:00.000Z','2015-09-22T18:30:00.000Z',20,'asc','','','',NULL,NULL,2597),(8596,'2015-09-21T18:30:00.000Z','2015-09-22T18:30:00.000Z',20,'asc','','','',2606,NULL,2607),(8601,'2015-09-21T18:30:00.000Z','2015-09-22T18:30:00.000Z',20,'desc','','','',2614,NULL,2615),(8606,'2015-09-21T18:30:00.000Z','2015-09-22T18:30:00.000Z',20,'desc','','','',2622,1,2623),(8611,'-1h','now',20,'desc','','','',NULL,NULL,NULL),(8618,'-1h','now',20,'desc','','','',NULL,NULL,NULL),(8625,'-1h','now',20,'desc','','','',NULL,NULL,NULL),(8634,'-1h','now',20,'desc','','','',NULL,NULL,NULL),(8643,'-1h','now',20,'desc','','','',NULL,NULL,NULL),(8652,'-1h','now',20,'desc','','','',NULL,NULL,NULL),(8663,'-1h','now',20,'desc',' syslog.appName:\"apache-access\"','','',NULL,NULL,NULL),(8674,'-1h','now',20,'desc',' syslog.appName:\"apache-access\"','','',NULL,NULL,NULL),(8685,'-1d','now',20,'desc',' syslog.appName:\"apache-access\"','','',NULL,NULL,NULL),(8726,'-1d','now',20,'desc',' syslog.appName:\"apache-access\"','','',NULL,NULL,2704),(8767,'-1d','now',20,'desc',' syslog.appName:\"apache-access\"','','',NULL,NULL,NULL),(8888,'-1d','now',20,'desc',' syslog.appName:\"apache-access\"','','',2808,NULL,2809),(9069,'-1d','now',20,'desc',' syslog.appName:\"apache-access\"','','',NULL,NULL,NULL),(9080,'-1d','now',20,'desc',' syslog.appName:\"apache-access\"','','',2950,NULL,NULL),(9141,'-1d','now',20,'desc',' syslog.appName:\"apache-access\"','','',2995,NULL,2996),(9162,'-1d','now',20,'desc',' syslog.appName:\"apache-access\"','','',3013,NULL,NULL),(9183,'-1d','now',20,'desc',' syslog.appName:\"apache-access\"','','',3028,NULL,3029),(9204,'-1d','now',20,'desc',' syslog.appName:\"apache-access\"','','',3046,NULL,NULL),(9235,'-1d','now',20,'desc',' syslog.appName:\"apache-access\"','','',3068,NULL,NULL),(9256,'-1d','now',20,'desc',' syslog.appName:\"apache-access\"','','',3083,NULL,NULL),(9277,'-1h','now',20,'desc','','','',NULL,NULL,NULL),(9278,'-1h','now',20,'desc','LogglyNotifications.type:ScrubbedKeys','','',NULL,NULL,NULL),(9279,'-1h','now',20,'desc','LogglyNotifications.type:ScrubbedKeys','','',NULL,NULL,NULL),(9304,'-10m','now',20,'desc','','','',NULL,NULL,NULL),(9317,'-10m','now',20,'desc','','','',NULL,NULL,NULL),(9330,'-1h','now',20,'desc','','','',NULL,NULL,NULL),(9331,'2015-09-23T15:20:55.055Z','2015-09-23T15:30:55.055Z',20,'desc','','','',NULL,NULL,NULL),(9332,'2015-09-23T15:20:55.055Z','2015-09-23T15:30:55.055Z',20,'desc','','','',NULL,NULL,NULL),(9359,'-1d','now',20,'desc',' syslog.appName:\"apache-access\"','','',3124,NULL,NULL),(9360,'-1h','now',20,'desc','','','',NULL,NULL,NULL),(9367,'-1h','now',20,'desc','','','',NULL,NULL,NULL),(9368,'-10m','now',20,'desc','','','',NULL,NULL,3127),(9371,'-1h','now',20,'desc','','','',NULL,NULL,NULL),(9374,'-1h','now',20,'desc','','','',NULL,NULL,NULL),(9375,'2015-09-23T14:35:41.573Z','2015-09-23T15:35:41.573Z',20,'desc','','','',NULL,NULL,NULL),(9376,'2015-09-23T14:35:41.573Z','2015-09-23T15:35:41.573Z',20,'desc','','','',NULL,NULL,NULL),(9381,'-1h','now',20,'desc','','','',NULL,NULL,NULL),(9382,'2015-09-23T14:35:41.573Z','2015-09-23T15:35:41.573Z',20,'desc','','','',NULL,NULL,NULL),(9383,'2015-09-23T14:35:41.573Z','2015-09-23T15:35:41.573Z',20,'desc','','','',NULL,NULL,NULL),(9390,'-1h','now',20,'desc','','','',NULL,NULL,NULL),(9391,'2015-09-23T14:35:41.573Z','2015-09-23T15:35:41.573Z',20,'desc','','','',NULL,NULL,NULL),(9392,'2015-09-23T14:35:41.573Z','2015-09-23T15:35:41.573Z',20,'desc','','','',NULL,NULL,NULL),(9401,'-1h','now',20,'desc','','','',NULL,NULL,NULL),(9402,'2015-09-23T14:35:41.573Z','2015-09-23T15:35:41.573Z',20,'desc','','','',NULL,NULL,NULL),(9403,'2015-09-23T14:35:41.573Z','2015-09-23T15:35:41.573Z',20,'desc','','','',NULL,NULL,NULL),(9414,'2015-09-23T14:35:41.573Z','2015-09-23T15:35:41.573Z',20,'desc','','','',NULL,NULL,NULL),(9425,'-1h','now',20,'desc','','','',NULL,NULL,NULL),(9438,'-1h','now',20,'desc','','','',NULL,NULL,NULL),(9453,'-1h','now',20,'desc','','','',NULL,NULL,NULL),(9470,'-1h','now',20,'desc','','','',NULL,NULL,NULL),(9541,'2015-09-23T14:35:41.573Z','2015-09-23T15:35:41.573Z',20,'desc','','','',NULL,NULL,NULL),(9550,'2015-09-23T14:35:41.573Z','2015-09-23T15:35:41.573Z',20,'desc','','','',NULL,NULL,NULL),(9551,'2015-09-23T14:35:41.573Z','2015-09-23T15:35:41.573Z',20,'desc','','','',NULL,NULL,NULL),(9552,'-1h','now',20,'desc','','','',NULL,NULL,NULL),(9555,'-1h','now',20,'desc','','','',NULL,NULL,NULL),(9560,'-10m','now',20,'desc','','','',NULL,NULL,NULL),(9565,'-1h','now',20,'desc','','','',NULL,NULL,NULL),(9572,'-1h','now',20,'desc','','','',NULL,NULL,NULL),(9619,'-1h','now',20,'desc','','','',NULL,NULL,NULL),(9672,'-1h','now',20,'desc','','','',NULL,NULL,NULL),(9757,'-1h','now',20,'desc','','','',NULL,NULL,NULL),(9762,'-1h','now',20,'desc','LogglyNotifications.type:ScrubbedKeys','','',NULL,NULL,NULL),(9763,'-1h','now',20,'desc','LogglyNotifications.type:ScrubbedKeys','','',NULL,NULL,NULL),(9778,'-1h','now',20,'desc','','','',NULL,NULL,NULL),(9793,'-1h','now',20,'desc','','','',NULL,NULL,NULL),(9798,'-1h','now',20,'desc','','','',NULL,NULL,NULL),(9801,'-1h','now',20,'desc','','','',NULL,NULL,NULL),(9804,'-1h','now',20,'desc','','','',NULL,NULL,NULL),(9813,'-1h','now',20,'desc','','','',NULL,NULL,NULL),(9816,'-1h','now',20,'desc','','','',NULL,NULL,NULL),(9823,'-3h','now',20,'desc','','','',NULL,NULL,NULL),(9834,'-3h','now',20,'desc','','','',NULL,NULL,NULL),(9837,'-3h','now',20,'desc','','','',NULL,NULL,NULL),(9844,'2015-11-27T07:11:17.452Z','2015-11-27T10:11:17.452Z',20,'desc','','','',NULL,NULL,NULL),(9877,'2015-11-27T07:11:17.452Z','2015-11-27T10:11:17.452Z',20,'desc','','','',NULL,NULL,NULL),(9884,'2015-11-27T07:11:17.452Z','2015-11-27T10:11:17.452Z',20,'desc','','','',NULL,NULL,NULL),(9887,'-12h','now',20,'desc','','','',NULL,NULL,NULL),(9898,'-30m','now',20,'desc','','','',NULL,NULL,NULL),(9901,'-30m','now',20,'desc','hello','','',NULL,NULL,NULL),(9904,'-30m','now',20,'desc','hello1','','',NULL,NULL,NULL),(9907,'-30m','now',20,'desc','hello2','','',NULL,NULL,NULL),(9910,'-30m','now',20,'desc','','','',NULL,NULL,NULL),(9913,'-30m','now',20,'desc','hello3','','',NULL,NULL,NULL),(9916,'-30m','now',20,'desc','hello4','','',NULL,NULL,NULL),(9919,'-30m','now',20,'desc','hello5','','',NULL,NULL,NULL),(9922,'-30m','now',20,'desc','hello6','','',NULL,NULL,NULL),(9925,'-30m','now',20,'desc','hello7','','',NULL,NULL,NULL),(9932,'-30m','now',20,'desc','hello8','','',NULL,NULL,NULL),(9935,'-30m','now',20,'desc','','','',NULL,NULL,NULL),(9938,'-30m','now',20,'desc','host','','',NULL,NULL,NULL),(9941,'2015-11-28T18:30:00.000Z','2015-11-29T18:30:00.000Z',20,'desc','host','','',NULL,NULL,NULL),(9944,'2015-11-28T18:30:00.000Z','2015-11-29T18:30:00.000Z',20,'desc','host','','',NULL,NULL,NULL),(9947,'-1d','now',20,'desc','host','','',NULL,NULL,NULL),(9978,'-30m','now',20,'desc','','','',NULL,NULL,NULL),(10007,'-30m','now',20,'desc','h1','','',NULL,NULL,NULL),(10010,'-30m','now',20,'desc','h2','','',NULL,NULL,NULL),(10013,'-30m','now',20,'desc','h3','','',NULL,NULL,NULL),(10016,'-30m','now',20,'desc','h4','','',NULL,NULL,NULL),(10023,'2015-11-30T08:50:35.342Z','2015-11-30T09:20:35.342Z',20,'desc','h4','','',NULL,NULL,NULL),(10036,'-3h','now',20,'desc','h5','','',NULL,NULL,NULL),(10059,'-7d','now',20,'desc','','','',NULL,1,NULL),(10062,'2015-11-16T18:30:00.000Z','2015-11-23T18:30:00.000Z',20,'desc','','','',NULL,1,NULL),(10067,'-1h','now',20,'desc','','','',NULL,1,NULL),(10070,'-1h','now',20,'desc','','','',NULL,1,NULL),(10083,'2015-11-03T18:30:00.000Z','now',20,'desc','','','',NULL,1,NULL),(10086,'-7d','now',20,'desc','','','',NULL,1,NULL),(10099,'-7d','now',20,'desc','','','',NULL,1,NULL),(10102,'-7d','now',20,'desc','','','',NULL,NULL,NULL),(10105,'-7d','now',20,'desc','','','',NULL,NULL,NULL),(10108,'-30m','now',20,'desc','','','',NULL,NULL,NULL),(10115,'-30m','now',20,'desc','','','',NULL,NULL,NULL),(10122,'-30m','now',20,'desc','','','',NULL,1,NULL),(10125,'-30m','now',20,'desc','','','',NULL,1,NULL),(10128,'-30m','now',20,'desc','','','',NULL,NULL,NULL),(10131,'-30m','now',20,'desc','','','',NULL,NULL,NULL),(10134,'-30m','now',20,'desc','','','',NULL,NULL,NULL),(10137,'-30m','now',20,'desc','','','',NULL,NULL,NULL),(10140,'-30m','now',20,'desc','','','',NULL,NULL,NULL),(10143,'-30m','now',20,'desc','','','',NULL,NULL,NULL),(10148,'-30m','now',20,'desc','','','',NULL,1,NULL),(10153,'-30m','now',20,'desc','1','','',NULL,NULL,NULL),(10170,'-3h','now',20,'desc','','','',NULL,NULL,NULL),(10219,'2015-11-23T18:30:00.000Z','now',20,'desc','','','',NULL,NULL,NULL),(10222,'2015-11-23T18:30:00.000Z','now',20,'desc','','','',NULL,NULL,NULL),(10225,'-1h','now',20,'desc','','','',NULL,NULL,NULL),(10234,'-3h','now',20,'desc','','','',NULL,1,NULL),(10237,'-3h','now',20,'desc','','','',NULL,1,NULL),(10242,'-3h','now',20,'desc','1','','',NULL,NULL,NULL),(10245,'-3h','now',20,'desc','2','','',NULL,NULL,NULL),(10248,'-3h','now',20,'desc','3','','',NULL,1,NULL),(10251,'2015-10-31T18:30:00.000Z','now',20,'desc','','','',NULL,NULL,NULL),(10268,'-12h','now',20,'desc','5','','',NULL,NULL,NULL),(10271,'-12h','now',20,'desc','6','','',NULL,NULL,NULL),(10274,'-12h','now',20,'desc','7','','',NULL,NULL,NULL),(10277,'-12h','now',20,'desc','1','','',NULL,NULL,NULL),(10280,'-12h','now',20,'desc','2','','',NULL,NULL,NULL),(10283,'-12h','now',20,'desc','9','','',NULL,NULL,NULL),(10292,'-12h','now',20,'desc','','','',NULL,1,NULL),(10299,'-12h','now',20,'desc','','','',3128,NULL,NULL),(10302,'-12h','now',20,'desc','','','',3130,NULL,NULL),(10313,'-12h','now',20,'desc','','','',3134,NULL,NULL),(10318,'-12h','now',20,'desc','nov','','',3137,NULL,NULL),(10321,'-12h','now',20,'desc','nov','','',3139,NULL,NULL),(10328,'-12h','now',20,'desc','nov','','',NULL,NULL,NULL),(10331,'-12h','now',20,'desc','apache','','',NULL,NULL,NULL),(10342,'-7d','now',20,'desc','apache','','',NULL,NULL,NULL),(10355,'-7d','now',20,'desc','apache','','',3143,NULL,NULL),(10360,'-7d','now',20,'desc','apache','','',NULL,NULL,NULL),(10371,'2015-11-23T13:15:34.836Z','2015-11-30T13:15:34.836Z',20,'desc','apache','','',NULL,NULL,NULL),(10378,'2015-11-23T13:15:34.836Z','2015-11-30T13:15:34.836Z',20,'desc','apache','','',NULL,NULL,NULL),(10389,'-6h','now',20,'desc','2015-12-01 10:05:51.643 10.30.5.211 - - [01/Dec/2015:04:35:43 +0000] \"-\" 408 - \"-\" \"-\" - 25 host=-','','',NULL,NULL,NULL),(10394,'-6h','now',20,'desc','2015-12-01 10:05:51.643 10.30.5.211 - - [01/Dec/2015:04:35:43 +0000] \"-\" 408 - \"-\" \"-\" - 25 host=-','','',NULL,NULL,3144),(10397,'-6h','now',20,'desc','','','',NULL,NULL,3146),(10400,'-6h','now',20,'desc','','','',NULL,NULL,3148),(10403,'-6h','now',20,'desc','2015-12-01 10:05:51.643 10.30.5.211 - - [01/Dec/2015:04:35:43 +0000] \"-\" 408 - \"-\" \"-\" - 25 host=-','','',NULL,NULL,3150),(10404,'-6h','now',20,'desc','2015-12-01 10:05:51.643 10.30.5.211 - - [01/Dec/2015:04:35:43 +0000] \"-\" 408 - \"-\" \"-\" - 25 host=-','','',NULL,NULL,3151),(10405,'-6h','now',20,'desc','2015-12-01 10:05:51.643 10.30.5.211 - - [01/Dec/2015:04:35:43 +0000] \"-\" 408 - \"-\" \"-\" - 25 host=-','','',NULL,NULL,3152),(10406,'-6h','now',20,'desc','2015-12-01 10:05:51.643 10.30.5.211 - - [01/Dec/2015:04:35:43 +0000] \"-\" 408 - \"-\" \"-\" - 25 host=-','','',NULL,NULL,3153),(10409,'-6h','now',20,'desc','2015-12-01 10:05:51.643 10.30.5.211 - - [01/Dec/2015:04:35:43 +0000] \"-\" 408 - \"-\" \"-\" - 25 host=-','','',NULL,NULL,3156),(10412,'-6h','now',20,'desc','2015-12-01 10:05:51.643 10.30.5.211 - - [01/Dec/2015:04:35:43 +0000] \"-\" 408 - \"-\" \"-\" - 25 host=-','','',NULL,NULL,3159),(10415,'-6h','now',20,'desc','2015-12-01 10:05:51.643 10.30.5.211 - - [01/Dec/2015:04:35:43 +0000] \"-\" 408 - \"-\" \"-\" - 25 host=-','','',NULL,NULL,3162),(10418,'-6h','now',20,'desc','2015-12-01 10:05:51.643 10.30.5.211 - - [01/Dec/2015:04:35:43 +0000] \"-\" 408 - \"-\" \"-\" - 25 host=-','','',NULL,NULL,3165),(10421,'-6h','now',20,'desc','2015-12-01 10:05:51.643 10.30.5.211 - - [01/Dec/2015:04:35:43 +0000] \"-\" 408 - \"-\" \"-\" - 25 host=-','','',NULL,NULL,3168),(10424,'-6h','now',20,'desc','2015-12-01 10:05:51.643 10.30.5.211 - - [01/Dec/2015:04:35:43 +0000] \"-\" 408 - \"-\" \"-\" - 25 host=-','','',NULL,NULL,3171),(10427,'-6h','now',20,'desc','2015-12-01 10:05:51.643 10.30.5.211 - - [01/Dec/2015:04:35:43 +0000] \"-\" 408 - \"-\" \"-\" - 25 host=-','','',NULL,NULL,3174),(10430,'-6h','now',20,'desc','2015-12-01 10:05:51.643 10.30.5.211 - - [01/Dec/2015:04:35:43 +0000] \"-\" 408 - \"-\" \"-\" - 25 host=-','','',NULL,NULL,3177),(10433,'-6h','now',20,'desc','2015-12-01 10:05:51.643 10.30.5.211 - - [01/Dec/2015:04:35:43 +0000] \"-\" 408 - \"-\" \"-\" - 25 host=-','','',NULL,NULL,3180),(10436,'-6h','now',20,'desc','2015-12-01 10:05:51.643 10.30.5.211 - - [01/Dec/2015:04:35:43 +0000] \"-\" 408 - \"-\" \"-\" - 25 host=-','','',NULL,NULL,3183),(10439,'-6h','now',20,'desc','','','',NULL,NULL,3186),(10470,'2015-12-01T08:34:28.723Z','2015-12-01T09:34:28.723Z',20,'desc','','','',NULL,NULL,NULL),(10567,'-6h','now',20,'desc','2015-12-01 10:05:51.643 10.30.5.211 - - [01/Dec/2015:04:35:43 +0000] \"-\" 408 - \"-\" \"-\" - 25 host=-','','',NULL,NULL,3229),(10568,'-6h','now',20,'desc','2015-12-01 10:05:51.643 10.30.5.211 - - [01/Dec/2015:04:35:43 +0000] \"-\" 408 - \"-\" \"-\" - 25 host=-','','',NULL,NULL,3230),(10569,'-6h','now',20,'desc','2015-12-01 10:05:51.643 10.30.5.211 - - [01/Dec/2015:04:35:43 +0000] \"-\" 408 - \"-\" \"-\" - 25 host=-','','',NULL,NULL,3231),(10570,'-6h','now',20,'desc','2015-12-01 10:05:51.643 10.30.5.211 - - [01/Dec/2015:04:35:43 +0000] \"-\" 408 - \"-\" \"-\" - 25 host=-','','',NULL,NULL,3232),(10583,'-6h','now',20,'desc','2015-12-01 10:05:51.643 10.30.5.211 - - [01/Dec/2015:04:35:43 +0000] \"-\" 408 - \"-\" \"-\" - 25 host=-','','',NULL,NULL,3242),(10588,'-6h','now',20,'desc','','','',NULL,NULL,3246),(10611,'-6h','now',20,'desc','','','',NULL,NULL,3259),(10642,'-6h','now',20,'desc','2015-12-01 10:05:51.643 10.30.5.211 - - [01/Dec/2015:04:35:43 +0000] \"-\" 408 - \"-\" \"-\" - 25 host=-','','',NULL,NULL,3276),(10651,'-6h','now',20,'desc','2015-12-01 10:05:51.643 10.30.5.211 - - [01/Dec/2015:04:35:43 +0000] \"-\" 408 - \"-\" \"-\" - 25 host=-','','',NULL,NULL,3282),(10660,'-6h','now',20,'desc','','','',NULL,NULL,3288),(10661,'-6h','now',20,'desc','','','',NULL,NULL,3289),(10708,'-1h','now',20,'desc','','','',NULL,NULL,NULL),(10715,'2015-12-01T11:19:12.176Z','2015-12-01T12:19:12.176Z',20,'desc','','','',NULL,NULL,NULL),(10718,'-10m','now',20,'desc','','','',NULL,NULL,NULL),(10721,'-1d','now',20,'desc','','','',NULL,NULL,NULL),(10734,'-1d','now',20,'desc','','','',3298,NULL,NULL),(10739,'-1d','now',20,'desc','Dec','','',3301,NULL,NULL),(10748,'2015-11-30T12:27:00.129Z','2015-12-01T12:27:00.129Z',20,'desc','Dec','','',3306,NULL,NULL),(10769,'2015-11-30T12:27:00.129Z','2015-12-01T12:27:00.129Z',20,'desc','Dec','','',3313,NULL,NULL),(10794,'2015-11-30T12:27:00.129Z','2015-12-01T12:27:00.129Z',20,'desc','Dec','','',3326,NULL,NULL),(10807,'-1h','now',20,'desc','','','',NULL,NULL,NULL),(10816,'2015-11-30T12:27:00.129Z','2015-12-01T12:27:00.129Z',20,'desc','Dec','','',3337,NULL,NULL),(10901,'2015-12-01T12:13:04.421Z','2015-12-01T13:13:04.421Z',20,'desc','','','',NULL,NULL,NULL),(10926,'-10m','now',20,'desc','','','',NULL,NULL,NULL),(10931,'-1d','now',20,'desc','','','',NULL,NULL,NULL),(10940,'2015-11-30T12:27:00.129Z','2015-12-01T12:27:00.129Z',20,'desc','','','',3406,NULL,NULL),(10943,'2015-11-30T12:27:00.129Z','2015-12-01T12:27:00.129Z',20,'desc','','','',NULL,NULL,NULL),(10950,'2015-11-30T12:27:00.129Z','2015-12-01T12:27:00.129Z',20,'desc','','','',3412,NULL,NULL),(10953,'-30m','now',20,'desc','','','',3415,NULL,NULL),(10964,'2015-12-02T04:51:40.922Z','2015-12-02T05:21:40.922Z',20,'desc','','','',3426,NULL,NULL),(10969,'-1h','now',20,'desc','','','',3431,NULL,NULL),(10974,'-1h','now',20,'desc','','','',3436,NULL,NULL),(10983,'-1h','now',20,'desc','host','','',3445,NULL,NULL),(11066,'-1h','now',20,'desc','','','',3490,NULL,NULL),(11117,'-12h','now',20,'desc','','','',3519,NULL,NULL),(11166,'-1h','now',20,'desc','dec','','',NULL,NULL,NULL),(11187,'-1h','now',20,'desc','host','','',NULL,NULL,NULL),(11208,'-1h','now',20,'desc','host','','',NULL,NULL,NULL),(11213,'-1h','now',20,'desc','host','','',NULL,NULL,NULL),(11222,'-12h','now',20,'desc','','','',3570,NULL,NULL),(11251,'-1h','now',20,'desc','host','','',NULL,NULL,NULL),(11260,'-12h','now',20,'desc','','','',3589,NULL,NULL),(11299,'-1h','now',20,'desc','host','','',NULL,NULL,NULL),(11328,'-1h','now',20,'desc','','','',NULL,NULL,NULL),(11563,'-1h','now',20,'desc','','','',NULL,NULL,NULL),(11578,'-1h','now',20,'desc','','','',NULL,NULL,NULL),(11593,'-1h','now',20,'desc','','','',NULL,NULL,NULL),(11606,'-1h','now',20,'desc','','','',NULL,NULL,NULL),(11619,'-1h','now',20,'desc','','','',NULL,NULL,NULL),(11622,'-1h','now',20,'desc','host','','',NULL,NULL,NULL),(11629,'-1h','now',20,'desc','host','','',NULL,NULL,NULL),(11632,'-1h','now',20,'desc','','','',NULL,NULL,NULL),(11651,'-1h','now',20,'desc','host','','',NULL,NULL,NULL),(11664,'2015-12-02T09:01:27.066Z','2015-12-02T10:01:27.066Z',20,'desc','host','','',NULL,NULL,NULL),(11673,'-1h','now',20,'desc','','','',NULL,NULL,NULL),(11702,'2015-12-02T09:21:33.532Z','2015-12-02T10:21:33.532Z',20,'desc','','','',NULL,NULL,NULL),(11711,'2015-12-02T09:01:27.066Z','2015-12-02T10:01:27.066Z',20,'desc','','','',NULL,NULL,NULL),(11740,'-1h','now',20,'desc','','','',NULL,NULL,NULL),(11743,'-1h','now',20,'desc','dec','','',NULL,NULL,NULL),(11746,'-1h','now',20,'desc','dec','','',NULL,NULL,NULL),(11753,'2015-12-02T09:24:31.433Z','2015-12-02T10:24:31.433Z',20,'desc','dec','','',NULL,NULL,NULL),(11768,'-1h','now',20,'desc','','','',NULL,NULL,NULL),(11771,'-3d','now',20,'desc','dec','','',NULL,NULL,NULL),(11782,'2015-11-29T10:32:34.434Z','2015-12-02T10:32:34.434Z',20,'desc','','','',NULL,NULL,NULL),(11785,'-3d','now',20,'desc','dec','','',NULL,NULL,NULL),(11792,'2015-11-29T10:33:36.398Z','2015-12-02T10:33:36.398Z',20,'desc','dec','','',NULL,NULL,NULL),(11795,'-30m','now',20,'desc','dec','','',NULL,NULL,NULL),(11818,'-30m','now',20,'desc','dec','','',NULL,NULL,NULL),(11831,'2015-12-02T10:55:39.748Z','2015-12-02T11:25:39.748Z',20,'desc','dec','','',NULL,NULL,NULL),(11836,'2015-11-29T10:33:36.398Z','2015-12-02T10:33:36.398Z',20,'desc','dec','','',NULL,NULL,NULL),(11845,'-30m','now',20,'desc','','','',NULL,NULL,NULL),(11848,'-30m','now',20,'desc','host','','',NULL,NULL,NULL),(11871,'-1h','now',20,'desc','host1','','',NULL,NULL,NULL),(11888,'-30m','now',20,'desc','host','','',NULL,NULL,NULL),(11893,'-1h','now',20,'desc','host1','','',NULL,NULL,NULL),(11902,'-1h','now',20,'desc','','','',NULL,NULL,NULL),(11907,'-1h','now',20,'desc','host2','','',NULL,NULL,NULL),(11924,'-1h','now',20,'desc','host1','','',NULL,NULL,NULL),(11933,'-1h','now',20,'desc','','','',NULL,NULL,NULL),(11942,'-1h','now',20,'desc','host2','','',NULL,NULL,NULL),(11955,'2015-12-02T10:31:40.604Z','2015-12-02T11:31:40.604Z',20,'desc','host2','','',NULL,NULL,NULL),(11964,'-1h','now',20,'desc','','','',NULL,NULL,NULL),(11969,'-1h','now',20,'desc','host3','','',NULL,NULL,NULL),(11978,'-1h','now',20,'desc','host3','','',NULL,NULL,NULL),(11999,'-1d','',20,'desc','syslog.severity:Error','','',NULL,NULL,NULL),(12000,'-1d','',20,'desc','apache.status:[400 TO 499] OR nginx.status:[400 TO 499]','','',NULL,NULL,NULL),(12001,'-1d','',20,'desc','apache.status:>=500 OR nginx.status:>=500','','',NULL,NULL,NULL),(12014,'-1h','now',20,'desc','','','',NULL,NULL,NULL),(12021,'-1h','now',20,'desc','','','',NULL,NULL,NULL),(12022,'-1h','now',20,'desc','','','',NULL,NULL,NULL),(12035,'-1h','now',20,'desc','','','',NULL,NULL,NULL),(12052,'-1h','now',20,'desc','host3','','',NULL,NULL,NULL),(12069,'-1h','now',20,'desc','','','',NULL,NULL,NULL),(12078,'-1h','now',20,'desc','host3','','',NULL,NULL,NULL),(12103,'-1h','now',20,'desc','host4','','',NULL,NULL,NULL),(12126,'2015-12-03T04:57:59.817Z','2015-12-03T05:57:59.817Z',20,'desc','','','',NULL,NULL,NULL),(12131,'-1h','now',20,'desc','host4','','',NULL,NULL,NULL),(12140,'-1h','now',20,'desc','','','',NULL,NULL,NULL),(12231,'-1h','now',20,'desc','','','',NULL,NULL,NULL),(12234,'-1h','now',20,'desc','host5','','',NULL,NULL,NULL),(12277,'-1h','now',20,'desc','','','',NULL,NULL,NULL),(12286,'-1h','now',20,'desc','','','',NULL,NULL,NULL),(12307,'-1h','now',20,'desc','host5','','',NULL,NULL,NULL),(12336,'-1h','now',20,'desc','abc','','',NULL,NULL,NULL),(12367,'-1h','now',20,'desc','','','',NULL,NULL,NULL),(12370,'-1h','now',20,'desc','host','','',NULL,NULL,NULL),(12377,'2015-12-03T05:43:25.944Z','2015-12-03T06:43:25.944Z',20,'desc','host','','',NULL,NULL,NULL),(12384,'2015-12-03T05:43:25.944Z','2015-12-03T06:43:25.944Z',20,'desc','abc','','',NULL,NULL,NULL),(12391,'2015-12-03T05:43:25.944Z','2015-12-03T06:43:25.944Z',20,'desc','abc','','',NULL,NULL,NULL),(12398,'2015-12-03T05:43:25.944Z','2015-12-03T06:43:25.944Z',20,'desc','abc','','',NULL,NULL,NULL),(12405,'2015-12-03T05:43:25.944Z','2015-12-03T06:43:25.944Z',20,'desc','pqr','','',NULL,NULL,NULL),(12426,'-1h','now',20,'desc','host','','',NULL,NULL,NULL),(12433,'-1h','now',20,'desc','host','','',NULL,NULL,NULL),(12440,'-1h','now',20,'desc','host1','','',NULL,NULL,NULL),(12447,'-1h','now',20,'desc','host123','','',NULL,NULL,NULL),(12458,'-1h','now',20,'desc','host1','','',NULL,NULL,NULL),(12461,'-1h','now',20,'desc','host1','','',NULL,NULL,NULL),(12500,'2015-12-03T07:53:08.302Z','2015-12-03T08:53:08.302Z',20,'desc','','','',NULL,NULL,NULL),(12509,'-1h','now',20,'desc','host1','','',NULL,NULL,NULL),(12538,'-1h','now',20,'desc','hello','','',NULL,NULL,NULL),(12563,'2015-12-03T08:00:35.657Z','2015-12-03T09:00:35.657Z',20,'desc','hello','','',NULL,NULL,NULL),(12576,'2015-12-03T08:00:35.657Z','2015-12-03T09:00:35.657Z',20,'desc','hello','','',NULL,NULL,NULL),(12595,'-1h','now',20,'desc','hello','','',NULL,NULL,NULL),(12602,'-1h','now',20,'desc','host','','',NULL,NULL,NULL),(12605,'-12h','now',20,'desc','dec','','',NULL,NULL,NULL),(12608,'-12h','now',20,'desc','pqr','','',NULL,NULL,NULL),(12611,'-12h','now',20,'desc','front','','',NULL,NULL,NULL),(12618,'2015-12-02T22:51:56.246Z','2015-12-03T10:51:56.246Z',20,'desc','front','','',NULL,NULL,NULL),(12621,'2015-12-02T22:51:56.246Z','2015-12-03T10:51:56.246Z',20,'desc','ho','','',NULL,NULL,NULL),(12632,'2015-12-02T22:51:56.246Z','2015-12-03T10:51:56.246Z',20,'desc','host','','',NULL,NULL,NULL),(12655,'2015-12-02T22:51:56.246Z','2015-12-03T10:51:56.246Z',20,'desc','host','','',NULL,NULL,NULL),(12662,'2015-12-02T22:51:56.246Z','2015-12-03T10:51:56.246Z',20,'desc','host','','',NULL,NULL,NULL),(12665,'2015-12-02T22:51:56.246Z','2015-12-03T10:51:56.246Z',20,'desc','host','','',NULL,NULL,NULL),(12668,'2015-12-02T22:51:56.246Z','2015-12-03T10:51:56.246Z',20,'desc','host','','',NULL,NULL,NULL),(12683,'2015-12-02T22:51:56.246Z','2015-12-03T10:51:56.246Z',20,'desc','host','','',NULL,NULL,NULL),(12694,'2015-12-02T22:51:56.246Z','2015-12-03T10:51:56.246Z',20,'desc','host','','',NULL,NULL,NULL),(12701,'2015-12-02T22:51:56.246Z','2015-12-03T10:51:56.246Z',20,'desc','host','','',NULL,NULL,NULL),(12810,'-1h','now',20,'desc','dec1','','',NULL,NULL,NULL),(12813,'-1h','now',20,'desc','syslog','','',NULL,NULL,NULL),(12836,'-1h','now',20,'desc','de','','',NULL,NULL,NULL),(12839,'-6h','now',20,'desc','de','','',NULL,NULL,NULL),(12842,'-6h','now',20,'desc','sys','','',NULL,NULL,NULL),(12845,'-6h','now',20,'desc','sys','','',NULL,NULL,NULL),(12848,'-6h','now',20,'desc','host1','','',NULL,NULL,NULL),(12851,'-6h','now',20,'desc','host','','',NULL,NULL,NULL),(12854,'-6h','now',20,'desc','host','','',NULL,NULL,NULL),(12857,'-6h','now',20,'desc','host1','','',NULL,NULL,NULL),(12860,'-6h','now',20,'desc','host1','','',NULL,NULL,NULL),(12863,'-6h','now',20,'desc','hos','','',NULL,NULL,NULL),(12866,'-6h','now',20,'desc','host','','',NULL,NULL,NULL),(12869,'-6h','now',20,'desc','host','','',NULL,NULL,NULL),(12890,'-6h','now',20,'desc','hos','','',NULL,NULL,NULL),(12893,'-6h','now',20,'desc','hoss','','',NULL,NULL,NULL),(12896,'-6h','now',20,'desc','host','','',NULL,NULL,NULL),(12899,'-6h','now',20,'desc','host','','',NULL,NULL,NULL),(12916,'-6h','now',20,'desc','host','','',NULL,NULL,NULL),(12919,'-6h','now',20,'desc','dec','','',NULL,NULL,NULL),(12926,'-6h','now',20,'desc','host','','',NULL,NULL,NULL),(12937,'-6h','now',20,'desc','host','','',NULL,NULL,NULL),(12944,'-6h','now',20,'desc','host','','',NULL,NULL,NULL),(12947,'-6h','now',20,'desc','hoss','','',NULL,NULL,NULL),(12950,'-6h','now',20,'desc','host','','',NULL,NULL,NULL),(12953,'-6h','now',20,'desc','host','','',NULL,NULL,NULL),(12956,'-6h','now',20,'desc','host','','',NULL,NULL,NULL),(12959,'-6h','now',20,'desc','host','','',NULL,NULL,NULL),(12962,'-6h','now',20,'desc','host','','',NULL,NULL,NULL),(12965,'-6h','now',20,'desc','hos','','',NULL,NULL,NULL),(12968,'-6h','now',20,'desc','ho','','',NULL,NULL,NULL),(12979,'-6h','now',20,'desc','hos','','',NULL,NULL,NULL),(12982,'-6h','now',20,'desc','host','','',NULL,NULL,NULL),(12989,'-6h','now',20,'desc','hos','','',NULL,NULL,NULL),(12992,'-6h','now',20,'desc','host','','',NULL,NULL,NULL),(12995,'-6h','now',20,'desc','hoss','','',NULL,NULL,NULL),(12998,'-6h','now',20,'desc','hos','','',NULL,NULL,NULL),(13009,'-6h','now',20,'desc','hos','','',NULL,NULL,NULL),(13012,'-6h','now',20,'desc','host','','',NULL,NULL,NULL),(13015,'-6h','now',20,'desc','hos','','',NULL,NULL,NULL),(13018,'-6h','now',20,'desc','hos','','',NULL,NULL,NULL),(13021,'-1m','now',20,'desc','hos','','',NULL,NULL,NULL),(13036,'2015-12-04T11:51:19.004Z','2015-12-04T11:52:19.004Z',20,'desc','','','',NULL,NULL,NULL),(13047,'-30m','now',20,'desc','host','','',NULL,NULL,NULL),(13050,'-6h','now',20,'desc','Dec','','',NULL,NULL,NULL),(13059,'-6h','now',20,'desc','Dec','','',NULL,NULL,NULL),(13070,'-6h','now',20,'desc','Dec','','',NULL,NULL,NULL),(13073,'-6h','now',20,'desc','Dec','','',NULL,NULL,NULL),(13076,'-6h','now',20,'desc','Dec','','',NULL,NULL,NULL),(13079,'-6h','now',20,'desc','Dec','','',NULL,NULL,NULL),(13090,'2015-12-06T23:30:23.094Z','2015-12-07T05:30:23.094Z',20,'desc','','','',NULL,NULL,NULL),(13099,'-30m','now',20,'desc','host','','',NULL,NULL,NULL),(13106,'-30m','now',20,'desc','host','','',NULL,NULL,NULL),(13127,'2015-12-07T07:27:45.444Z','2015-12-07T07:28:23.015Z',20,'desc','host','','',NULL,NULL,NULL),(13130,'-30m','now',20,'desc','host','','',NULL,NULL,NULL),(13133,'-30m','now',20,'desc','ho','','',NULL,NULL,NULL),(13140,'-30m','now',20,'desc','host','','',NULL,NULL,NULL),(13147,'-30m','now',20,'desc','host','','',NULL,NULL,NULL),(13182,'-30m','now',20,'desc','ho','','',NULL,NULL,NULL),(13431,'-30m','now',20,'desc','a','','',NULL,NULL,NULL),(13438,'-3h','now',20,'desc','','','',3590,NULL,NULL),(13445,'-30m','now',20,'desc','ho','','',NULL,NULL,NULL),(13456,'2015-12-09T08:52:22.349Z','2015-12-09T09:22:22.349Z',20,'desc','ho','','',NULL,NULL,NULL),(13469,'2015-12-09T08:52:22.349Z','2015-12-09T09:22:22.349Z',20,'desc','host','','',NULL,NULL,NULL),(13484,'2015-12-09T08:52:22.349Z','2015-12-09T09:22:22.349Z',20,'desc','host','','',NULL,NULL,NULL),(13513,'-30m','now',20,'desc','host','','',NULL,NULL,NULL),(13516,'-30m','now',20,'desc','host','','',NULL,NULL,NULL),(13519,'-30m','now',20,'desc','host','','',NULL,NULL,NULL),(13528,'-30m','now',20,'desc','host','','',NULL,NULL,NULL),(13539,'-30m','now',20,'desc','host','','',NULL,NULL,NULL),(13546,'-30m','now',20,'desc','host','','',NULL,NULL,NULL),(13549,'-30m','now',20,'desc','host','','',NULL,NULL,NULL),(13552,'-30m','now',20,'desc','hos','','',NULL,NULL,NULL),(13557,'-30m','now',20,'desc','ho','','',NULL,NULL,NULL),(13564,'-30m','now',20,'desc','hos','','',NULL,NULL,NULL),(13571,'-30m','now',20,'desc','host','','',NULL,NULL,NULL),(13576,'-30m','now',20,'desc','host','','',NULL,NULL,NULL),(13587,'-30m','now',20,'desc','host','','',NULL,NULL,NULL),(13590,'-10m','now',20,'desc','host','','',NULL,NULL,NULL),(13593,'-10m','now',20,'desc','host','','',NULL,NULL,NULL),(13610,'-10m','now',20,'desc','host','','',NULL,NULL,NULL),(13613,'-10m','now',20,'desc','hosts','','',NULL,NULL,NULL),(13616,'-10m','now',20,'desc','host','','',NULL,NULL,NULL),(13619,'-10m','now',20,'desc','host','','',NULL,NULL,NULL),(13622,'-10m','now',20,'desc','ho','','',NULL,NULL,NULL),(13625,'-10m','now',20,'desc','h','','',NULL,NULL,NULL),(13628,'-10m','now',20,'desc','ho','','',NULL,NULL,NULL),(13631,'-10m','now',20,'desc','hos','','',NULL,NULL,NULL),(13634,'-10m','now',20,'desc','hos','','',NULL,NULL,NULL),(13637,'-6h','now',20,'desc','host','','',NULL,NULL,NULL),(13640,'-6h','now',20,'desc','ho','','',NULL,NULL,NULL),(13643,'-6h','now',20,'desc','hosts','','',NULL,NULL,NULL),(13646,'-6h','now',20,'desc','hos','','',NULL,NULL,NULL),(13649,'-6h','now',20,'desc','h','','',NULL,NULL,NULL),(13654,'-6h','now',20,'desc','hosts','','',NULL,NULL,NULL),(13657,'-6h','now',20,'desc','hosts','','',NULL,NULL,NULL),(13662,'-6h','now',20,'desc','hos','','',NULL,NULL,NULL),(13665,'-6h','now',20,'desc','host','','',NULL,NULL,NULL),(13670,'-6h','now',20,'desc','hoss','','',NULL,NULL,NULL),(13673,'-6h','now',20,'desc','host','','',NULL,NULL,NULL),(13678,'-6h','now',20,'desc','host','','',NULL,NULL,NULL),(13681,'-6h','now',20,'desc','hos','','',NULL,NULL,NULL),(13684,'-6h','now',20,'desc','hos','','',NULL,NULL,NULL),(13687,'-6h','now',20,'desc','host','','',NULL,NULL,NULL),(13692,'-6h','now',20,'desc','host','','',NULL,NULL,NULL),(13695,'-6h','now',20,'desc','hot','','',NULL,NULL,NULL),(13702,'-6h','now',20,'desc','hot','','',NULL,NULL,NULL),(13705,'-6h','now',20,'desc','hot','','',NULL,NULL,NULL),(13708,'-6h','now',20,'desc','hot','','',NULL,NULL,NULL),(13711,'-6h','now',20,'desc','hos','','',NULL,NULL,NULL),(13714,'-6h','now',20,'desc','host','','',NULL,NULL,NULL),(13719,'-6h','now',20,'desc','host','','',NULL,NULL,NULL),(13722,'-6h','now',20,'desc','hoss','','',NULL,NULL,NULL),(13725,'-6h','now',20,'desc','ho','','',NULL,NULL,NULL),(13728,'-6h','now',20,'desc','host','','',NULL,NULL,NULL),(13731,'-6h','now',20,'desc','hos','','',NULL,NULL,NULL),(13734,'-6h','now',20,'desc','hos','','',NULL,NULL,NULL),(13747,'-6h','now',20,'desc','hos','','',NULL,NULL,NULL),(13750,'-6h','now',20,'desc','host','','',NULL,NULL,NULL),(13753,'-6h','now',20,'desc','hosa','','',NULL,NULL,NULL),(13756,'-6h','now',20,'desc','ho','','',NULL,NULL,NULL),(13759,'-6h','now',20,'desc','ho','','',NULL,NULL,NULL),(13762,'-6h','now',20,'desc','dec','','',NULL,NULL,NULL),(13765,'-6h','now',20,'desc','de','','',NULL,NULL,NULL),(13770,'-6h','now',20,'desc','de','','',NULL,NULL,NULL),(13777,'-6h','now',20,'desc','dec','','',NULL,NULL,NULL),(13780,'-6h','now',20,'desc','de','','',NULL,NULL,NULL),(13783,'-6h','now',20,'desc','dec','','',NULL,NULL,NULL),(13788,'-6h','now',20,'desc','d','','',NULL,NULL,NULL),(13791,'-6h','now',20,'desc','de','','',NULL,NULL,NULL),(13794,'-6h','now',20,'desc','dec','','',NULL,NULL,NULL),(13797,'-6h','now',20,'desc','de','','',NULL,NULL,NULL),(13800,'-6h','now',20,'desc','dec','','',NULL,NULL,NULL),(13803,'-6h','now',20,'desc','dec','','',NULL,NULL,NULL),(13806,'-6h','now',20,'desc','de','','',NULL,NULL,NULL),(13809,'-6h','now',20,'desc','dec','','',NULL,NULL,NULL),(13812,'-6h','now',20,'desc','de','','',NULL,NULL,NULL),(13815,'-6h','now',20,'desc','dec','','',NULL,NULL,NULL),(13818,'-6h','now',20,'desc','de','','',NULL,NULL,NULL),(13821,'-6h','now',20,'desc','dec','','',NULL,NULL,NULL),(13824,'-6h','now',20,'desc','de','','',NULL,NULL,NULL),(13827,'-6h','now',20,'desc','dec','','',NULL,NULL,NULL),(13830,'-6h','now',20,'desc','de','','',NULL,NULL,NULL),(13833,'-6h','now',20,'desc','dc','','',NULL,NULL,NULL),(13836,'-6h','now',20,'desc','dec\\','','',NULL,NULL,NULL),(13839,'-6h','now',20,'desc','dec','','',NULL,NULL,NULL),(13842,'-6h','now',20,'desc','dec','','',NULL,NULL,NULL),(13845,'-6h','now',20,'desc','de\\','','',NULL,NULL,NULL),(13852,'-6h','now',20,'desc','de','','',NULL,NULL,NULL),(13859,'2015-12-09T07:20:20.207Z','2015-12-09T13:20:20.207Z',20,'desc','de','','',NULL,NULL,NULL),(13862,'2015-12-09T07:20:20.207Z','2015-12-09T13:20:20.207Z',20,'desc','de','','',NULL,NULL,NULL),(13869,'2015-12-09T07:20:20.207Z','2015-12-09T13:20:20.207Z',20,'desc','de','','',NULL,NULL,NULL),(13872,'2015-12-09T07:20:20.207Z','2015-12-09T13:20:20.207Z',20,'desc','de','','',NULL,NULL,NULL),(13875,'2015-12-09T07:20:20.207Z','2015-12-09T13:20:20.207Z',20,'desc','de','','',NULL,NULL,NULL),(13878,'2015-12-09T07:20:20.207Z','2015-12-09T13:20:20.207Z',20,'desc','de','','',NULL,NULL,NULL),(13881,'2015-12-09T07:20:20.207Z','2015-12-09T13:20:20.207Z',20,'desc','de','','',NULL,NULL,NULL),(13884,'2015-12-09T07:20:20.207Z','2015-12-09T13:20:20.207Z',20,'desc','de','','',NULL,NULL,NULL),(13887,'2015-12-09T07:20:20.207Z','2015-12-09T13:20:20.207Z',20,'desc','de','','',NULL,NULL,NULL),(13890,'2015-12-09T07:20:20.207Z','2015-12-09T13:20:20.207Z',20,'desc','de','','',NULL,NULL,NULL),(13893,'2015-12-09T07:20:20.207Z','2015-12-09T13:20:20.207Z',20,'desc','dec','','',NULL,NULL,NULL),(13908,'2015-12-09T07:20:20.207Z','2015-12-09T13:20:20.207Z',20,'desc','dec','','',NULL,NULL,NULL),(13911,'2015-12-09T07:20:20.207Z','2015-12-09T13:20:20.207Z',20,'desc','dec','','',NULL,NULL,NULL),(13914,'2015-12-09T07:20:20.207Z','2015-12-09T13:20:20.207Z',20,'desc','dec','','',NULL,NULL,NULL),(13917,'2015-12-09T07:20:20.207Z','2015-12-09T13:20:20.207Z',20,'desc','dec','','',NULL,NULL,NULL),(13920,'2015-12-09T07:20:20.207Z','2015-12-09T13:20:20.207Z',20,'desc','dec\\','','',NULL,NULL,NULL),(13923,'2015-12-09T07:20:20.207Z','2015-12-09T13:20:20.207Z',20,'desc','deca','','',NULL,NULL,NULL),(13926,'2015-12-09T07:20:20.207Z','2015-12-09T13:20:20.207Z',20,'desc','dec','','',NULL,NULL,NULL),(13929,'2015-12-09T07:20:20.207Z','2015-12-09T13:20:20.207Z',20,'desc','decsss','','',NULL,NULL,NULL),(13932,'2015-12-09T07:20:20.207Z','2015-12-09T13:20:20.207Z',20,'desc','decsss','','',NULL,NULL,NULL),(13935,'2015-12-09T07:20:20.207Z','2015-12-09T13:20:20.207Z',20,'desc','de','','',NULL,NULL,NULL),(13938,'2015-12-09T07:20:20.207Z','2015-12-09T13:20:20.207Z',20,'desc','decc','','',NULL,NULL,NULL),(13941,'2015-12-09T07:20:20.207Z','2015-12-09T13:20:20.207Z',20,'desc','deca','','',NULL,NULL,NULL),(13944,'2015-12-09T07:20:20.207Z','2015-12-09T13:20:20.207Z',20,'desc','deca','','',NULL,NULL,NULL),(13947,'2015-12-09T07:20:20.207Z','2015-12-09T13:20:20.207Z',20,'desc','de','','',NULL,NULL,NULL),(13950,'2015-12-09T07:20:20.207Z','2015-12-09T13:20:20.207Z',20,'desc','deaaa','','',NULL,NULL,NULL),(13953,'2015-12-09T07:20:20.207Z','2015-12-09T13:20:20.207Z',20,'desc','da','','',NULL,NULL,NULL),(13956,'2015-12-09T07:20:20.207Z','2015-12-09T13:20:20.207Z',20,'desc','dec','','',NULL,NULL,NULL),(13959,'2015-12-09T07:20:20.207Z','2015-12-09T13:20:20.207Z',20,'desc','dea','','',NULL,NULL,NULL),(13962,'2015-12-09T07:20:20.207Z','2015-12-09T13:20:20.207Z',20,'desc','dec','','',NULL,NULL,NULL),(13965,'2015-12-09T07:20:20.207Z','2015-12-09T13:20:20.207Z',20,'desc','ded','','',NULL,NULL,NULL),(13968,'2015-12-09T07:20:20.207Z','2015-12-09T13:20:20.207Z',20,'desc','dee','','',NULL,NULL,NULL),(13971,'2015-12-09T07:20:20.207Z','2015-12-09T13:20:20.207Z',20,'desc','dec','','',NULL,NULL,NULL),(13982,'2015-12-09T07:20:20.207Z','2015-12-09T13:20:20.207Z',20,'desc','','','',NULL,NULL,NULL),(14003,'-30m','now',20,'desc','ho','','',NULL,NULL,NULL),(14006,'-30m','now',20,'desc','ho','','',NULL,NULL,NULL),(14025,'-30m','now',20,'desc','ho','','',NULL,NULL,NULL),(14032,'-30m','now',20,'desc','ho','','',NULL,NULL,NULL),(14039,'-30m','now',20,'desc','host','','',NULL,NULL,NULL),(14042,'-30m','now',20,'desc','hosts','','',NULL,NULL,NULL),(14049,'-30m','now',20,'desc','hos','','',NULL,NULL,NULL),(14068,'-30m','now',20,'desc','dec','','',NULL,NULL,NULL),(14071,'-30m','now',20,'desc','de','','',NULL,NULL,NULL),(14074,'-30m','now',20,'desc','de','','',NULL,NULL,NULL),(14087,'-6h','now',20,'desc','hos','','',NULL,NULL,NULL),(14644,'-1h','now',20,'desc','host','','',NULL,NULL,NULL),(14669,'-1h','now',20,'desc','host','','',NULL,NULL,NULL),(14710,'-1h','now',20,'desc','host','','',NULL,NULL,NULL),(14791,'-1h','now',20,'desc','december','','',NULL,NULL,NULL),(14804,'-1h','now',20,'desc','december','','',NULL,NULL,NULL),(14893,'-1h','now',20,'desc','december','','',NULL,NULL,NULL),(14906,'-1h','now',20,'desc','host','','',NULL,NULL,NULL),(15075,'-1h','now',20,'desc','host','','',NULL,NULL,NULL),(15220,'-1h','now',20,'desc','host','','',NULL,NULL,NULL),(15255,'-1h','now',20,'desc','host','','',NULL,NULL,NULL),(15324,'-1h','now',20,'desc','hele','','',NULL,NULL,NULL),(15331,'-1h','now',20,'desc','hel','','',NULL,NULL,NULL),(15338,'-1h','now',20,'desc','hel','','',NULL,NULL,NULL),(15345,'-1h','now',20,'desc','hel','','',NULL,NULL,NULL),(15522,'-1h','now',20,'desc','hel','','',NULL,NULL,NULL),(15527,'-1h','now',20,'desc','help','','',NULL,NULL,NULL),(15670,'-1h','now',20,'desc','he','','',NULL,NULL,NULL),(15675,'-1h','now',20,'desc','hel\\','','',NULL,NULL,NULL),(15680,'-1h','now',20,'desc','hel','','',NULL,NULL,NULL),(15693,'-1h','now',20,'desc','help','','',NULL,NULL,NULL),(15706,'-1h','now',20,'desc','help','','',NULL,NULL,NULL),(15711,'-1h','now',20,'desc','hel','','',NULL,NULL,NULL),(15732,'-1h','now',20,'desc','help','','',NULL,NULL,NULL),(15745,'-1h','now',20,'desc','hel','','',NULL,NULL,NULL),(15750,'-1h','now',20,'desc','hel','','',NULL,NULL,NULL),(15763,'-1h','now',20,'desc','hel','','',NULL,NULL,NULL),(15768,'-1h','now',20,'desc','hel\\','','',NULL,NULL,NULL),(15773,'-1h','now',20,'desc','hel','','',NULL,NULL,NULL),(15778,'-30m','now',20,'desc','hel','','',NULL,NULL,NULL),(15947,'2015-12-11T08:11:51.457Z','2015-12-11T08:41:51.457Z',20,'desc','','','',NULL,NULL,NULL),(15968,'-30m','now',20,'desc','hel','','',NULL,NULL,NULL),(16009,'-1h','now',20,'desc','','0','',NULL,NULL,NULL),(16010,'-1h','now',20,'desc','','0','',NULL,NULL,NULL),(16011,'-30m','now',20,'desc','hel','','',NULL,NULL,NULL),(16012,'2015-12-11T08:11:51.457Z','2015-12-11T08:41:51.457Z',20,'desc','','0','',NULL,NULL,NULL);
/*!40000 ALTER TABLE `savedsearch_searchcontext` ENABLE KEYS */;
UNLOCK TABLES;

--
-- Table structure for table `savedsearch_searchhistory`
--

DROP TABLE IF EXISTS `savedsearch_searchhistory`;
/*!40101 SET @saved_cs_client     = @@character_set_client */;
/*!40101 SET character_set_client = utf8 */;
CREATE TABLE `savedsearch_searchhistory` (
  `id` int(11) NOT NULL AUTO_INCREMENT,
  `profile_id` int(11) NOT NULL,
  `customer_id` int(11) NOT NULL,
  `search_type` varchar(50) NOT NULL,
  `search_time` datetime NOT NULL,
  `context_id` int(11) NOT NULL,
  PRIMARY KEY (`id`),
  KEY `savedsearch_searchhistory_141c6eec` (`profile_id`),
  KEY `savedsearch_searchhistory_edc991fc` (`customer_id`),
  KEY `savedsearch_searchhistory_8510bf2` (`context_id`),
  CONSTRAINT `context_id_refs_id_2fc2abd427c82b7e` FOREIGN KEY (`context_id`) REFERENCES `savedsearch_searchcontext` (`id`),
  CONSTRAINT `customer_id_refs_id_27556b57d7137b08` FOREIGN KEY (`customer_id`) REFERENCES `customer_customer` (`id`),
  CONSTRAINT `profile_id_refs_id_698c2ab1fdcb79d4` FOREIGN KEY (`profile_id`) REFERENCES `profile_profile` (`id`)
) ENGINE=InnoDB AUTO_INCREMENT=889 DEFAULT CHARSET=latin1;
/*!40101 SET character_set_client = @saved_cs_client */;

--
-- Dumping data for table `savedsearch_searchhistory`
--

LOCK TABLES `savedsearch_searchhistory` WRITE;
/*!40000 ALTER TABLE `savedsearch_searchhistory` DISABLE KEYS */;
INSERT INTO `savedsearch_searchhistory` VALUES (1,7,101,'searchui','2015-09-14 11:39:03',5256),(2,7,101,'searchui','2015-09-14 11:39:04',5257),(3,7,101,'searchui','2015-09-14 11:39:43',5262),(4,7,101,'searchui','2015-09-14 11:39:44',5263),(5,7,101,'searchui','2015-09-14 11:40:11',5268),(6,7,101,'searchui','2015-09-14 12:01:07',5273),(7,7,101,'searchui','2015-09-14 12:01:07',5274),(8,7,101,'searchui','2015-09-14 12:07:00',5279),(9,7,101,'searchui','2015-09-14 12:07:01',5280),(10,7,101,'searchui','2015-09-14 12:07:29',5285),(11,7,101,'searchui','2015-09-14 12:07:30',5286),(12,7,101,'searchui','2015-09-14 12:08:53',5291),(13,7,101,'searchui','2015-09-14 12:08:54',5292),(14,7,101,'searchui','2015-09-14 12:11:33',5297),(15,7,101,'searchui','2015-09-14 12:11:34',5298),(16,7,101,'searchui','2015-09-14 12:11:55',5301),(17,7,101,'searchui','2015-09-14 12:11:56',5302),(18,7,101,'searchui','2015-09-14 12:24:16',5307),(19,7,101,'searchui','2015-09-14 12:24:21',5308),(20,7,101,'searchui','2015-09-14 12:28:12',5313),(21,7,101,'searchui','2015-09-14 12:28:13',5314),(22,7,101,'searchui','2015-09-14 12:31:57',5319),(23,7,101,'searchui','2015-09-14 12:32:37',5324),(24,7,101,'searchui','2015-09-14 12:38:14',5329),(25,7,101,'searchui','2015-09-14 13:00:07',5334),(26,7,101,'searchui','2015-09-14 13:00:23',5339),(27,7,101,'searchui','2015-09-14 13:41:19',5344),(28,7,101,'searchui','2015-09-14 13:41:20',5345),(29,7,101,'searchui','2015-09-14 13:41:36',5350),(30,7,101,'searchui','2015-09-14 13:42:12',5355),(31,7,101,'searchui','2015-09-14 13:42:13',5356),(32,7,101,'searchui','2015-09-14 13:43:11',5361),(33,7,101,'searchui','2015-09-14 13:43:12',5362),(34,7,101,'searchui','2015-09-14 15:32:08',5369),(35,7,101,'searchui','2015-09-14 15:32:09',5370),(36,7,101,'searchui','2015-09-14 15:32:27',5375),(37,7,101,'searchui','2015-09-15 05:11:16',5380),(38,7,101,'searchui','2015-09-15 05:12:13',5385),(39,7,101,'searchui','2015-09-15 05:12:59',5390),(40,7,101,'searchui','2015-09-15 05:13:09',5393),(41,7,101,'searchui','2015-09-15 05:32:48',5398),(42,7,101,'searchui','2015-09-15 05:33:16',5401),(43,7,101,'searchui','2015-09-15 05:34:12',5406),(44,7,101,'searchui','2015-09-15 05:35:19',5425),(45,7,101,'searchui','2015-09-15 05:35:57',5434),(46,7,101,'searchui','2015-09-15 05:59:39',5455),(47,7,101,'searchui','2015-09-15 07:14:40',5458),(48,7,101,'searchui','2015-09-15 07:52:23',5461),(49,7,101,'searchui','2015-09-15 08:53:36',5464),(50,7,101,'searchui','2015-09-15 10:45:02',5469),(51,7,101,'searchui','2015-09-15 16:23:41',5498),(52,7,101,'searchui','2015-09-15 16:24:04',5503),(53,7,101,'searchui','2015-09-15 16:24:15',5506),(54,7,101,'searchui','2015-09-15 16:24:34',5511),(55,7,101,'searchui','2015-09-15 16:27:56',5516),(56,7,101,'searchui','2015-09-15 16:28:22',5521),(57,7,101,'searchui','2015-09-15 16:30:47',5554),(58,7,101,'searchui','2015-09-15 16:38:03',5563),(59,7,101,'searchui','2015-09-15 16:44:32',5568),(60,7,101,'searchui','2015-09-15 16:46:46',5573),(61,7,101,'searchui','2015-09-15 16:59:00',5578),(62,7,101,'searchui','2015-09-15 16:59:01',5579),(63,7,101,'searchui','2015-09-15 17:03:36',5584),(64,7,101,'searchui','2015-09-15 17:05:07',5589),(65,7,101,'searchui','2015-09-15 17:25:29',5594),(66,7,101,'searchui','2015-09-15 17:26:05',5599),(67,7,101,'searchui','2015-09-15 18:15:29',5604),(68,7,101,'searchui','2015-09-15 19:30:53',5809),(69,7,101,'searchui','2015-09-16 05:25:21',5870),(70,7,101,'searchui','2015-09-16 05:36:02',5883),(71,7,101,'searchui','2015-09-16 05:36:03',5884),(72,7,101,'searchui','2015-09-16 05:36:57',5897),(73,7,101,'searchui','2015-09-16 05:37:38',5910),(74,7,101,'searchui','2015-09-16 05:37:59',5923),(75,7,101,'searchui','2015-09-16 05:38:06',5930),(76,7,101,'searchui','2015-09-16 05:38:11',5937),(77,7,101,'searchui','2015-09-16 05:38:48',5956),(78,7,101,'searchui','2015-09-16 05:38:52',5963),(79,7,101,'searchui','2015-09-16 05:38:56',5964),(80,7,101,'searchui','2015-09-16 05:39:40',5983),(81,7,101,'searchui','2015-09-16 06:39:23',6008),(82,7,101,'searchui','2015-09-16 06:39:24',6009),(83,7,101,'searchui','2015-09-16 06:39:56',6022),(84,7,101,'searchui','2015-09-16 06:41:23',6035),(85,7,101,'searchui','2015-09-16 06:41:39',6042),(86,7,101,'searchui','2015-09-16 06:42:14',6061),(87,7,101,'searchui','2015-09-16 06:42:25',6068),(88,7,101,'searchui','2015-09-16 07:20:25',6087),(89,7,101,'searchui','2015-09-16 07:20:26',6088),(90,7,101,'searchui','2015-09-16 07:20:41',6101),(91,7,101,'searchui','2015-09-16 07:24:15',6114),(92,7,101,'searchui','2015-09-16 07:24:26',6121),(93,7,101,'searchui','2015-09-16 07:24:27',6122),(94,7,101,'searchui','2015-09-16 07:50:31',6135),(95,7,101,'searchui','2015-09-16 07:54:13',6148),(96,7,101,'searchui','2015-09-16 07:54:14',6149),(97,7,101,'searchui','2015-09-16 07:57:26',6162),(98,7,101,'searchui','2015-09-16 08:02:03',6175),(99,7,101,'searchui','2015-09-16 08:06:04',6188),(100,7,101,'searchui','2015-09-16 08:08:33',6201),(101,7,101,'searchui','2015-09-16 09:23:30',6214),(102,7,101,'searchui','2015-09-16 09:23:33',6215),(103,7,101,'searchui','2015-09-16 09:24:35',6228),(104,7,101,'searchui','2015-09-16 09:26:09',6241),(105,7,101,'searchui','2015-09-16 09:28:02',6254),(106,7,101,'searchui','2015-09-16 09:32:36',6267),(107,7,101,'searchui','2015-09-16 09:33:44',6280),(108,7,101,'searchui','2015-09-16 09:40:10',6293),(109,7,101,'searchui','2015-09-16 10:22:46',6306),(110,7,101,'searchui','2015-09-16 10:23:45',6319),(111,7,101,'searchui','2015-09-16 10:54:03',6356),(112,7,101,'searchui','2015-09-16 11:24:49',6369),(113,7,101,'searchui','2015-09-16 11:24:50',6370),(114,7,101,'searchui','2015-09-16 11:31:08',6383),(115,7,101,'searchui','2015-09-16 11:34:21',6396),(116,7,101,'searchui','2015-09-16 11:36:50',6409),(117,7,101,'searchui','2015-09-16 11:38:23',6422),(118,7,101,'searchui','2015-09-16 11:38:34',6429),(119,7,101,'searchui','2015-09-16 11:45:42',6442),(120,7,101,'searchui','2015-09-16 11:46:05',6449),(121,7,101,'searchui','2015-09-16 11:47:01',6462),(122,7,101,'searchui','2015-09-16 15:10:34',6475),(123,7,101,'searchui','2015-09-16 15:10:35',6476),(124,7,101,'searchui','2015-09-16 15:10:51',6489),(125,7,101,'searchui','2015-09-16 15:11:03',6502),(126,7,101,'searchui','2015-09-16 15:11:15',6515),(127,7,101,'searchui','2015-09-16 16:02:12',6528),(128,7,101,'searchui','2015-09-17 08:19:03',6541),(129,7,101,'searchui','2015-09-17 08:19:25',6554),(130,7,101,'searchui','2015-09-17 08:19:32',6561),(131,7,101,'searchui','2015-09-17 08:19:38',6568),(132,7,101,'searchui','2015-09-17 08:19:40',6569),(133,7,101,'searchui','2015-09-17 08:19:43',6576),(134,7,101,'searchui','2015-09-17 08:19:45',6583),(135,7,101,'searchui','2015-09-17 08:19:46',6584),(136,7,101,'searchui','2015-09-17 08:19:47',6585),(137,7,101,'searchui','2015-09-17 08:19:49',6586),(138,7,101,'searchui','2015-09-17 08:19:49',6587),(139,7,101,'searchui','2015-09-17 08:19:50',6588),(140,7,101,'searchui','2015-09-17 08:19:53',6589),(141,7,101,'searchui','2015-09-17 08:19:58',6596),(142,7,101,'searchui','2015-09-17 08:19:59',6597),(143,7,101,'searchui','2015-09-17 08:20:02',6598),(144,7,101,'searchui','2015-09-17 08:22:16',6701),(145,7,101,'searchui','2015-09-17 13:31:46',6714),(146,7,101,'searchui','2015-09-17 13:32:41',6727),(147,7,101,'searchui','2015-09-17 13:50:52',6740),(148,7,101,'searchui','2015-09-17 13:50:54',6741),(149,7,101,'searchui','2015-09-17 14:01:53',6748),(150,7,101,'searchui','2015-09-17 14:02:39',6761),(151,7,101,'searchui','2015-09-17 15:16:03',6774),(152,7,101,'searchui','2015-09-17 15:20:56',6787),(153,7,101,'searchui','2015-09-17 15:21:06',6788),(154,7,101,'searchui','2015-09-17 15:33:50',6807),(155,7,101,'searchui','2015-09-17 15:34:00',6808),(156,7,101,'searchui','2015-09-17 15:39:03',6827),(157,7,101,'searchui','2015-09-17 15:39:13',6828),(158,7,101,'searchui','2015-09-17 15:41:18',6835),(159,7,101,'searchui','2015-09-17 15:45:06',6854),(160,7,101,'searchui','2015-09-17 15:51:02',6861),(161,7,101,'searchui','2015-09-21 06:17:21',6868),(162,7,101,'searchui','2015-09-21 07:35:29',6881),(163,7,101,'searchui','2015-09-21 09:54:49',6894),(164,7,101,'searchui','2015-09-21 10:17:24',6907),(165,7,101,'searchui','2015-09-21 11:32:46',6920),(166,7,101,'searchui','2015-09-21 12:08:56',6927),(167,7,101,'searchui','2015-09-21 12:19:52',6934),(168,7,101,'searchui','2015-09-21 12:19:59',6943),(169,7,101,'searchui','2015-09-21 12:31:21',6952),(170,7,101,'searchui','2015-09-21 12:33:53',6961),(171,7,101,'searchui','2015-09-21 12:34:02',6970),(172,7,101,'searchui','2015-09-21 12:34:12',6987),(173,7,101,'searchui','2015-09-21 12:34:16',6996),(174,7,101,'searchui','2015-09-21 12:34:20',7005),(175,7,101,'searchui','2015-09-21 12:34:32',7030),(176,7,101,'searchui','2015-09-21 12:34:35',7039),(177,7,101,'searchui','2015-09-21 12:34:45',7056),(178,7,101,'searchui','2015-09-21 12:34:52',7065),(179,7,101,'searchui','2015-09-21 12:34:54',7074),(180,7,101,'searchui','2015-09-21 12:34:56',7083),(181,7,101,'searchui','2015-09-21 12:47:02',7100),(182,7,101,'searchui','2015-09-21 12:49:20',7117),(183,7,101,'searchui','2015-09-21 15:23:11',7126),(184,7,101,'searchui','2015-09-21 15:25:46',7135),(185,7,101,'searchui','2015-09-21 15:26:06',7144),(186,7,101,'searchui','2015-09-21 15:26:08',7145),(187,7,101,'searchui','2015-09-21 15:34:52',7154),(188,7,101,'searchui','2015-09-21 15:34:54',7155),(189,7,101,'searchui','2015-09-21 15:36:40',7164),(190,7,101,'searchui','2015-09-21 15:36:58',7183),(191,7,101,'searchui','2015-09-21 15:39:18',7194),(192,7,101,'searchui','2015-09-21 15:39:44',7205),(193,7,101,'searchui','2015-09-21 15:39:46',7206),(194,7,101,'searchui','2015-09-21 15:40:54',7217),(195,7,101,'searchui','2015-09-21 15:41:35',7228),(196,7,101,'searchui','2015-09-21 15:41:59',7237),(197,7,101,'searchui','2015-09-21 15:45:24',7246),(198,7,101,'searchui','2015-09-21 15:46:44',7257),(199,7,101,'searchui','2015-09-21 15:53:53',7268),(200,7,101,'searchui','2015-09-21 15:54:17',7281),(201,7,101,'searchui','2015-09-21 15:54:37',7294),(202,7,101,'searchui','2015-09-21 15:58:40',7307),(203,7,101,'searchui','2015-09-21 16:06:57',7320),(204,7,101,'searchui','2015-09-21 16:10:13',7333),(205,7,101,'searchui','2015-09-21 16:11:42',7348),(206,7,101,'searchui','2015-09-21 16:12:17',7363),(207,7,101,'searchui','2015-09-21 16:12:19',7364),(208,7,101,'searchui','2015-09-21 18:15:01',7379),(209,7,101,'searchui','2015-09-21 19:12:47',7436),(210,7,101,'searchui','2015-09-21 19:36:17',7439),(211,7,101,'searchui','2015-09-21 19:36:18',7440),(212,7,101,'searchui','2015-09-21 19:47:49',7453),(213,7,101,'searchui','2015-09-21 19:48:50',7458),(214,7,101,'searchui','2015-09-21 19:49:00',7461),(215,7,101,'searchui','2015-09-21 19:55:46',7466),(216,7,101,'searchui','2015-09-21 19:56:51',7479),(217,7,101,'searchui','2015-09-21 20:00:47',7488),(218,7,101,'searchui','2015-09-21 20:01:43',7497),(219,7,101,'searchui','2015-09-21 20:01:50',7500),(220,7,101,'searchui','2015-09-21 20:01:51',7501),(221,7,101,'searchui','2015-09-21 20:01:53',7504),(222,7,101,'searchui','2015-09-21 20:01:54',7505),(223,7,101,'searchui','2015-09-21 20:01:57',7506),(224,7,101,'searchui','2015-09-21 20:02:17',7517),(225,7,101,'searchui','2015-09-21 20:12:42',7528),(226,7,101,'searchui','2015-09-22 04:47:22',7533),(227,7,101,'searchui','2015-09-22 05:09:01',7536),(228,7,101,'searchui','2015-09-22 05:09:28',7539),(229,7,101,'searchui','2015-09-22 05:09:49',7542),(230,7,101,'searchui','2015-09-22 05:09:51',7543),(231,7,101,'searchui','2015-09-22 05:11:10',7548),(232,7,101,'searchui','2015-09-22 05:19:53',7551),(233,7,101,'searchui','2015-09-22 05:20:00',7554),(234,7,101,'searchui','2015-09-22 05:20:02',7557),(235,7,101,'searchui','2015-09-22 05:21:39',7562),(236,7,101,'searchui','2015-09-22 05:22:03',7567),(237,7,101,'searchui','2015-09-22 05:22:09',7570),(238,7,101,'searchui','2015-09-22 05:22:59',7575),(239,7,101,'searchui','2015-09-22 05:23:32',7580),(240,7,101,'searchui','2015-09-22 05:37:07',7583),(241,7,101,'searchui','2015-09-22 05:37:18',7586),(242,7,101,'searchui','2015-09-22 05:40:16',7589),(243,7,101,'searchui','2015-09-22 05:40:20',7594),(244,7,101,'searchui','2015-09-22 05:46:11',7599),(245,7,101,'searchui','2015-09-22 05:46:16',7606),(246,7,101,'searchui','2015-09-22 05:49:21',7613),(247,7,101,'searchui','2015-09-22 05:49:27',7622),(248,7,101,'searchui','2015-09-22 05:52:24',7631),(249,7,101,'searchui','2015-09-22 05:57:27',7640),(250,7,101,'searchui','2015-09-22 05:59:48',7649),(251,7,101,'searchui','2015-09-22 06:05:04',7658),(252,7,101,'searchui','2015-09-22 06:11:02',7667),(253,7,101,'searchui','2015-09-22 06:13:10',7678),(254,7,101,'searchui','2015-09-22 06:20:35',7691),(255,7,101,'searchui','2015-09-22 06:21:13',7704),(256,7,101,'searchui','2015-09-22 06:29:17',7717),(257,7,101,'searchui','2015-09-22 06:29:47',7730),(258,7,101,'searchui','2015-09-22 06:38:30',7743),(259,7,101,'searchui','2015-09-22 07:08:53',7756),(260,7,101,'searchui','2015-09-22 07:09:04',7769),(261,7,101,'searchui','2015-09-22 07:11:24',7782),(262,7,101,'searchui','2015-09-22 08:05:05',7795),(263,7,101,'searchui','2015-09-22 08:59:16',7808),(264,7,101,'searchui','2015-09-22 08:59:27',7821),(265,7,101,'searchui','2015-09-22 08:59:28',7822),(266,7,101,'searchui','2015-09-22 09:29:20',7835),(267,7,101,'searchui','2015-09-22 09:29:21',7836),(268,7,101,'searchui','2015-09-22 09:29:35',7849),(269,7,101,'searchui','2015-09-22 09:40:06',7862),(270,7,101,'searchui','2015-09-22 09:46:22',7875),(271,7,101,'searchui','2015-09-22 09:46:44',7890),(272,7,101,'searchui','2015-09-22 09:46:50',7901),(273,7,101,'searchui','2015-09-22 09:46:54',7902),(274,7,101,'searchui','2015-09-22 09:46:58',7903),(275,7,101,'searchui','2015-09-22 09:47:00',7904),(276,7,101,'searchui','2015-09-22 09:47:02',7905),(277,7,101,'searchui','2015-09-22 09:47:20',7908),(278,7,101,'searchui','2015-09-22 09:47:46',7911),(279,7,101,'searchui','2015-09-22 10:22:16',7914),(280,7,101,'searchui','2015-09-22 10:22:27',7917),(281,7,101,'searchui','2015-09-22 10:24:06',7920),(282,7,101,'searchui','2015-09-22 10:27:42',7923),(283,7,101,'searchui','2015-09-22 10:50:49',7926),(284,7,101,'searchui','2015-09-22 10:51:14',7929),(285,7,101,'searchui','2015-09-22 10:51:23',7932),(286,7,101,'searchui','2015-09-22 10:51:58',7935),(287,7,101,'searchui','2015-09-22 10:52:03',7940),(288,7,101,'searchui','2015-09-22 10:52:12',7945),(289,7,101,'searchui','2015-09-22 10:54:39',7950),(290,7,101,'searchui','2015-09-22 10:55:15',7955),(291,7,101,'searchui','2015-09-22 11:18:26',7968),(292,7,101,'searchui','2015-09-22 11:18:54',7977),(293,7,101,'searchui','2015-09-22 11:28:06',7982),(294,7,101,'searchui','2015-09-22 11:31:20',7987),(295,7,101,'searchui','2015-09-22 11:32:11',7992),(296,7,101,'searchui','2015-09-22 11:44:09',8001),(297,7,101,'searchui','2015-09-22 11:44:29',8014),(298,7,101,'searchui','2015-09-22 11:44:33',8019),(299,7,101,'searchui','2015-09-22 11:44:34',8024),(300,7,101,'searchui','2015-09-22 11:44:39',8029),(301,7,101,'searchui','2015-09-22 11:44:42',8034),(302,7,101,'searchui','2015-09-22 11:44:42',8039),(303,7,101,'searchui','2015-09-22 11:45:04',8060),(304,7,101,'searchui','2015-09-22 11:45:08',8065),(305,7,101,'searchui','2015-09-22 11:45:10',8070),(306,7,101,'searchui','2015-09-22 11:45:11',8071),(307,7,101,'searchui','2015-09-22 11:45:13',8076),(308,7,101,'searchui','2015-09-22 11:45:14',8081),(309,7,101,'searchui','2015-09-22 11:45:16',8082),(310,7,101,'searchui','2015-09-22 11:45:16',8087),(311,7,101,'searchui','2015-09-22 11:45:24',8092),(312,7,101,'searchui','2015-09-22 11:45:37',8101),(313,7,101,'searchui','2015-09-22 11:45:55',8110),(314,7,101,'searchui','2015-09-22 11:48:10',8115),(315,7,101,'searchui','2015-09-22 11:48:11',8116),(316,7,101,'searchui','2015-09-22 11:57:59',8121),(317,7,101,'searchui','2015-09-22 11:59:16',8134),(318,7,101,'searchui','2015-09-22 11:59:39',8147),(319,7,101,'searchui','2015-09-22 11:59:45',8152),(320,7,101,'searchui','2015-09-22 12:02:14',8157),(321,7,101,'searchui','2015-09-22 12:03:50',8162),(322,7,101,'searchui','2015-09-22 12:26:25',8167),(323,7,101,'searchui','2015-09-22 12:31:59',8172),(324,7,101,'searchui','2015-09-22 12:33:27',8177),(325,7,101,'searchui','2015-09-22 12:34:13',8190),(326,7,101,'searchui','2015-09-22 12:35:16',8199),(327,7,101,'searchui','2015-09-22 12:35:24',8208),(328,7,101,'searchui','2015-09-22 12:35:29',8213),(329,7,101,'searchui','2015-09-22 12:35:33',8218),(330,7,101,'searchui','2015-09-22 12:35:36',8223),(331,7,101,'searchui','2015-09-22 13:03:46',8240),(332,7,101,'searchui','2015-09-22 13:07:57',8249),(333,7,101,'searchui','2015-09-22 13:44:07',8258),(334,7,101,'searchui','2015-09-22 15:15:36',8267),(335,7,101,'searchui','2015-09-22 15:16:45',8276),(336,7,101,'searchui','2015-09-22 15:22:01',8285),(337,7,101,'searchui','2015-09-22 15:24:06',8294),(338,7,101,'searchui','2015-09-22 15:37:12',8303),(339,7,101,'searchui','2015-09-22 15:39:13',8312),(340,7,101,'searchui','2015-09-22 15:40:13',8321),(341,7,101,'searchui','2015-09-22 15:42:18',8330),(342,7,101,'searchui','2015-09-22 15:43:04',8339),(343,7,101,'searchui','2015-09-22 16:04:41',8348),(344,7,101,'searchui','2015-09-22 16:07:46',8357),(345,7,101,'searchui','2015-09-22 16:12:17',8366),(346,7,101,'searchui','2015-09-22 16:12:43',8379),(347,7,101,'searchui','2015-09-22 16:13:31',8392),(348,7,101,'searchui','2015-09-22 16:13:56',8401),(349,7,101,'searchui','2015-09-22 18:48:53',8410),(350,7,101,'searchui','2015-09-22 18:49:06',8415),(351,7,101,'searchui','2015-09-23 04:02:13',8476),(352,7,101,'searchui','2015-09-23 04:42:52',8533),(353,7,101,'searchui','2015-09-23 04:42:53',8534),(354,7,101,'searchui','2015-09-23 04:43:01',8539),(355,7,101,'searchui','2015-09-23 05:04:28',8548),(356,7,101,'searchui','2015-09-23 05:13:36',8569),(357,7,101,'searchui','2015-09-23 05:54:28',8582),(358,7,101,'searchui','2015-09-23 06:15:35',8587),(359,7,101,'searchui','2015-09-23 06:15:51',8596),(360,7,101,'searchui','2015-09-23 07:12:08',8601),(361,7,101,'searchui','2015-09-23 07:21:39',8606),(362,7,101,'searchui','2015-09-23 07:31:34',8611),(363,7,101,'searchui','2015-09-23 07:45:11',8618),(364,7,101,'searchui','2015-09-23 07:47:30',8625),(365,7,101,'searchui','2015-09-23 07:48:38',8634),(366,7,101,'searchui','2015-09-23 07:51:29',8643),(367,7,101,'searchui','2015-09-23 08:01:19',8652),(368,7,101,'searchui','2015-09-23 08:45:14',8663),(369,7,101,'searchui','2015-09-23 08:49:25',8674),(370,7,101,'searchui','2015-09-23 08:49:43',8685),(371,7,101,'searchui','2015-09-23 08:51:20',8726),(372,7,101,'searchui','2015-09-23 08:52:38',8767),(373,7,101,'searchui','2015-09-23 08:59:41',8888),(374,7,101,'searchui','2015-09-23 09:19:37',9069),(375,7,101,'searchui','2015-09-23 09:19:46',9080),(376,7,101,'searchui','2015-09-23 09:23:19',9141),(377,7,101,'searchui','2015-09-23 09:23:53',9162),(378,7,101,'searchui','2015-09-23 09:24:27',9183),(379,7,101,'searchui','2015-09-23 09:25:03',9204),(380,7,101,'searchui','2015-09-23 09:26:57',9235),(381,7,101,'searchui','2015-09-23 09:27:40',9256),(382,7,101,'searchui','2015-09-23 15:19:25',9277),(383,7,101,'searchui','2015-09-23 15:19:26',9278),(384,7,101,'searchui','2015-09-23 15:19:27',9279),(385,7,101,'searchui','2015-09-23 15:29:47',9304),(386,7,101,'searchui','2015-09-23 15:30:54',9317),(387,7,101,'searchui','2015-09-23 15:34:04',9330),(388,7,101,'searchui','2015-09-23 15:34:05',9331),(389,7,101,'searchui','2015-09-23 15:34:06',9332),(390,7,101,'searchui','2015-09-23 15:35:29',9359),(391,7,101,'searchui','2015-09-23 15:35:32',9360),(392,7,101,'searchui','2015-09-23 15:35:35',9367),(393,7,101,'searchui','2015-09-23 15:35:38',9368),(394,7,101,'searchui','2015-09-23 15:35:40',9371),(395,7,101,'searchui','2015-09-23 15:45:26',9374),(396,7,101,'searchui','2015-09-23 15:45:47',9375),(397,7,101,'searchui','2015-09-23 15:45:52',9376),(398,7,101,'searchui','2015-09-23 15:50:30',9381),(399,7,101,'searchui','2015-09-23 15:56:33',9382),(400,7,101,'searchui','2015-09-23 15:59:00',9383),(401,7,101,'searchui','2015-09-23 16:06:39',9390),(402,7,101,'searchui','2015-09-23 16:08:06',9391),(403,7,101,'searchui','2015-09-23 16:08:41',9392),(404,7,101,'searchui','2015-09-23 16:15:00',9401),(405,7,101,'searchui','2015-09-23 16:15:01',9402),(406,7,101,'searchui','2015-09-23 16:15:02',9403),(407,7,101,'searchui','2015-09-23 16:17:21',9414),(408,7,101,'searchui','2015-09-23 16:18:53',9425),(409,7,101,'searchui','2015-09-23 16:19:42',9438),(410,7,101,'searchui','2015-09-23 16:21:51',9453),(411,7,101,'searchui','2015-09-23 16:25:48',9470),(412,7,101,'searchui','2015-09-23 16:26:20',9541),(413,7,101,'searchui','2015-09-23 16:26:26',9550),(414,7,101,'searchui','2015-09-23 16:26:30',9551),(415,7,101,'searchui','2015-09-23 16:26:34',9552),(416,7,101,'searchui','2015-09-23 16:27:01',9555),(417,7,101,'searchui','2015-09-23 16:28:02',9560),(418,7,101,'searchui','2015-09-23 16:30:45',9565),(419,7,101,'searchui','2015-09-23 16:33:28',9572),(420,7,101,'searchui','2015-09-23 16:49:15',9619),(421,7,101,'searchui','2015-09-23 17:03:39',9672),(422,7,101,'searchui','2015-09-23 17:26:39',9757),(423,7,101,'searchui','2015-09-23 17:29:00',9762),(424,7,101,'searchui','2015-09-23 17:29:01',9763),(425,7,101,'searchui','2015-09-23 17:30:40',9778),(426,7,101,'searchui','2015-09-23 17:35:41',9793),(427,7,101,'searchui','2015-09-23 17:36:23',9798),(428,7,101,'searchui','2015-09-23 17:36:52',9801),(429,7,101,'searchui','2015-11-27 07:59:27',9804),(430,7,101,'searchui','2015-11-27 10:04:52',9813),(431,7,101,'searchui','2015-11-27 10:05:19',9816),(432,7,101,'searchui','2015-11-27 10:07:05',9823),(433,7,101,'searchui','2015-11-27 10:11:10',9834),(434,7,101,'searchui','2015-11-27 10:11:16',9837),(435,7,101,'searchui','2015-11-27 10:12:10',9844),(436,7,101,'searchui','2015-11-27 10:24:55',9877),(437,7,101,'searchui','2015-11-27 10:55:25',9884),(438,7,101,'searchui','2015-11-27 10:55:40',9887),(439,7,101,'searchui','2015-11-30 04:23:36',9898),(440,7,101,'searchui','2015-11-30 04:29:31',9901),(441,7,101,'searchui','2015-11-30 04:29:58',9904),(442,7,101,'searchui','2015-11-30 04:32:23',9907),(443,7,101,'searchui','2015-11-30 04:32:50',9910),(444,7,101,'searchui','2015-11-30 04:33:13',9913),(445,7,101,'searchui','2015-11-30 04:36:23',9916),(446,7,101,'searchui','2015-11-30 04:48:29',9919),(447,7,101,'searchui','2015-11-30 04:48:52',9922),(448,7,101,'searchui','2015-11-30 07:03:24',9925),(449,7,101,'searchui','2015-11-30 07:04:50',9932),(450,7,101,'searchui','2015-11-30 07:05:19',9935),(451,7,101,'searchui','2015-11-30 07:19:38',9938),(452,7,101,'searchui','2015-11-30 07:21:34',9941),(453,7,101,'searchui','2015-11-30 07:22:02',9944),(454,7,101,'searchui','2015-11-30 07:22:32',9947),(455,7,101,'searchui','2015-11-30 09:05:56',9978),(456,7,101,'searchui','2015-11-30 09:19:33',10007),(457,7,101,'searchui','2015-11-30 09:19:47',10010),(458,7,101,'searchui','2015-11-30 09:20:06',10013),(459,7,101,'searchui','2015-11-30 09:20:33',10016),(460,7,101,'searchui','2015-11-30 09:21:03',10023),(461,7,101,'searchui','2015-11-30 09:22:36',10036),(462,7,101,'searchui','2015-11-30 09:36:13',10059),(463,7,101,'searchui','2015-11-30 09:36:23',10062),(464,7,101,'searchui','2015-11-30 09:54:59',10067),(465,7,101,'searchui','2015-11-30 09:56:05',10070),(466,7,101,'searchui','2015-11-30 10:04:43',10083),(467,7,101,'searchui','2015-11-30 10:05:06',10086),(468,7,101,'searchui','2015-11-30 11:09:40',10099),(469,7,101,'searchui','2015-11-30 11:10:05',10102),(470,7,101,'searchui','2015-11-30 11:11:58',10105),(471,7,101,'searchui','2015-11-30 11:12:33',10108),(472,7,101,'searchui','2015-11-30 11:22:51',10115),(473,7,101,'searchui','2015-11-30 11:30:43',10122),(474,7,101,'searchui','2015-11-30 11:30:49',10125),(475,7,101,'searchui','2015-11-30 11:30:59',10128),(476,7,101,'searchui','2015-11-30 11:36:56',10131),(477,7,101,'searchui','2015-11-30 11:38:42',10134),(478,7,101,'searchui','2015-11-30 11:43:16',10137),(479,7,101,'searchui','2015-11-30 11:47:19',10140),(480,7,101,'searchui','2015-11-30 11:47:29',10143),(481,7,101,'searchui','2015-11-30 11:49:34',10148),(482,7,101,'searchui','2015-11-30 11:50:14',10153),(483,7,101,'searchui','2015-11-30 12:01:30',10170),(484,7,101,'searchui','2015-11-30 12:46:01',10219),(485,7,101,'searchui','2015-11-30 12:50:18',10222),(486,7,101,'searchui','2015-11-30 12:50:44',10225),(487,7,101,'searchui','2015-11-30 12:54:03',10234),(488,7,101,'searchui','2015-11-30 12:54:12',10237),(489,7,101,'searchui','2015-11-30 12:55:00',10242),(490,7,101,'searchui','2015-11-30 12:55:12',10245),(491,7,101,'searchui','2015-11-30 12:55:21',10248),(492,7,101,'searchui','2015-11-30 12:56:03',10251),(493,7,101,'searchui','2015-11-30 13:02:38',10268),(494,7,101,'searchui','2015-11-30 13:02:44',10271),(495,7,101,'searchui','2015-11-30 13:02:49',10274),(496,7,101,'searchui','2015-11-30 13:02:52',10277),(497,7,101,'searchui','2015-11-30 13:02:58',10280),(498,7,101,'searchui','2015-11-30 13:03:05',10283),(499,7,101,'searchui','2015-11-30 13:04:36',10292),(500,7,101,'searchui','2015-11-30 13:05:28',10299),(501,7,101,'searchui','2015-11-30 13:05:38',10302),(502,7,101,'searchui','2015-11-30 13:06:33',10313),(503,7,101,'searchui','2015-11-30 13:07:06',10318),(504,7,101,'searchui','2015-11-30 13:07:17',10321),(505,7,101,'searchui','2015-11-30 13:09:41',10328),(506,7,101,'searchui','2015-11-30 13:09:54',10331),(507,7,101,'searchui','2015-11-30 13:11:09',10342),(508,7,101,'searchui','2015-11-30 13:14:47',10355),(509,7,101,'searchui','2015-11-30 13:15:31',10360),(510,7,101,'searchui','2015-11-30 13:18:16',10371),(511,7,101,'searchui','2015-11-30 13:18:44',10378),(512,7,101,'searchui','2015-12-01 04:37:35',10389),(513,7,101,'searchui','2015-12-01 04:39:04',10394),(514,7,101,'searchui','2015-12-01 04:39:12',10397),(515,7,101,'searchui','2015-12-01 04:39:41',10400),(516,7,101,'searchui','2015-12-01 04:48:22',10403),(517,7,101,'searchui','2015-12-01 04:48:23',10404),(518,7,101,'searchui','2015-12-01 04:48:25',10405),(519,7,101,'searchui','2015-12-01 04:48:28',10406),(520,7,101,'searchui','2015-12-01 04:48:31',10409),(521,7,101,'searchui','2015-12-01 04:48:33',10412),(522,7,101,'searchui','2015-12-01 04:48:35',10415),(523,7,101,'searchui','2015-12-01 04:48:36',10418),(524,7,101,'searchui','2015-12-01 04:48:38',10421),(525,7,101,'searchui','2015-12-01 04:48:40',10424),(526,7,101,'searchui','2015-12-01 04:48:41',10427),(527,7,101,'searchui','2015-12-01 04:48:43',10430),(528,7,101,'searchui','2015-12-01 04:48:45',10433),(529,7,101,'searchui','2015-12-01 04:48:47',10436),(530,7,101,'searchui','2015-12-01 04:48:49',10439),(531,7,101,'searchui','2015-12-01 09:41:28',10470),(532,7,101,'searchui','2015-12-01 11:51:26',10567),(533,7,101,'searchui','2015-12-01 11:51:27',10568),(534,7,101,'searchui','2015-12-01 11:51:28',10569),(535,7,101,'searchui','2015-12-01 11:51:30',10570),(536,7,101,'searchui','2015-12-01 11:51:33',10583),(537,7,101,'searchui','2015-12-01 11:51:45',10588),(538,7,101,'searchui','2015-12-01 11:52:14',10611),(539,7,101,'searchui','2015-12-01 11:52:54',10642),(540,7,101,'searchui','2015-12-01 11:53:02',10651),(541,7,101,'searchui','2015-12-01 11:53:16',10660),(542,7,101,'searchui','2015-12-01 11:53:17',10661),(543,7,101,'searchui','2015-12-01 12:19:10',10708),(544,7,101,'searchui','2015-12-01 12:19:22',10715),(545,7,101,'searchui','2015-12-01 12:19:39',10718),(546,7,101,'searchui','2015-12-01 12:19:56',10721),(547,7,101,'searchui','2015-12-01 12:26:30',10734),(548,7,101,'searchui','2015-12-01 12:26:57',10739),(549,7,101,'searchui','2015-12-01 12:27:25',10748),(550,7,101,'searchui','2015-12-01 12:48:01',10769),(551,7,101,'searchui','2015-12-01 12:50:38',10794),(552,7,101,'searchui','2015-12-01 12:51:01',10807),(553,7,101,'searchui','2015-12-01 12:57:35',10816),(554,7,101,'searchui','2015-12-01 13:14:42',10901),(555,7,101,'searchui','2015-12-02 05:20:43',10926),(556,7,101,'searchui','2015-12-02 05:20:45',10931),(557,7,101,'searchui','2015-12-02 05:20:51',10940),(558,7,101,'searchui','2015-12-02 05:20:56',10943),(559,7,101,'searchui','2015-12-02 05:21:29',10950),(560,7,101,'searchui','2015-12-02 05:21:39',10953),(561,7,101,'searchui','2015-12-02 05:22:13',10964),(562,7,101,'searchui','2015-12-02 05:22:55',10969),(563,7,101,'searchui','2015-12-02 05:23:35',10974),(564,7,101,'searchui','2015-12-02 05:27:40',10983),(565,7,101,'searchui','2015-12-02 06:40:16',11066),(566,7,101,'searchui','2015-12-02 06:41:10',11117),(567,7,101,'searchui','2015-12-02 06:42:24',11166),(568,7,101,'searchui','2015-12-02 06:43:32',11187),(569,7,101,'searchui','2015-12-02 06:44:09',11208),(570,7,101,'searchui','2015-12-02 06:44:35',11213),(571,7,101,'searchui','2015-12-02 06:45:00',11222),(572,7,101,'searchui','2015-12-02 06:45:42',11251),(573,7,101,'searchui','2015-12-02 06:46:22',11260),(574,7,101,'searchui','2015-12-02 07:08:57',11299),(575,7,101,'searchui','2015-12-02 07:49:51',11328),(576,7,101,'searchui','2015-12-02 09:59:22',11563),(577,7,101,'searchui','2015-12-02 09:59:25',11578),(578,7,101,'searchui','2015-12-02 09:59:31',11593),(579,7,101,'searchui','2015-12-02 09:59:32',11606),(580,7,101,'searchui','2015-12-02 09:59:34',11619),(581,7,101,'searchui','2015-12-02 09:59:53',11622),(582,7,101,'searchui','2015-12-02 10:00:18',11629),(583,7,101,'searchui','2015-12-02 10:00:28',11632),(584,7,101,'searchui','2015-12-02 10:01:24',11651),(585,7,101,'searchui','2015-12-02 10:20:12',11664),(586,7,101,'searchui','2015-12-02 10:20:53',11673),(587,7,101,'searchui','2015-12-02 10:22:37',11702),(588,7,101,'searchui','2015-12-02 10:23:11',11711),(589,7,101,'searchui','2015-12-02 10:23:57',11740),(590,7,101,'searchui','2015-12-02 10:24:16',11743),(591,7,101,'searchui','2015-12-02 10:24:28',11746),(592,7,101,'searchui','2015-12-02 10:26:49',11753),(593,7,101,'searchui','2015-12-02 10:30:18',11768),(594,7,101,'searchui','2015-12-02 10:30:47',11771),(595,7,101,'searchui','2015-12-02 10:33:04',11782),(596,7,101,'searchui','2015-12-02 10:33:33',11785),(597,7,101,'searchui','2015-12-02 10:33:59',11792),(598,7,101,'searchui','2015-12-02 10:34:28',11795),(599,7,101,'searchui','2015-12-02 11:25:39',11818),(600,7,101,'searchui','2015-12-02 11:26:00',11831),(601,7,101,'searchui','2015-12-02 11:26:14',11836),(602,7,101,'searchui','2015-12-02 11:26:27',11845),(603,7,101,'searchui','2015-12-02 11:28:19',11848),(604,7,101,'searchui','2015-12-02 11:29:04',11871),(605,7,101,'searchui','2015-12-02 11:29:28',11888),(606,7,101,'searchui','2015-12-02 11:29:46',11893),(607,7,101,'searchui','2015-12-02 11:30:05',11902),(608,7,101,'searchui','2015-12-02 11:30:31',11907),(609,7,101,'searchui','2015-12-02 11:30:58',11924),(610,7,101,'searchui','2015-12-02 11:31:12',11933),(611,7,101,'searchui','2015-12-02 11:31:40',11942),(612,7,101,'searchui','2015-12-02 11:32:10',11955),(613,7,101,'searchui','2015-12-02 11:32:34',11964),(614,7,101,'searchui','2015-12-02 11:32:47',11969),(615,7,101,'searchui','2015-12-02 11:33:05',11978),(616,7,101,'searchui','2015-12-02 12:55:42',12014),(617,7,101,'searchui','2015-12-03 04:45:33',12035),(618,7,101,'searchui','2015-12-03 04:45:55',12052),(619,7,101,'searchui','2015-12-03 04:46:43',12069),(620,7,101,'searchui','2015-12-03 04:47:17',12078),(621,7,101,'searchui','2015-12-03 05:56:38',12103),(622,7,101,'searchui','2015-12-03 06:01:13',12126),(623,7,101,'searchui','2015-12-03 06:02:03',12131),(624,7,101,'searchui','2015-12-03 06:02:17',12140),(625,7,101,'searchui','2015-12-03 06:07:02',12231),(626,7,101,'searchui','2015-12-03 06:07:21',12234),(627,7,101,'searchui','2015-12-03 06:12:37',12277),(628,7,101,'searchui','2015-12-03 06:12:45',12286),(629,7,101,'searchui','2015-12-03 06:13:08',12307),(630,7,101,'searchui','2015-12-03 06:42:38',12336),(631,7,101,'searchui','2015-12-03 06:42:49',12367),(632,7,101,'searchui','2015-12-03 06:43:24',12370),(633,7,101,'searchui','2015-12-03 06:43:52',12377),(634,7,101,'searchui','2015-12-03 06:55:43',12384),(635,7,101,'searchui','2015-12-03 06:55:56',12391),(636,7,101,'searchui','2015-12-03 06:56:10',12398),(637,7,101,'searchui','2015-12-03 06:56:53',12405),(638,7,101,'searchui','2015-12-03 07:46:40',12426),(639,7,101,'searchui','2015-12-03 07:47:13',12433),(640,7,101,'searchui','2015-12-03 08:05:13',12440),(641,7,101,'searchui','2015-12-03 08:47:24',12447),(642,7,101,'searchui','2015-12-03 08:49:50',12458),(643,7,101,'searchui','2015-12-03 08:50:34',12461),(644,7,101,'searchui','2015-12-03 08:53:18',12500),(645,7,101,'searchui','2015-12-03 08:53:41',12509),(646,7,101,'searchui','2015-12-03 09:00:05',12538),(647,7,101,'searchui','2015-12-03 09:06:40',12563),(648,7,101,'searchui','2015-12-03 10:10:04',12576),(649,7,101,'searchui','2015-12-03 10:48:28',12595),(650,7,101,'searchui','2015-12-03 10:49:41',12602),(651,7,101,'searchui','2015-12-03 10:50:18',12605),(652,7,101,'searchui','2015-12-03 10:51:02',12608),(653,7,101,'searchui','2015-12-03 10:51:54',12611),(654,7,101,'searchui','2015-12-03 11:02:02',12618),(655,7,101,'searchui','2015-12-03 11:02:28',12621),(656,7,101,'searchui','2015-12-03 11:08:28',12632),(657,7,101,'searchui','2015-12-03 12:43:11',12655),(658,7,101,'searchui','2015-12-03 12:43:34',12662),(659,7,101,'searchui','2015-12-03 12:43:38',12665),(660,7,101,'searchui','2015-12-03 12:46:11',12668),(661,7,101,'searchui','2015-12-03 12:48:18',12683),(662,7,101,'searchui','2015-12-03 12:54:20',12694),(663,7,101,'searchui','2015-12-03 13:19:15',12701),(664,7,101,'searchui','2015-12-04 04:33:07',12810),(665,7,101,'searchui','2015-12-04 05:58:11',12813),(666,7,101,'searchui','2015-12-04 07:42:31',12836),(667,7,101,'searchui','2015-12-04 07:42:46',12839),(668,7,101,'searchui','2015-12-04 07:42:59',12842),(669,7,101,'searchui','2015-12-04 07:44:36',12845),(670,7,101,'searchui','2015-12-04 07:44:57',12848),(671,7,101,'searchui','2015-12-04 07:45:18',12851),(672,7,101,'searchui','2015-12-04 07:45:29',12854),(673,7,101,'searchui','2015-12-04 07:45:38',12857),(674,7,101,'searchui','2015-12-04 07:46:11',12860),(675,7,101,'searchui','2015-12-04 07:49:11',12863),(676,7,101,'searchui','2015-12-04 07:49:12',12866),(677,7,101,'searchui','2015-12-04 07:49:25',12869),(678,7,101,'searchui','2015-12-04 08:04:00',12890),(679,7,101,'searchui','2015-12-04 08:04:10',12893),(680,7,101,'searchui','2015-12-04 08:04:25',12896),(681,7,101,'searchui','2015-12-04 08:04:50',12899),(682,7,101,'searchui','2015-12-04 08:18:28',12916),(683,7,101,'searchui','2015-12-04 08:18:49',12919),(684,7,101,'searchui','2015-12-04 08:19:15',12926),(685,7,101,'searchui','2015-12-04 08:51:37',12937),(686,7,101,'searchui','2015-12-04 08:54:01',12944),(687,7,101,'searchui','2015-12-04 08:54:17',12947),(688,7,101,'searchui','2015-12-04 08:55:18',12950),(689,7,101,'searchui','2015-12-04 08:55:45',12953),(690,7,101,'searchui','2015-12-04 08:55:51',12956),(691,7,101,'searchui','2015-12-04 08:57:32',12959),(692,7,101,'searchui','2015-12-04 08:57:32',12962),(693,7,101,'searchui','2015-12-04 08:57:34',12965),(694,7,101,'searchui','2015-12-04 08:58:02',12968),(695,7,101,'searchui','2015-12-04 09:22:52',12979),(696,7,101,'searchui','2015-12-04 09:23:49',12982),(697,7,101,'searchui','2015-12-04 09:28:01',12989),(698,7,101,'searchui','2015-12-04 09:28:17',12992),(699,7,101,'searchui','2015-12-04 09:28:20',12995),(700,7,101,'searchui','2015-12-04 09:28:26',12998),(701,7,101,'searchui','2015-12-04 09:35:16',13009),(702,7,101,'searchui','2015-12-04 09:37:16',13012),(703,7,101,'searchui','2015-12-04 09:37:20',13015),(704,7,101,'searchui','2015-12-04 09:49:09',13018),(705,7,101,'searchui','2015-12-04 10:21:22',13021),(706,7,101,'searchui','2015-12-04 12:03:22',13036),(707,7,101,'searchui','2015-12-07 05:28:19',13047),(708,7,101,'searchui','2015-12-07 05:28:38',13050),(709,7,101,'searchui','2015-12-07 05:30:06',13059),(710,7,101,'searchui','2015-12-07 05:31:26',13070),(711,7,101,'searchui','2015-12-07 05:31:38',13073),(712,7,101,'searchui','2015-12-07 05:36:57',13076),(713,7,101,'searchui','2015-12-07 05:37:27',13079),(714,7,101,'searchui','2015-12-07 06:02:37',13090),(715,7,101,'searchui','2015-12-07 06:46:30',13099),(716,7,101,'searchui','2015-12-07 06:47:36',13106),(717,7,101,'searchui','2015-12-07 07:48:25',13127),(718,7,101,'searchui','2015-12-07 07:48:44',13130),(719,7,101,'searchui','2015-12-07 07:49:05',13133),(720,7,101,'searchui','2015-12-07 10:43:15',13140),(721,7,101,'searchui','2015-12-07 10:48:39',13147),(722,7,101,'searchui','2015-12-07 11:31:47',13182),(723,7,101,'searchui','2015-12-09 06:47:35',13431),(724,7,101,'searchui','2015-12-09 07:25:20',13438),(725,7,101,'searchui','2015-12-09 07:57:19',13445),(726,7,101,'searchui','2015-12-09 09:48:35',13456),(727,7,101,'searchui','2015-12-09 10:17:31',13469),(728,7,101,'searchui','2015-12-09 10:27:10',13484),(729,7,101,'searchui','2015-12-09 11:37:46',13513),(730,7,101,'searchui','2015-12-09 11:37:55',13516),(731,7,101,'searchui','2015-12-09 11:38:06',13519),(732,7,101,'searchui','2015-12-09 11:38:27',13528),(733,7,101,'searchui','2015-12-09 11:42:50',13539),(734,7,101,'searchui','2015-12-09 11:43:15',13546),(735,7,101,'searchui','2015-12-09 11:43:41',13549),(736,7,101,'searchui','2015-12-09 11:44:04',13552),(737,7,101,'searchui','2015-12-09 11:44:27',13557),(738,7,101,'searchui','2015-12-09 11:54:03',13564),(739,7,101,'searchui','2015-12-09 11:55:08',13571),(740,7,101,'searchui','2015-12-09 11:56:22',13576),(741,7,101,'searchui','2015-12-09 11:58:21',13587),(742,7,101,'searchui','2015-12-09 11:59:01',13590),(743,7,101,'searchui','2015-12-09 11:59:06',13593),(744,7,101,'searchui','2015-12-09 12:10:36',13610),(745,7,101,'searchui','2015-12-09 12:11:16',13613),(746,7,101,'searchui','2015-12-09 12:11:27',13616),(747,7,101,'searchui','2015-12-09 12:11:37',13619),(748,7,101,'searchui','2015-12-09 12:11:41',13622),(749,7,101,'searchui','2015-12-09 12:11:45',13625),(750,7,101,'searchui','2015-12-09 12:12:01',13628),(751,7,101,'searchui','2015-12-09 12:12:08',13631),(752,7,101,'searchui','2015-12-09 12:12:12',13634),(753,7,101,'searchui','2015-12-09 12:12:39',13637),(754,7,101,'searchui','2015-12-09 12:13:03',13640),(755,7,101,'searchui','2015-12-09 12:13:21',13643),(756,7,101,'searchui','2015-12-09 12:13:25',13646),(757,7,101,'searchui','2015-12-09 12:13:37',13649),(758,7,101,'searchui','2015-12-09 12:13:46',13654),(759,7,101,'searchui','2015-12-09 12:14:33',13657),(760,7,101,'searchui','2015-12-09 12:16:11',13662),(761,7,101,'searchui','2015-12-09 12:17:54',13665),(762,7,101,'searchui','2015-12-09 12:18:54',13670),(763,7,101,'searchui','2015-12-09 12:19:11',13673),(764,7,101,'searchui','2015-12-09 12:22:09',13678),(765,7,101,'searchui','2015-12-09 12:22:30',13681),(766,7,101,'searchui','2015-12-09 12:22:46',13684),(767,7,101,'searchui','2015-12-09 12:23:43',13687),(768,7,101,'searchui','2015-12-09 12:24:06',13692),(769,7,101,'searchui','2015-12-09 12:24:21',13695),(770,7,101,'searchui','2015-12-09 12:33:10',13702),(771,7,101,'searchui','2015-12-09 12:33:43',13705),(772,7,101,'searchui','2015-12-09 12:33:57',13708),(773,7,101,'searchui','2015-12-09 12:34:15',13711),(774,7,101,'searchui','2015-12-09 12:34:22',13714),(775,7,101,'searchui','2015-12-09 12:36:38',13719),(776,7,101,'searchui','2015-12-09 12:36:46',13722),(777,7,101,'searchui','2015-12-09 12:36:49',13725),(778,7,101,'searchui','2015-12-09 12:37:08',13728),(779,7,101,'searchui','2015-12-09 12:37:16',13731),(780,7,101,'searchui','2015-12-09 12:37:25',13734),(781,7,101,'searchui','2015-12-09 12:49:08',13747),(782,7,101,'searchui','2015-12-09 12:49:14',13750),(783,7,101,'searchui','2015-12-09 12:49:18',13753),(784,7,101,'searchui','2015-12-09 12:49:22',13756),(785,7,101,'searchui','2015-12-09 12:49:29',13759),(786,7,101,'searchui','2015-12-09 12:49:54',13762),(787,7,101,'searchui','2015-12-09 12:49:57',13765),(788,7,101,'searchui','2015-12-09 12:50:25',13770),(789,7,101,'searchui','2015-12-09 12:51:09',13777),(790,7,101,'searchui','2015-12-09 12:51:15',13780),(791,7,101,'searchui','2015-12-09 12:51:18',13783),(792,7,101,'searchui','2015-12-09 12:51:46',13788),(793,7,101,'searchui','2015-12-09 12:51:53',13791),(794,7,101,'searchui','2015-12-09 12:51:55',13794),(795,7,101,'searchui','2015-12-09 12:51:59',13797),(796,7,101,'searchui','2015-12-09 12:52:04',13800),(797,7,101,'searchui','2015-12-09 12:52:08',13803),(798,7,101,'searchui','2015-12-09 12:53:18',13806),(799,7,101,'searchui','2015-12-09 12:53:29',13809),(800,7,101,'searchui','2015-12-09 12:53:47',13812),(801,7,101,'searchui','2015-12-09 12:54:06',13815),(802,7,101,'searchui','2015-12-09 12:54:18',13818),(803,7,101,'searchui','2015-12-09 12:54:44',13821),(804,7,101,'searchui','2015-12-09 12:55:00',13824),(805,7,101,'searchui','2015-12-09 12:55:34',13827),(806,7,101,'searchui','2015-12-09 12:55:53',13830),(807,7,101,'searchui','2015-12-09 12:56:09',13833),(808,7,101,'searchui','2015-12-09 12:56:12',13836),(809,7,101,'searchui','2015-12-09 12:58:00',13839),(810,7,101,'searchui','2015-12-09 12:58:56',13842),(811,7,101,'searchui','2015-12-09 12:59:06',13845),(812,7,101,'searchui','2015-12-09 13:20:20',13852),(813,7,101,'searchui','2015-12-09 13:24:27',13859),(814,7,101,'searchui','2015-12-09 13:24:56',13862),(815,7,101,'searchui','2015-12-09 13:29:03',13869),(816,7,101,'searchui','2015-12-09 13:29:11',13872),(817,7,101,'searchui','2015-12-09 13:29:17',13875),(818,7,101,'searchui','2015-12-09 13:29:22',13878),(819,7,101,'searchui','2015-12-09 13:29:28',13881),(820,7,101,'searchui','2015-12-09 13:29:35',13884),(821,7,101,'searchui','2015-12-09 13:29:40',13887),(822,7,101,'searchui','2015-12-09 13:29:51',13890),(823,7,101,'searchui','2015-12-09 13:29:57',13893),(824,7,101,'searchui','2015-12-10 05:28:14',13908),(825,7,101,'searchui','2015-12-10 05:28:27',13911),(826,7,101,'searchui','2015-12-10 05:28:41',13914),(827,7,101,'searchui','2015-12-10 05:28:48',13917),(828,7,101,'searchui','2015-12-10 05:28:54',13920),(829,7,101,'searchui','2015-12-10 05:30:05',13923),(830,7,101,'searchui','2015-12-10 05:30:21',13926),(831,7,101,'searchui','2015-12-10 05:30:35',13929),(832,7,101,'searchui','2015-12-10 05:30:44',13932),(833,7,101,'searchui','2015-12-10 05:31:04',13935),(834,7,101,'searchui','2015-12-10 05:36:29',13938),(835,7,101,'searchui','2015-12-10 05:38:57',13941),(836,7,101,'searchui','2015-12-10 05:39:11',13944),(837,7,101,'searchui','2015-12-10 05:39:14',13947),(838,7,101,'searchui','2015-12-10 05:39:23',13950),(839,7,101,'searchui','2015-12-10 05:39:27',13953),(840,7,101,'searchui','2015-12-10 05:39:31',13956),(841,7,101,'searchui','2015-12-10 05:39:36',13959),(842,7,101,'searchui','2015-12-10 05:39:38',13962),(843,7,101,'searchui','2015-12-10 05:39:39',13965),(844,7,101,'searchui','2015-12-10 05:39:42',13968),(845,7,101,'searchui','2015-12-10 05:39:55',13971),(846,7,101,'searchui','2015-12-10 06:37:51',13982),(847,7,101,'searchui','2015-12-10 07:27:10',14003),(848,7,101,'searchui','2015-12-10 07:29:04',14006),(849,7,101,'searchui','2015-12-10 07:49:13',14025),(850,7,101,'searchui','2015-12-10 07:51:27',14032),(851,7,101,'searchui','2015-12-10 07:52:43',14039),(852,7,101,'searchui','2015-12-10 08:28:59',14042),(853,7,101,'searchui','2015-12-10 08:30:53',14049),(854,7,101,'searchui','2015-12-10 09:29:35',14068),(855,7,101,'searchui','2015-12-10 09:29:50',14071),(856,7,101,'searchui','2015-12-10 09:30:43',14074),(857,7,101,'searchui','2015-12-10 09:37:48',14087),(858,7,101,'searchui','2015-12-10 10:36:08',14644),(859,7,101,'searchui','2015-12-10 10:36:14',14669),(860,7,101,'searchui','2015-12-10 10:36:34',14710),(861,7,101,'searchui','2015-12-10 10:37:40',14791),(862,7,101,'searchui','2015-12-10 10:38:15',14804),(863,7,101,'searchui','2015-12-10 10:43:18',14893),(864,7,101,'searchui','2015-12-10 10:43:31',14906),(865,7,101,'searchui','2015-12-10 11:14:39',15075),(866,7,101,'searchui','2015-12-10 11:17:23',15220),(867,7,101,'searchui','2015-12-10 11:24:06',15255),(868,7,101,'searchui','2015-12-10 11:24:54',15324),(869,7,101,'searchui','2015-12-10 11:24:56',15331),(870,7,101,'searchui','2015-12-10 11:24:59',15338),(871,7,101,'searchui','2015-12-10 11:25:01',15345),(872,7,101,'searchui','2015-12-10 12:15:41',15522),(873,7,101,'searchui','2015-12-10 12:15:47',15527),(874,7,101,'searchui','2015-12-10 13:00:47',15670),(875,7,101,'searchui','2015-12-10 13:02:05',15675),(876,7,101,'searchui','2015-12-10 13:02:19',15680),(877,7,101,'searchui','2015-12-10 13:02:56',15693),(878,7,101,'searchui','2015-12-10 13:09:18',15706),(879,7,101,'searchui','2015-12-10 13:11:09',15711),(880,7,101,'searchui','2015-12-10 13:13:44',15732),(881,7,101,'searchui','2015-12-10 13:16:52',15745),(882,7,101,'searchui','2015-12-10 13:16:59',15750),(883,7,101,'searchui','2015-12-10 13:17:50',15763),(884,7,101,'searchui','2015-12-10 13:18:21',15768),(885,7,101,'searchui','2015-12-10 13:18:25',15773),(886,7,101,'searchui','2015-12-10 13:18:36',15778),(887,7,101,'searchui','2015-12-11 10:28:13',15947),(888,7,101,'searchui','2015-12-11 11:17:33',15968);
/*!40000 ALTER TABLE `savedsearch_searchhistory` ENABLE KEYS */;
UNLOCK TABLES;

--
-- Table structure for table `savedsearch_trenddata`
--

DROP TABLE IF EXISTS `savedsearch_trenddata`;
/*!40101 SET @saved_cs_client     = @@character_set_client */;
/*!40101 SET character_set_client = utf8 */;
CREATE TABLE `savedsearch_trenddata` (
  `id` int(11) NOT NULL AUTO_INCREMENT,
  `charttype` longtext NOT NULL,
  `statistic` longtext NOT NULL,
  `groupby` longtext NOT NULL,
  `name` longtext NOT NULL,
  `data_type` longtext NOT NULL,
  `numeric` longtext NOT NULL,
  `bucketby` longtext NOT NULL,
  `baseColor` longtext NOT NULL,
  `percentile` longtext NOT NULL,
  PRIMARY KEY (`id`)
) ENGINE=InnoDB DEFAULT CHARSET=latin1;
/*!40101 SET character_set_client = @saved_cs_client */;

--
-- Dumping data for table `savedsearch_trenddata`
--

LOCK TABLES `savedsearch_trenddata` WRITE;
/*!40000 ALTER TABLE `savedsearch_trenddata` DISABLE KEYS */;
/*!40000 ALTER TABLE `savedsearch_trenddata` ENABLE KEYS */;
UNLOCK TABLES;

--
-- Table structure for table `source_setupflow`
--

DROP TABLE IF EXISTS `source_setupflow`;
/*!40101 SET @saved_cs_client     = @@character_set_client */;
/*!40101 SET character_set_client = utf8 */;
CREATE TABLE `source_setupflow` (
  `id` int(11) NOT NULL AUTO_INCREMENT,
  `flow_type` varchar(200) DEFAULT NULL,
  `step` int(11) NOT NULL,
  `user_id` int(11) NOT NULL,
  PRIMARY KEY (`id`),
  KEY `source_setupflow_fbfc09f1` (`user_id`),
  CONSTRAINT `user_id_refs_id_1c8ff3da43509747` FOREIGN KEY (`user_id`) REFERENCES `auth_user` (`id`)
) ENGINE=InnoDB DEFAULT CHARSET=latin1;
/*!40101 SET character_set_client = @saved_cs_client */;

--
-- Dumping data for table `source_setupflow`
--

LOCK TABLES `source_setupflow` WRITE;
/*!40000 ALTER TABLE `source_setupflow` DISABLE KEYS */;
/*!40000 ALTER TABLE `source_setupflow` ENABLE KEYS */;
UNLOCK TABLES;

--
-- Table structure for table `source_sourcegroup`
--

DROP TABLE IF EXISTS `source_sourcegroup`;
/*!40101 SET @saved_cs_client     = @@character_set_client */;
/*!40101 SET character_set_client = utf8 */;
CREATE TABLE `source_sourcegroup` (
  `id` int(11) NOT NULL AUTO_INCREMENT,
  `customer_id` int(11) NOT NULL,
  `owner_id` int(11) NOT NULL,
  `name` varchar(200) NOT NULL,
  `description` varchar(1000) NOT NULL,
  `field_filter_group_id` int(11) NOT NULL,
  `created` datetime,
  PRIMARY KEY (`id`),
  UNIQUE KEY `source_sourcegroup_customer_id_6d1bb2c45bef93d0_uniq` (`customer_id`,`name`),
  KEY `source_sourcegroup_edc991fc` (`customer_id`),
  KEY `source_sourcegroup_5d52dd10` (`owner_id`),
  KEY `source_sourcegroup_7ee1101` (`field_filter_group_id`),
  CONSTRAINT `customer_id_refs_id_5974afd5bf6f2281` FOREIGN KEY (`customer_id`) REFERENCES `customer_customer` (`id`),
  CONSTRAINT `field_filter_group_id_refs_id_7ff7a0233dd6531b` FOREIGN KEY (`field_filter_group_id`) REFERENCES `fieldfilter_fieldfiltergroup` (`id`),
  CONSTRAINT `owner_id_refs_id_5f4a9d83c510f5b` FOREIGN KEY (`owner_id`) REFERENCES `profile_profile` (`id`)
) ENGINE=InnoDB AUTO_INCREMENT=2 DEFAULT CHARSET=latin1;
/*!40101 SET character_set_client = @saved_cs_client */;

--
-- Dumping data for table `source_sourcegroup`
--

LOCK TABLES `source_sourcegroup` WRITE;
/*!40000 ALTER TABLE `source_sourcegroup` DISABLE KEYS */;
INSERT INTO `source_sourcegroup` VALUES (1,101,7,'custom-source','test source group',1,'2015-08-06 14:53:06');
/*!40000 ALTER TABLE `source_sourcegroup` ENABLE KEYS */;
UNLOCK TABLES;

--
-- Table structure for table `south_migrationhistory`
--

DROP TABLE IF EXISTS `south_migrationhistory`;
/*!40101 SET @saved_cs_client     = @@character_set_client */;
/*!40101 SET character_set_client = utf8 */;
CREATE TABLE `south_migrationhistory` (
  `id` int(11) NOT NULL AUTO_INCREMENT,
  `app_name` varchar(255) NOT NULL,
  `migration` varchar(255) NOT NULL,
  `applied` datetime NOT NULL,
  PRIMARY KEY (`id`)
) ENGINE=InnoDB AUTO_INCREMENT=163 DEFAULT CHARSET=latin1;
/*!40101 SET character_set_client = @saved_cs_client */;

--
-- Dumping data for table `south_migrationhistory`
--

LOCK TABLES `south_migrationhistory` WRITE;
/*!40000 ALTER TABLE `south_migrationhistory` DISABLE KEYS */;
INSERT INTO `south_migrationhistory` VALUES (1,'customer','0001_initial','2015-05-15 18:32:23'),(2,'customer','0002_auto__add_field_subscription_comment__add_field_customer__subscription','2015-05-15 18:32:23'),(3,'customer','0003_set_subscription','2015-05-15 18:32:23'),(4,'customer','0004_auto__del_field_subscription_archive_retention_days_max__del_field_sub','2015-05-15 18:32:23'),(5,'customer','0005_auto__del_field_customer__subscription__add_field_customer_subscriptio','2015-05-15 18:32:23'),(6,'customer','0006_auto__add_field_customer_audit_input','2015-05-15 18:32:23'),(7,'customer','0007_auto__del_field_customer_fetal','2015-05-15 18:32:24'),(8,'customer','0008_auto__add_field_customer_sent_data','2015-05-15 18:32:24'),(9,'customer','0009_auto__add_field_customer_affiliate_code','2015-05-15 18:32:24'),(10,'customer','0010_auto__chg_field_customer_subscription','2015-05-15 18:32:24'),(11,'customer','0011_auto__add_field_customer_bucket_format','2015-05-15 18:32:24'),(12,'customer','0012_auto__add_provisioner','2015-05-15 18:32:24'),(13,'customer','0013_auto__add_field_provisioner_affiliate_code','2015-05-15 18:32:24'),(14,'customer','0014_auto__add_field_customer_provisioner','2015-05-15 18:32:24'),(15,'customer','0015_auto__del_field_customer_affiliate_code','2015-05-15 18:32:24'),(16,'customer','0016_auto__add_field_provisioner_does_billing','2015-05-15 18:32:24'),(17,'customer','0017_auto__add_field_provisioner_inputs','2015-05-15 18:32:24'),(18,'customer','0018_auto__add_field_provisioner_ip_whitelist','2015-05-15 18:32:24'),(19,'customer','0019_auto__del_field_customer_affiliate_code','2015-05-15 18:32:25'),(20,'customer','0020_auto__add_provisioner__add_field_customer_provisioner','2015-05-15 18:32:25'),(21,'customer','0021_everyone_provisioned_by_loggly','2015-05-15 18:32:25'),(22,'customer','0022_auto__del_field_provisioner_does_billing__add_field_provisioner_extern','2015-05-15 18:32:25'),(23,'customer','0023_auto__chg_field_subscription_volume_mb__chg_field_subscription_retenti','2015-05-15 18:32:25'),(24,'customer','0024_auto__del_subscription__chg_field_customer_subscription','2015-05-15 18:32:25'),(25,'customer','0025_auto__del_customertier','2015-05-15 18:32:25'),(26,'customer','0026_auto__del_field_customer_beta_key','2015-05-15 18:32:25'),(27,'customer','0027_auto__add_provisionersetting__add_unique_provisionersetting_provisione','2015-05-15 18:32:25'),(28,'customer','0028_auto__add_field_customer_affiliate_code','2015-05-15 18:32:25'),(29,'customer','0029_auto__del_field_customer_audit_input','2015-05-15 18:32:25'),(30,'customer','0030_auto__del_field_customer_bucket_name__del_field_customer_bucket_format','2015-05-15 18:32:26'),(31,'customer','0031_auto__del_provisionersetting__del_unique_provisionersetting_provisione','2015-05-15 18:32:26'),(32,'customer','0032_auto__del_field_customer_subscription','2015-05-15 18:32:27'),(33,'customer','0033_auto__add_provisionersetting__add_unique_provisionersetting_provisione','2015-05-15 18:32:27'),(34,'alert','0001_initial','2015-05-15 18:32:31'),(35,'alert','0002_auto__add_field_alerttriggercondition_uuid','2015-05-15 18:32:31'),(36,'alert','0003_auto__add_unique_alerttriggercondition_uuid','2015-05-15 18:32:31'),(37,'alert','0004_auto__chg_field_alert_savedsearch','2015-05-15 18:32:32'),(38,'alert','0005_auto__add_field_alert_last_success__add_field_alert_last_fail__add_fie','2015-05-15 18:32:32'),(39,'alert','0006_auto__chg_field_alert_savedsearch__add_field_alerttriggercondition_win','2015-05-15 18:32:32'),(40,'alert','0007_auto__chg_field_alertendpoint_address','2015-05-15 18:32:33'),(41,'alert','0008_auto__add_field_alert_event_display','2015-05-15 18:32:33'),(42,'aws','0001_initial','2015-05-15 18:32:33'),(43,'aws','0002_auto__add_field_awsingestion_ingestion_prefix','2015-05-15 18:32:33'),(44,'aws','0003_auto__add_field_awsingestion_access_key_id__add_field_awsingestion_sec','2015-05-15 18:32:33'),(45,'billing','0001_initial','2015-05-15 18:32:33'),(46,'billing','0002_auto__add_braintreetransaction','2015-05-15 18:32:34'),(47,'billing','0003_auto__add_field_braintreetransaction_customer_first_name__add_field_br','2015-05-15 18:32:34'),(48,'billing','0004_auto__add_tier__add_tierflag__add_field_subscription_tier','2015-05-15 18:32:34'),(49,'billing','0005_auto__del_field_tierflag_tier','2015-05-15 18:32:34'),(50,'billing','0006_auto__add_field_subscription_pricing_schedule__add_field_subscription_','2015-05-15 18:32:34'),(51,'billing','0007_add_chopper_fields','2015-05-15 18:32:34'),(52,'billing','0008_auto__add_feature__add_unique_feature_subscription_name','2015-05-15 18:32:34'),(53,'billing','0009_auto__del_field_subscription_tier','2015-05-15 18:32:35'),(54,'billing','0010_auto__del_tier__del_tierflag__del_braintreetransaction','2015-05-15 18:32:35'),(55,'profile','0001_initial','2015-05-15 18:32:35'),(56,'profile','0002_everybody_to_loggly','2015-05-15 18:32:35'),(57,'profile','0003_archive_perm','2015-05-15 18:32:35'),(58,'profile','0004_multi_input_perm','2015-05-15 18:32:36'),(59,'profile','0005_profile_manage_perm','2015-05-15 18:32:36'),(60,'profile','0006_ensure_cts_and_perms','2015-05-15 18:32:37'),(61,'profile','0007_auto__del_field_profile_invites','2015-05-15 18:32:37'),(62,'profile','0008_auto__chg_field_profile_context','2015-05-15 18:32:38'),(63,'profile','0009_split_userpref_history','2015-05-15 18:32:38'),(64,'profile','0010_auto__add_field_profile_first_name__add_field_profile_last_name','2015-05-15 18:32:38'),(65,'profile','0011_auto__chg_field_profile_first_name__chg_field_profile_last_name','2015-05-15 18:32:38'),(66,'profile','0012_tab_grid_columns_list_of_strings_to_list_of_objects','2015-05-15 18:32:39'),(67,'profile','0013_auto__add_field_profile_allowed_source_groups','2015-05-15 18:32:39'),(68,'profile','0014_auto__del_field_profile_allowed_source_groups','2015-05-15 18:32:39'),(69,'profile','0015_add_logglystaff_group','2015-05-15 18:32:41'),(70,'savedsearch','0001_initial','2015-05-15 18:32:42'),(71,'savedsearch','0002_auto__del_unique_savedsearch_customer_name_created_by__add_unique_save','2015-05-15 18:32:43'),(72,'savedsearch','0003_auto__add_field_savedsearch_description','2015-05-15 18:32:43'),(73,'savedsearch','0004_auto__add_field_savedsearch_terms__add_field_savedsearch_inputs__add_f','2015-05-15 18:32:44'),(74,'savedsearch','0005_auto__add_field_savedsearch_migrated','2015-05-15 18:32:44'),(75,'savedsearch','0006_auto__chg_field_savedsearch_inputs__chg_field_savedsearch_devices','2015-05-15 18:32:45'),(76,'savedsearch','0007_auto__chg_field_savedsearch_context','2015-05-15 18:32:45'),(77,'savedsearch','0008_nomorejson','2015-05-15 18:32:45'),(78,'savedsearch','0009_auto__add_field_savedsearch_filters','2015-05-15 18:32:45'),(79,'savedsearch','0010_auto__add_field_savedsearch_senders__add_field_savedsearch_receivers','2015-05-15 18:32:45'),(80,'savedsearch','0011_auto__del_field_savedsearch_receivers__del_field_savedsearch_senders','2015-05-15 18:32:45'),(81,'savedsearch','0012_auto__add_field_savedsearch_senders__add_field_savedsearch_receivers','2015-05-15 18:32:45'),(82,'savedsearch','0013_auto__del_field_savedsearch_receivers__del_field_savedsearch_senders','2015-05-15 18:32:45'),(83,'savedsearch','0014_auto__add_field_savedsearch_senders__add_field_savedsearch_receivers','2015-05-15 18:32:45'),(84,'savedsearch','0015_auto__add_field_savedsearch_quick_pick','2015-05-15 18:32:45'),(85,'savedsearch','0016_auto__add_field_savedsearch_is_pinned','2015-05-15 18:32:45'),(86,'savedsearch','0017_auto__add_trenddata__add_searchcontext__add_savedtrend__add_unique_sav','2015-05-15 18:32:46'),(87,'savedsearch','0018_auto__add_field_trenddata_data_type','2015-05-15 18:32:46'),(88,'savedsearch','0019_auto__chg_field_savedtrend__context__del_field_savedsearch_migrated__d','2015-05-15 18:32:46'),(89,'savedsearch','0020_auto__add_field_trenddata_numeric__add_field_trenddata_bucketby','2015-05-15 18:32:46'),(90,'savedsearch','0021_auto__del_field_trenddata_fields','2015-05-15 18:32:46'),(91,'savedsearch','0022_auto__add_field_savedtrend_graph_type','2015-05-15 18:32:46'),(92,'savedsearch','0023_auto__del_field_savedsearch_filters__add_field_savedsearch_source_grou','2015-05-15 18:32:46'),(93,'savedsearch','0024_auto__chg_field_savedsearch_source_group','2015-05-15 18:32:46'),(94,'savedsearch','0025_auto__del_field_savedsearch_rows__del_field_savedsearch_order__del_fie','2015-05-15 18:32:47'),(95,'savedsearch','0026_auto__add_field_searchcontext_field_filter_group','2015-05-15 18:32:47'),(96,'savedsearch','0027_auto__del_field_savedsearch__context__add_field_savedsearch_context__d','2015-05-15 18:33:16'),(97,'savedsearch','0028_update_defaults','2015-05-15 18:33:16'),(98,'savedsearch','0029_auto__add_field_savedtrend_created_at','2015-05-15 18:33:16'),(99,'savedsearch','0030_auto__add_field_trenddata_baseColor','2015-05-15 18:33:16'),(100,'savedsearch','0031_gaugevu2gauge','2015-05-15 18:33:16'),(101,'savedsearch','0032_timeseriessplit','2015-05-15 18:33:16'),(102,'savedsearch','0033_auto__add_field_savedsearch_is_customer_visible','2015-05-15 18:33:16'),(103,'savedsearch','0034_auto__add_field_searchcontext_source_group','2015-05-15 18:33:17'),(104,'savedsearch','0035_auto__add_field_savedsearch_tab','2015-05-15 18:33:17'),(105,'savedsearch','0036_auto__chg_field_savedsearch_tab','2015-05-15 18:33:18'),(106,'savedsearch','0037_auto__add_field_searchcontext_numeric_filter_group','2015-05-15 18:33:18'),(107,'loggly','0001_initial','2015-05-15 18:33:19'),(108,'loggly','0002_auto__add_runtimeflag','2015-05-15 18:33:19'),(109,'loggly','0003_auto__add_field_server_colo','2015-05-15 18:33:19'),(110,'loggly','0004_auto__del_betakey','2015-05-15 18:33:19'),(111,'loggly','0005_auto__del_field_server_colo','2015-05-15 18:33:19'),(112,'loggly','0006_auto__del_server','2015-05-15 18:33:19'),(113,'events','0001_initial','2015-05-15 18:33:20'),(114,'events','0002_auto__del_handsaw__del_handsawjob','2015-05-15 18:33:20'),(115,'tabmanager','0001_initial','2015-05-15 18:33:22'),(116,'tabmanager','0002_auto__add_field_gridcolumn_sort__add_field_gridcolumn_width','2015-05-15 18:33:22'),(117,'tabmanager','0003_auto__add_unique_tab_profile_uid','2015-05-15 18:33:22'),(118,'tabmanager','0004_auto__chg_field_tab_uid','2015-05-15 18:33:23'),(119,'tabmanager','0005_auto__add_unique_searchuistate_search_context_comparable__add_unique_s','2015-05-15 18:33:23'),(120,'tabmanager','0006_auto__add_field_searchuistate_surround_id__add_field_searchuistate_sur','2015-05-15 18:33:23'),(121,'tabmanager','0007_auto__chg_field_searchuistate_tab','2015-05-15 18:33:24'),(122,'tabmanager','0008_auto__add_field_searchuistate_saved_search_id','2015-05-15 18:33:25'),(123,'tabmanager','0009_auto__add_field_searchuistate_expanded_fields__add_field_searchuistate','2015-05-15 18:33:25'),(124,'tabmanager','0010_upgrade_new_grid','2015-05-15 18:33:26'),(125,'notifications','0001_initial','2015-05-15 18:33:27'),(126,'notifications','0002_auto__add_field_usernotification_expires__add_field_customernotificati','2015-05-15 18:33:27'),(127,'notifications','0003_auto__add_unique_customernotification_customer_msg_key','2015-05-15 18:33:27'),(128,'notifications','0004_auto__add_notificationdismissal','2015-05-15 18:33:28'),(129,'notifications','0005_auto__chg_field_notification_text','2015-05-15 18:33:28'),(130,'source','0001_initial','2015-05-15 18:33:28'),(131,'source','0002_auto__del_sourcehost__del_sourcelogtype__del_field_setupflow_receiver_','2015-05-15 18:33:28'),(132,'source','0003_created_now_if_exists','2015-05-15 18:33:28'),(133,'receiver','0001_initial','2015-05-15 18:33:28'),(134,'receiver','0002_auto__add_field_receiver_protocol__add_field_receiver_secure','2015-05-15 18:33:29'),(135,'receiver','0003_auto__add_field_receiver_visibility','2015-05-15 18:33:29'),(136,'fieldfilter','0001_initial','2015-05-15 18:33:29'),(137,'fieldfilter','0002_auto__add_fieldfiltervalue','2015-05-15 18:33:29'),(138,'fieldfilter','0003_auto__del_field_fieldfilter_value','2015-05-15 18:33:29'),(139,'fieldfilter','0004_syslog_field_renaming','2015-05-15 18:33:29'),(140,'fieldfilter','0005_auto__add_numericfiltervalue__add_field_fieldfilter_field_type','2015-05-15 18:33:29'),(141,'archive','0001_initial','2015-05-15 18:33:29'),(142,'parser','0001_initial','2015-05-15 18:33:30'),(143,'alert','0009_auto__add_field_alertendpoint_hipchat_room_id__add_field_alertendpoint','2015-05-21 18:15:41'),(144,'alert','0010_auto__chg_field_alertendpoint_hipchat_auth_token__chg_field_alertendpo','2015-05-21 18:15:41'),(145,'alert','0011_auto__add_field_alertendpoint_slack_channel_add_field_alertendpoint','2015-05-21 18:54:43'),(146,'alert','0012_auto__chg_field_alertendpoint_slack_auth_token__chg_field_alertendpoint','2015-05-21 18:54:43'),(149,'profile','0016_local_time_option','2015-07-22 15:35:34'),(150,'alert','0013_auto__add_field_alertendpoint_victorops_add_field_alertendpoint','2015-07-23 14:02:36'),(151,'alert','0014_auto__chg_field_alertendpoint_victorops__chg_field_alertendpoint','2015-07-23 14:02:37'),(152,'parser','0002_disable_cascading_on_metadata','2015-07-23 14:02:38'),(153,'parser','0003_disable_cascading_on_metadata_last_modified','2015-07-23 14:02:38'),(156,'profile','0017_timezone_default','2015-08-18 04:34:09'),(159,'savedsearch','0038_add_percentiles_to_trenddata','2015-09-08 09:00:55'),(161,'savedsearch','0039_auto_add_searchhistory','2015-09-14 11:38:29'),(162,'profile','0018_auto__add_field_profile_previous_url_path','2015-11-27 08:12:11');
/*!40000 ALTER TABLE `south_migrationhistory` ENABLE KEYS */;
UNLOCK TABLES;

--
-- Table structure for table `tabmanager_dashboarduistate`
--

DROP TABLE IF EXISTS `tabmanager_dashboarduistate`;
/*!40101 SET @saved_cs_client     = @@character_set_client */;
/*!40101 SET character_set_client = utf8 */;
CREATE TABLE `tabmanager_dashboarduistate` (
  `id` int(11) NOT NULL AUTO_INCREMENT,
  `tab_id` int(11) NOT NULL,
  `widgets` longtext NOT NULL,
  PRIMARY KEY (`id`),
  KEY `tabmanager_dashboarduistate_b3fbb07e` (`tab_id`),
  CONSTRAINT `tab_id_refs_id_5a2bd28c1e74d52c` FOREIGN KEY (`tab_id`) REFERENCES `tabmanager_tab` (`id`)
) ENGINE=InnoDB AUTO_INCREMENT=2 DEFAULT CHARSET=latin1;
/*!40101 SET character_set_client = @saved_cs_client */;

--
-- Dumping data for table `tabmanager_dashboarduistate`
--

LOCK TABLES `tabmanager_dashboarduistate` WRITE;
/*!40000 ALTER TABLE `tabmanager_dashboarduistate` DISABLE KEYS */;
INSERT INTO `tabmanager_dashboarduistate` VALUES (1,1,'[{\"endpoint\": \"/ts/facet/\", \"uid\": \"5274ce5963a6d221af25ad7ec6791d1b\", \"viewName\": \"/search/\", \"ctx\": {\"numerics\": [], \"from\": \"-1h\", \"source_group\": \"\", \"order\": \"desc\", \"filters\": [], \"terms\": \"\", \"until\": \"now\"}, \"signal\": \"loadAllEvents\", \"description\": \"Overview of all events\", \"gridster\": {\"size_y\": 1, \"size_x\": 2, \"col\": 1, \"row\": 1}, \"charts\": {}, \"module\": \"standard\", \"tabId\": \"c1fa4a3dd383eaebbebf2c4275a862a5\", \"controls\": [{\"active\": true, \"text\": \"Last hour\", \"classes\": \"checked\", \"domId\": \"last-hour\"}, {\"text\": \"Last 24 hours\", \"domId\": \"last-24-hour\"}], \"imgsrc\": \"/media/images/dashboard_widget_thumbnails/all_events.png\", \"type\": \"all-events\", \"name\": \"All Events\"}, {\"endpoint\": \"/widgets/savedsearch/\", \"name\": \"Saved Searches\", \"viewName\": \"/search/\", \"gridster\": {\"size_y\": 1, \"size_x\": 1, \"col\": 1, \"row\": 2}, \"charts\": {}, \"module\": \"overview\", \"tabId\": \"c1fa4a3dd383eaebbebf2c4275a862a5\", \"controls\": [], \"imgsrc\": \"/media/images/dashboard_widget_thumbnails/saved_searches.png\", \"uid\": \"883e41e22bd6c76c7a9f523ffa16a29c\", \"type\": \"saved-search\", \"description\": \"All saved searches\"}, {\"endpoint\": \"/widgets/alerts/\", \"uid\": \"0e4e1e039532654b521feda428082dc0\", \"viewName\": \"/alerts/\", \"description\": \"All alerts\", \"gridster\": {\"size_y\": 1, \"size_x\": 1, \"col\": 2, \"row\": 2}, \"charts\": {}, \"module\": \"overview\", \"tabId\": \"c1fa4a3dd383eaebbebf2c4275a862a5\", \"controls\": [{\"active\": true, \"text\": \"Last 24 hours\"}], \"imgsrc\": \"/media/images/dashboard_widget_thumbnails/alerts.png\", \"type\": \"alerts\", \"name\": \"Alerts\"}, {\"endpoint\": \"/ts/facet/\", \"uid\": \"83d28bfbec896d30c7e29d6175791ef4\", \"viewName\": \"/search/\", \"gridster\": {\"size_y\": 1, \"size_x\": 2, \"col\": 1, \"row\": 3}, \"signal\": \"FieldValueWidgetSignal\", \"description\": \"Counts by Field\", \"ctx\": {\"numerics\": [], \"from\": \"-1h\", \"source_group\": \"\", \"fields\": \"_fnames.facet\", \"order\": \"desc\", \"filters\": [], \"terms\": \"\", \"facetSize\": 300, \"until\": \"now\"}, \"charts\": {}, \"module\": \"standard\", \"field\": \"syslog.host\", \"tabId\": \"c1fa4a3dd383eaebbebf2c4275a862a5\", \"controls\": [{\"active\": true, \"text\": \"Last hour\", \"classes\": \"checked\", \"domId\": \"last-hour\"}, {\"text\": \"Last 24 hours\", \"domId\": \"last-24-hour\"}], \"imgsrc\": \"/media/images/dashboard_widget_thumbnails/field_value_count.png\", \"type\": \"field-value\", \"name\": \"Top Values\"}]');
/*!40000 ALTER TABLE `tabmanager_dashboarduistate` ENABLE KEYS */;
UNLOCK TABLES;

--
-- Table structure for table `tabmanager_gridcolumn`
--

DROP TABLE IF EXISTS `tabmanager_gridcolumn`;
/*!40101 SET @saved_cs_client     = @@character_set_client */;
/*!40101 SET character_set_client = utf8 */;
CREATE TABLE `tabmanager_gridcolumn` (
  `id` int(11) NOT NULL AUTO_INCREMENT,
  `name` varchar(4096) NOT NULL,
  `search_ui_state_id` int(11) NOT NULL,
  `sort` varchar(8),
  `width` int(11),
  PRIMARY KEY (`id`),
  KEY `tabmanager_gridcolumn_6b702bfc` (`search_ui_state_id`),
  CONSTRAINT `search_ui_state_id_refs_id_6797356a6441d463` FOREIGN KEY (`search_ui_state_id`) REFERENCES `tabmanager_searchuistate` (`id`)
) ENGINE=InnoDB DEFAULT CHARSET=latin1;
/*!40101 SET character_set_client = @saved_cs_client */;

--
-- Dumping data for table `tabmanager_gridcolumn`
--

LOCK TABLES `tabmanager_gridcolumn` WRITE;
/*!40000 ALTER TABLE `tabmanager_gridcolumn` DISABLE KEYS */;
/*!40000 ALTER TABLE `tabmanager_gridcolumn` ENABLE KEYS */;
UNLOCK TABLES;

--
-- Table structure for table `tabmanager_searchuistate`
--

DROP TABLE IF EXISTS `tabmanager_searchuistate`;
/*!40101 SET @saved_cs_client     = @@character_set_client */;
/*!40101 SET character_set_client = utf8 */;
CREATE TABLE `tabmanager_searchuistate` (
  `id` int(11) NOT NULL AUTO_INCREMENT,
  `active_subtab` varchar(32) NOT NULL,
  `events_mode` varchar(32) NOT NULL,
  `events_tag` varchar(64) NOT NULL,
  `events_wrap` tinyint(1) NOT NULL,
  `facets_is_pinned` tinyint(1) NOT NULL,
  `is_dirty` tinyint(1) NOT NULL,
  `search_chart_height_current` int(11) NOT NULL,
  `search_chart_height_previous` int(11) NOT NULL,
  `tab_id` int(11) NOT NULL,
  `timestamp_column` tinyint(1) NOT NULL,
  `trends_mode` varchar(32) NOT NULL,
  `search_context_id` int(11) DEFAULT NULL,
  `search_context_comparable_id` int(11) DEFAULT NULL,
  `surround_id` varchar(200),
  `surround_interval` int(11),
  `surround_timestamp` bigint(20),
  `saved_search_id` varchar(200),
  `expanded_fields` longtext NOT NULL,
  `selected_field` varchar(4096) NOT NULL,
  PRIMARY KEY (`id`),
  UNIQUE KEY `tabmanager_searchuistate_tab_id_2ba7dbbfb2b96e26_uniq` (`tab_id`),
  UNIQUE KEY `tabmanager_s_search_context_comparable_id_515f4f4169637b7e_uniq` (`search_context_comparable_id`),
  UNIQUE KEY `tabmanager_searchuistat_search_context_id_146ac804bbeab07a_uniq` (`search_context_id`),
  KEY `tabmanager_searchuistate_b3fbb07e` (`tab_id`),
  KEY `tabmanager_searchuistate_4907df1e` (`search_context_id`),
  KEY `tabmanager_searchuistate_32983986` (`search_context_comparable_id`),
  CONSTRAINT `search_context_comparable_id_refs_id_1d25ecb966a89405` FOREIGN KEY (`search_context_comparable_id`) REFERENCES `savedsearch_searchcontext` (`id`),
  CONSTRAINT `search_context_id_refs_id_1d25ecb966a89405` FOREIGN KEY (`search_context_id`) REFERENCES `savedsearch_searchcontext` (`id`),
  CONSTRAINT `tab_id_refs_id_4f42ea52ded86023` FOREIGN KEY (`tab_id`) REFERENCES `tabmanager_tab` (`id`)
) ENGINE=InnoDB AUTO_INCREMENT=834 DEFAULT CHARSET=latin1;
/*!40101 SET character_set_client = @saved_cs_client */;

--
-- Dumping data for table `tabmanager_searchuistate`
--

LOCK TABLES `tabmanager_searchuistate` WRITE;
/*!40000 ALTER TABLE `tabmanager_searchuistate` DISABLE KEYS */;
INSERT INTO `tabmanager_searchuistate` VALUES (2,'events','collapse-all','',1,1,1,150,150,3,1,'pie',1612,1613,NULL,NULL,NULL,'4','{}','json.status'),(5,'events','collapse-all','',1,1,1,150,150,6,1,'pie',318,319,NULL,NULL,NULL,NULL,'{}',''),(7,'events','collapse-all','',1,1,1,150,150,8,1,'pie',325,326,NULL,NULL,NULL,'5','{}',''),(35,'events','collapse-all','',1,1,1,150,150,37,1,'pie',1055,1056,NULL,NULL,NULL,'6','{}',''),(36,'events','collapse-all','',1,1,0,150,150,38,1,'pie',1060,1061,NULL,NULL,NULL,'6','{}',''),(37,'events','collapse-all','',1,1,0,150,150,39,1,'pie',1065,1066,NULL,NULL,NULL,'7','{}',''),(38,'events','collapse-all','',1,1,0,150,150,40,1,'pie',1070,1071,NULL,NULL,NULL,'8','{}',''),(40,'events','collapse-all','',1,1,1,182,1,65,1,'pie',1103,1104,NULL,NULL,NULL,NULL,'{}',''),(41,'events','collapse-all','',1,1,0,182,1,66,1,'pie',1108,1109,NULL,NULL,NULL,'10','{}',''),(42,'events','collapse-all','',1,1,0,182,1,67,1,'pie',1112,1113,NULL,NULL,NULL,'11','{}',''),(43,'events','collapse-all','',1,1,0,182,1,68,1,'pie',1118,1119,NULL,NULL,NULL,'11','{}',''),(44,'events','collapse-all','',1,1,0,182,1,69,1,'pie',1123,1124,NULL,NULL,NULL,'12','{}',''),(45,'events','collapse-all','',1,1,0,182,1,70,1,'pie',1128,1129,NULL,NULL,NULL,'13','{}',''),(46,'events','collapse-all','',1,1,0,182,182,71,1,'pie',1171,1172,NULL,NULL,NULL,'14','{}',''),(47,'events','collapse-all','',1,1,0,182,182,72,1,'pie',1176,1177,NULL,NULL,NULL,'15','{}',''),(48,'events','collapse-all','',1,1,0,182,182,73,1,'pie',1181,1182,NULL,NULL,NULL,'16','{}',''),(49,'events','collapse-all','',1,1,0,182,182,74,1,'pie',1186,1187,NULL,NULL,NULL,'17','{}',''),(66,'events','collapse-all','',1,1,0,182,1,91,1,'pie',1619,1620,NULL,NULL,NULL,'14','{}',''),(120,'events','collapse-all','',1,1,1,150,150,146,1,'pie',2735,2736,NULL,NULL,NULL,NULL,'{}',''),(121,'events','collapse-all','',1,1,0,150,150,147,1,'pie',2740,2741,NULL,NULL,NULL,'22','{}',''),(122,'events','collapse-all','',1,1,1,150,150,148,1,'pie',2745,2746,NULL,NULL,NULL,NULL,'{}',''),(123,'events','collapse-all','',1,1,0,150,150,149,1,'pie',2748,2749,NULL,NULL,NULL,'24','{}',''),(124,'events','collapse-all','',1,1,0,150,150,150,1,'pie',2751,2752,NULL,NULL,NULL,'25','{}',''),(125,'events','collapse-all','',1,1,0,150,150,151,1,'pie',2754,2755,NULL,NULL,NULL,'26','{}',''),(126,'events','collapse-all','',1,1,1,150,150,152,1,'pie',2801,2802,NULL,NULL,NULL,NULL,'{}',''),(128,'events','collapse-all','',1,1,1,150,150,154,1,'pie',3058,3059,NULL,NULL,NULL,NULL,'{}',''),(129,'events','collapse-all','',1,1,1,150,150,155,1,'pie',3485,3486,NULL,NULL,NULL,'29','{}',''),(130,'events','collapse-all','',1,1,0,150,150,156,1,'pie',3492,3493,NULL,NULL,NULL,'30','{}',''),(131,'events','collapse-all','',1,1,0,150,150,157,1,'pie',3554,3555,NULL,NULL,NULL,'31','{}',''),(132,'events','collapse-all','',1,1,1,150,150,158,1,'pie',3577,3578,NULL,NULL,NULL,'32','{}',''),(133,'events','collapse-all','',1,1,0,150,150,159,1,'pie',3584,3585,NULL,NULL,NULL,'33','{}',''),(134,'events','collapse-all','',1,1,0,150,150,160,1,'pie',3587,3588,NULL,NULL,NULL,'33','{}',''),(135,'events','collapse-all','',1,1,1,150,150,161,1,'pie',3694,3695,NULL,NULL,NULL,'33','{}',''),(136,'events','collapse-all','',1,1,0,150,150,162,1,'pie',3827,3828,NULL,NULL,NULL,'33','{}',''),(137,'events','collapse-all','',1,1,0,150,150,163,1,'pie',3839,3840,NULL,NULL,NULL,'34','{}',''),(138,'events','collapse-all','',1,1,0,150,150,164,1,'pie',3846,3847,NULL,NULL,NULL,'35','{}',''),(139,'events','collapse-all','',1,1,0,150,150,165,1,'pie',3853,3854,NULL,NULL,NULL,'36','{}',''),(140,'events','collapse-all','',1,1,0,150,150,166,1,'pie',3860,3861,NULL,NULL,NULL,'37','{}',''),(141,'events','collapse-all','',1,1,1,150,150,167,1,'pie',3872,3873,NULL,NULL,NULL,NULL,'{}',''),(142,'events','collapse-all','',1,1,0,150,150,168,1,'pie',3879,3880,NULL,NULL,NULL,'39','{}',''),(143,'events','collapse-all','',1,1,0,150,150,169,1,'pie',3886,3887,NULL,NULL,NULL,'40','{}',''),(144,'events','collapse-all','',1,1,1,150,150,170,1,'pie',3893,3894,NULL,NULL,NULL,'41','{}',''),(145,'events','collapse-all','',1,1,0,150,150,171,1,'pie',3900,3901,NULL,NULL,NULL,'42','{}',''),(146,'events','collapse-all','',1,1,0,150,150,172,1,'pie',3912,3913,NULL,NULL,NULL,'43','{}',''),(147,'events','collapse-all','',1,1,0,150,150,173,1,'pie',3976,3977,NULL,NULL,NULL,'44','{}',''),(148,'events','collapse-all','',1,1,0,150,150,174,1,'pie',3989,3990,NULL,NULL,NULL,'45','{}',''),(149,'events','collapse-all','',1,1,0,150,150,175,1,'pie',3996,3997,NULL,NULL,NULL,'46','{}',''),(150,'events','collapse-all','',1,1,0,150,150,176,1,'pie',4003,4004,NULL,NULL,NULL,'47','{}',''),(151,'events','collapse-all','',1,1,0,150,150,177,1,'pie',4010,4011,NULL,NULL,NULL,'48','{}',''),(152,'events','collapse-all','',1,1,0,-142,150,178,1,'pie',4045,4046,NULL,NULL,NULL,'49','{}',''),(153,'events','collapse-all','',1,1,0,-59,-142,179,1,'pie',4072,4073,NULL,NULL,NULL,'50','{}',''),(161,'events','collapse-all','',1,1,1,150,150,187,1,'pie',4121,4122,NULL,NULL,NULL,'38','{}',''),(163,'events','collapse-all','',1,1,1,150,150,189,1,'pie',4132,4133,NULL,NULL,NULL,'38','{}',''),(164,'events','collapse-all','',1,1,1,150,150,190,1,'pie',4206,4207,NULL,NULL,NULL,'53','{}',''),(165,'events','collapse-all','',1,1,0,150,150,191,1,'pie',4215,4216,NULL,NULL,NULL,'54','{}',''),(166,'events','collapse-all','',1,1,0,150,150,192,1,'pie',4218,4219,NULL,NULL,NULL,'54','{}',''),(458,'events','collapse-all','',1,1,0,150,150,484,1,'pie',12021,12022,NULL,NULL,NULL,NULL,'{}',''),(818,'events','collapse-all','',1,1,0,150,150,844,1,'pie',16009,16010,NULL,NULL,NULL,NULL,'{}',''),(833,'events','collapse-all','',1,1,1,150,150,859,1,'pie',16011,16012,NULL,NULL,NULL,NULL,'{}','');
/*!40000 ALTER TABLE `tabmanager_searchuistate` ENABLE KEYS */;
UNLOCK TABLES;

--
-- Table structure for table `tabmanager_tab`
--

DROP TABLE IF EXISTS `tabmanager_tab`;
/*!40101 SET @saved_cs_client     = @@character_set_client */;
/*!40101 SET character_set_client = utf8 */;
CREATE TABLE `tabmanager_tab` (
  `id` int(11) NOT NULL AUTO_INCREMENT,
  `active` tinyint(1) NOT NULL,
  `name` varchar(256) NOT NULL,
  `profile_id` int(11) NOT NULL,
  `tab_type` varchar(32) NOT NULL,
  `uid` varchar(64),
  PRIMARY KEY (`id`),
  UNIQUE KEY `tabmanager_tab_profile_id_3a2f7230a18ac540_uniq` (`profile_id`,`uid`),
  KEY `tabmanager_tab_141c6eec` (`profile_id`),
  CONSTRAINT `profile_id_refs_id_1a78524a2cb6f83f` FOREIGN KEY (`profile_id`) REFERENCES `profile_profile` (`id`)
) ENGINE=InnoDB AUTO_INCREMENT=860 DEFAULT CHARSET=latin1;
/*!40101 SET character_set_client = @saved_cs_client */;

--
-- Dumping data for table `tabmanager_tab`
--

LOCK TABLES `tabmanager_tab` WRITE;
/*!40000 ALTER TABLE `tabmanager_tab` DISABLE KEYS */;
INSERT INTO `tabmanager_tab` VALUES (1,1,'Summary',7,'default','c1fa4a3dd383eaebbebf2c4275a862a5'),(3,0,'hostSearch',7,'search',NULL),(6,0,'Default',7,'search',NULL),(8,0,'10 mins',7,'search',NULL),(37,0,'yesterday',7,'search',NULL),(38,0,'test1',7,'search',NULL),(39,0,'test2',7,'search',NULL),(40,0,'test3',7,'search',NULL),(65,0,'Default',7,'search',NULL),(66,0,'test11',7,'search',NULL),(67,0,'test12',7,'search',NULL),(68,0,'test12',7,'search',NULL),(69,0,'test14',7,'search',NULL),(70,0,'test15',7,'search',NULL),(71,0,'test16',7,'search',NULL),(72,0,'test25',7,'search',NULL),(73,0,'test26',7,'search',NULL),(74,0,'test27',7,'search',NULL),(91,0,'test16',7,'search',NULL),(146,0,'Tab 3',7,'search',NULL),(147,0,'testsept',7,'search',NULL),(148,0,'',7,'search',NULL),(149,0,'testsept2',7,'search',NULL),(150,0,'sept1',7,'search',NULL),(151,0,'sept2',7,'search',NULL),(152,0,'Tab 3',7,'search',NULL),(154,0,'Tab 2',7,'search',NULL),(155,0,'asd1',7,'search',NULL),(156,0,'asd2',7,'search',NULL),(157,0,'asd3',7,'search',NULL),(158,0,'asd4',7,'search',NULL),(159,0,'asd6',7,'search',NULL),(160,0,'asd6',7,'search',NULL),(161,0,'asd6',7,'search',NULL),(162,0,'asd6',7,'search',NULL),(163,0,'asd9',7,'search',NULL),(164,0,'asd10',7,'search',NULL),(165,0,'asd11',7,'search',NULL),(166,0,'asd12',7,'search',NULL),(167,0,'Tab 2',7,'search',NULL),(168,0,'as1',7,'search',NULL),(169,0,'as2',7,'search',NULL),(170,0,'as4',7,'search',NULL),(171,0,'as5',7,'search',NULL),(172,0,'as6',7,'search',NULL),(173,0,'as7',7,'search',NULL),(174,0,'az1',7,'search',NULL),(175,0,'az2',7,'search',NULL),(176,0,'asasa',7,'search',NULL),(177,0,'ssdsf',7,'search',NULL),(178,0,'sasas',7,'search',NULL),(179,0,'ghgjgh',7,'search',NULL),(187,0,'asd14',7,'search',NULL),(189,0,'asd14',7,'search',NULL),(190,0,'az12',7,'search',NULL),(191,0,'asas',7,'search',NULL),(192,0,'asas',7,'search',NULL),(484,1,'Default',8,'search','1a2879f614e43b2148959b07148afe2b'),(844,0,'Default',7,'search','f3848acac27c4e835300238f7c8d85dc'),(859,1,'Tab 2',7,'search','44cc95f8ef27fdfbd4d6547e2592ab4c');
/*!40000 ALTER TABLE `tabmanager_tab` ENABLE KEYS */;
UNLOCK TABLES;
/*!40103 SET TIME_ZONE=@OLD_TIME_ZONE */;

/*!40101 SET SQL_MODE=@OLD_SQL_MODE */;
/*!40014 SET FOREIGN_KEY_CHECKS=@OLD_FOREIGN_KEY_CHECKS */;
/*!40014 SET UNIQUE_CHECKS=@OLD_UNIQUE_CHECKS */;
/*!40101 SET CHARACTER_SET_CLIENT=@OLD_CHARACTER_SET_CLIENT */;
/*!40101 SET CHARACTER_SET_RESULTS=@OLD_CHARACTER_SET_RESULTS */;
/*!40101 SET COLLATION_CONNECTION=@OLD_COLLATION_CONNECTION */;
/*!40111 SET SQL_NOTES=@OLD_SQL_NOTES */;

-- Dump completed on 2015-12-13 11:51:25
